collection,cols,content,cpu_per_frame_us,cpu_us,detail,elapsed_us,family,frame_mean,frame_p50,frame_p95,frame_p99,frames,hash,height,kind,mask,maxrss_kb,minflt,nivcsw,nvcsw,nvcsw_per_frame,order,period,pin,repetition,rows,runqueue_ns,runtime_ns,slices,timestamp,trace_0,trace_1,trace_2,trace_3,trace_4,trace_5,trace_6,trace_7,u,u_runqueue_ns,u_runtime_ns,u_slices,usm_effective,usm_mean,usm_p50,usm_p95,usm_p99,utrace_0,utrace_1,utrace_2,utrace_3,utrace_4,utrace_5,utrace_6,utrace_7,width,workers,z,z_runqueue_ns,z_runtime_ns,z_slices,zimg_effective,zimg_mean,zimg_p50,zimg_p95,zimg_p99,ztrace_0,ztrace_1,ztrace_2,ztrace_3,ztrace_4,ztrace_5,ztrace_6,ztrace_7
baseline,1,1,7664.402166503906,15696695.637,0,5368900.348022,zimg,2621.116224,2610.518005,2752.394043,2982.741028,2048,05abdee009949698,2160,pipeline,all,42716,76,435,34485,16.83837890625,0,0,1,0,2,,,,1788810836.5706131,,,,,,,,,12,0,0,0,12,391.333767,422.208984,445.424988,462.096985,0.0,0.0,0.0,0.0,0.0,0.0,0.0,0.0,3840,,2,0,0,0,2,2229.782456,2212.184998,2354.059998,2565.070007,0.0,0.0,0.0,0.0,0.0,0.0,0.0,0.0
baseline,1,1,1799.4263383789062,3685225.141,0,579274.400024,placement,282.688434,278.630981,313.018005,374.015991,2048,83dfe3596d415d15,1080,pipeline,local8,15480,76,1240,77905,38.03955078125,1,0,1,0,8,,,,1788810837.205404,,,,,,,,,16,0,0,0,16,118.173236,116.415955,141.304016,174.138,0.0,0.0,0.0,0.0,0.0,0.0,0.0,0.0,1920,,8,0,0,0,8,164.515198,161.373047,175.299988,209.576965,0.0,0.0,0.0,0.0,0.0,0.0,0.0,0.0
baseline,1,1,1048.9493916015624,2148248.354,0,458713.91803,zimg,223.790284,206.802002,277.609009,294.091003,2048,78444727a6ea1325,720,pipeline,all,15212,76,284,40936,19.98828125,2,0,1,0,4,,,,1788810837.7101555,,,,,,,,,12,0,0,0,12,55.791076,45.98999,87.519958,94.924011,0.0,0.0,0.0,0.0,0.0,0.0,0.0,0.0,1280,,4,0,0,0,4,167.999208,160.560974,191.60199,201.712036,0.0,0.0,0.0,0.0,0.0,0.0,0.0,0.0
baseline,1,1,2547.9383466796876,5218177.734,0,800964.128967,placement,390.883377,367.664001,403.382996,876.781982,2048,83dfe3596d415d15,1080,pipeline,physical,15272,76,1195,70456,34.40234375,3,0,1,0,8,,,,1788810838.5773938,,,,,,,,,16,0,0,0,16,149.734929,149.369995,166.231995,213.754944,0.0,0.0,0.0,0.0,0.0,0.0,0.0,0.0,1920,,8,0,0,0,8,241.148447,217.913025,234.955994,578.963989,0.0,0.0,0.0,0.0,0.0,0.0,0.0,0.0
baseline,1,1,2613.397005859375,5352237.068,0,594466.584961,pin,290.005203,288.690002,307.255981,358.005005,2048,5a2bef157e634ce9,1080,pipeline,all,16044,76,238,59502,29.0537109375,4,0,0,0,12,,,,1788810839.2307518,,,,,,,,,12,0,0,0,12,90.514639,89.213013,98.330994,112.528992,0.0,0.0,0.0,0.0,0.0,0.0,0.0,0.0,1920,,12,0,0,0,12,199.490563,199.527039,212.132019,241.359009,0.0,0.0,0.0,0.0,0.0,0.0,0.0,0.0
baseline,1,1,4437.6069296875,9088218.992,0,623559.057007,pin,304.232865,302.437988,364.437988,401.088989,2048,635eaa6dbdb99686,1080,pipeline,all,16724,76,5404,233839,114.17919921875,5,0,0,0,32,,,,1788810839.9345326,,,,,,,,,32,0,0,0,32,124.754582,123.169006,151.744019,176.502991,0.0,0.0,0.0,0.0,0.0,0.0,0.0,0.0,1920,,32,0,0,0,32,179.478283,180.83197,219.737,244.03302,0.0,0.0,0.0,0.0,0.0,0.0,0.0,0.0
baseline,1,1,2680.1625732421876,5488972.95,0,550849.475037,zimg,268.739193,263.372009,290.263977,484.04895,2048,b3fd9e69d41b7f75,1080,pipeline,all,15212,76,147,78464,38.3125,6,0,1,0,16,,,,1788810840.5448704,,,,,,,,,12,0,0,0,12,112.055621,112.828979,123.278992,129.261047,0.0,0.0,0.0,0.0,0.0,0.0,0.0,0.0,1920,,16,0,0,0,16,156.683572,150.080994,167.004028,334.29895,0.0,0.0,0.0,0.0,0.0,0.0,0.0,0.0
baseline,1,1,1720.4884624023437,3523560.371,0,614159.187012,placement,299.667305,293.640015,334.800049,389.395996,2048,83dfe3596d415d15,1080,pipeline,local8,15456,76,196,37758,18.4365234375,7,0,1,0,8,,,,1788810841.2159739,,,,,,,,,8,0,0,0,8,131.745278,131.143982,140.112,147.756042,0.0,0.0,0.0,0.0,0.0,0.0,0.0,0.0,1920,,8,0,0,0,8,167.922027,161.973999,198.255005,242.952026,0.0,0.0,0.0,0.0,0.0,0.0,0.0,0.0
baseline,1,1,14139.801515136718,28958313.503,0,1690366.344971,zimg,825.001463,812.447021,1009.339966,1455.515991,2048,fdac8dfb663bdd5e,2160,pipeline,all,47280,76,946,141478,69.0810546875,8,0,1,0,32,,,,1788810843.0945964,,,,,,,,,12,0,0,0,12,367.61347,379.106018,450.294006,494.188965,0.0,0.0,0.0,0.0,0.0,0.0,0.0,0.0,3840,,32,0,0,0,32,457.387993,430.434998,579.995972,1122.348999,0.0,0.0,0.0,0.0,0.0,0.0,0.0,0.0
baseline,1,1,1715.3129174804687,3512960.855,0,609967.860046,placement,297.604796,293.349976,323.988037,358.546021,2048,83dfe3596d415d15,1080,pipeline,physical,15256,76,165,37857,18.48486328125,9,0,1,0,8,,,,1788810843.7646444,,,,,,,,,8,0,0,0,8,131.378871,130.664001,138.027954,145.531982,0.0,0.0,0.0,0.0,0.0,0.0,0.0,0.0,1920,,8,0,0,0,8,166.225925,162.255005,192.493042,214.846985,0.0,0.0,0.0,0.0,0.0,0.0,0.0,0.0
baseline,1,1,1972.9301928710938,4040561.035,0,733161.593994,placement,357.765919,350.751038,409.314026,489.69104,2048,83dfe3596d415d15,1080,pipeline,split8,15540,76,543,42146,20.5791015625,10,0,1,0,8,,,,1788810844.5643032,,,,,,,,,8,0,0,0,8,147.349847,145.002014,170.752014,214.055969,0.0,0.0,0.0,0.0,0.0,0.0,0.0,0.0,1920,,8,0,0,0,8,210.416073,205.428955,231.709961,307.837036,0.0,0.0,0.0,0.0,0.0,0.0,0.0,0.0
baseline,1,1,3808.056931640625,7798900.596,0,527458.373047,zimg,257.306693,243.453003,303.158997,613.240967,2048,635eaa6dbdb99686,1080,pipeline,all,16188,76,237,143189,69.91650390625,11,0,1,0,32,,,,1788810845.1630864,,,,,,,,,12,0,0,0,12,102.403089,103.851013,118.27002,128.579956,0.0,0.0,0.0,0.0,0.0,0.0,0.0,0.0,1920,,64,0,0,0,32,154.903604,138.479004,186.190979,499.619995,0.0,0.0,0.0,0.0,0.0,0.0,0.0,0.0
baseline,1,1,5105.743421875,10456562.528,0,693360.862,balanced,338.325401,308.068054,407.820984,1002.46698,2048,635eaa6dbdb99686,1080,pipeline,all,17464,76,3981,386174,188.5615234375,12,0,1,0,32,,,,1788810845.9347334,,,,,,,,,64,0,0,0,64,180.834111,175.962036,210.549011,247.770996,0.0,0.0,0.0,0.0,0.0,0.0,0.0,0.0,1920,,64,0,0,0,32,157.49129,130.945007,204.116028,706.692017,0.0,0.0,0.0,0.0,0.0,0.0,0.0,0.0
baseline,1,1,2403.9552836914063,4923300.421,0,544186.739014,usm,265.470926,246.138,300.553955,654.089966,2048,5a2bef157e634ce9,1080,pipeline,all,15960,76,663,79584,38.859375,13,0,1,0,12,,,,1788810846.5369337,,,,,,,,,16,0,0,0,16,95.612363,91.788025,119.522034,146.734985,0.0,0.0,0.0,0.0,0.0,0.0,0.0,0.0,1920,,12,0,0,0,12,169.858563,152.936951,183.70697,493.929016,0.0,0.0,0.0,0.0,0.0,0.0,0.0,0.0
baseline,1,1,1947.1213217773438,3987704.467,0,414294.420044,usm,202.098701,193.726013,232.862,324.47998,2048,78444727a6ea1325,720,pipeline,all,15212,76,2991,232210,113.3837890625,14,0,1,0,12,,,,1788810847.0013301,,,,,,,,,48,0,0,0,48,116.012581,112.407959,137.72699,185.339966,0.0,0.0,0.0,0.0,0.0,0.0,0.0,0.0,1280,,12,0,0,0,12,86.08612,80.366028,97.98999,166.263,0.0,0.0,0.0,0.0,0.0,0.0,0.0,0.0
baseline,1,1,7826.617806640625,16028913.268,0,9692883.912964,zimg,4732.471371,4712.138,4885.184021,5119.688965,2048,05abdee009949698,2160,pipeline,all,42280,76,666,28096,13.71875,15,0,1,0,1,,,,1788810857.3610897,,,,,,,,,12,0,0,0,12,415.666467,428.070984,443.471008,490.071045,0.0,0.0,0.0,0.0,0.0,0.0,0.0,0.0,3840,,1,0,0,0,1,4316.804904,4292.994995,4462.283997,4644.265991,0.0,0.0,0.0,0.0,0.0,0.0,0.0,0.0
baseline,1,1,1610.2472626953124,3297786.394,0,269398.742004,zimg,131.312446,123.630005,145.10199,261.878052,2048,cfdb256cfd47aa5f,720,pipeline,all,15212,76,256,106208,51.859375,16,0,1,0,24,,,,1788810857.6703322,,,,,,,,,12,0,0,0,12,49.363575,48.764954,57.281982,66.438965,0.0,0.0,0.0,0.0,0.0,0.0,0.0,0.0,1280,,24,0,0,0,24,81.948871,75.367004,89.723999,208.63501,0.0,0.0,0.0,0.0,0.0,0.0,0.0,0.0
baseline,1,1,1879.889693359375,3850014.092,0,282537.901978,zimg,137.723316,131.125,159.109009,299.481995,2048,f580ef0be18fd8ea,720,pipeline,all,15212,76,154,144375,70.49560546875,17,0,1,0,32,,,,1788810858.0016963,,,,,,,,,12,0,0,0,12,50.667909,50.989014,58.04303,65.325989,0.0,0.0,0.0,0.0,0.0,0.0,0.0,0.0,1280,,64,0,0,0,32,87.055407,80.05603,104.882996,242.291016,0.0,0.0,0.0,0.0,0.0,0.0,0.0,0.0
baseline,1,1,1934.4383466796876,3961729.734,0,979009.432983,placement,477.793405,470.874023,534.427002,947.218994,2048,83dfe3596d415d15,1080,pipeline,split8,15212,76,150,29912,14.60546875,18,0,1,0,8,,,,1788810859.0464697,,,,,,,,,4,0,0,0,4,247.6479,255.595947,289.722961,386.539978,0.0,0.0,0.0,0.0,0.0,0.0,0.0,0.0,1920,,8,0,0,0,8,230.145505,214.546021,250.294983,449.521973,0.0,0.0,0.0,0.0,0.0,0.0,0.0,0.0
baseline,1,1,8318.587524902343,17036467.251,0,1629210.281006,usm,795.157267,776.317993,896.100037,1094.133972,2048,c72f5b5d2a6053ea,2160,pipeline,all,45540,76,546,77166,37.6787109375,19,0,1,0,12,,,,1788810860.847995,,,,,,,,,16,0,0,0,16,279.403103,271.447021,332.60498,372.07196,0.0,0.0,0.0,0.0,0.0,0.0,0.0,0.0,3840,,12,0,0,0,12,515.754163,502.244995,581.539001,752.130005,0.0,0.0,0.0,0.0,0.0,0.0,0.0,0.0
baseline,1,1,11069.123413574218,22669564.751,0,1558862.424011,zimg,760.814932,750.647034,854.900024,1183.156982,2048,45f54a827efea2f4,2160,pipeline,all,47640,76,580,104020,50.791015625,20,0,1,0,24,,,,1788810862.5940094,,,,,,,,,12,0,0,0,12,312.726108,326.213013,368.856018,385.890015,0.0,0.0,0.0,0.0,0.0,0.0,0.0,0.0,3840,,24,0,0,0,24,448.088824,431.266968,513.386963,857.835999,0.0,0.0,0.0,0.0,0.0,0.0,0.0,0.0
baseline,1,1,7068.579200195312,14476450.202,0,2185519.773987,usm,1066.847084,1037.564026,1213.786987,1439.534973,2048,c72f5b5d2a6053ea,2160,pipeline,all,44848,76,364,40040,19.55078125,21,0,1,0,12,,,,1788810864.993734,,,,,,,,,4,0,0,0,4,547.015419,530.710022,621.707031,835.652039,0.0,0.0,0.0,0.0,0.0,0.0,0.0,0.0,3840,,12,0,0,0,12,519.831665,504.780029,592.721008,739.827026,0.0,0.0,0.0,0.0,0.0,0.0,0.0,0.0
baseline,1,1,3599.6633090820314,7372110.457,0,483793.567993,zimg,236.008923,223.783997,290.444031,613.971985,2048,635eaa6dbdb99686,1080,pipeline,all,16496,76,274,142804,69.728515625,22,0,1,0,32,,,,1788810865.5511758,,,,,,,,,12,0,0,0,12,91.281798,95.324951,111.397034,118.589966,0.0,0.0,0.0,0.0,0.0,0.0,0.0,0.0,1920,,48,0,0,0,32,144.727125,128.940002,190.830994,521.152039,0.0,0.0,0.0,0.0,0.0,0.0,0.0,0.0
baseline,1,1,2369.977403808594,4853713.723,0,471288.189026,usm,229.940964,221.130005,266.267029,388.03302,2048,78444727a6ea1325,720,pipeline,all,15212,76,3764,310562,151.6416015625,23,0,1,0,12,,,,1788810866.0682883,,,,,,,,,64,0,0,0,64,143.826101,140.963989,166.824036,202.393005,0.0,0.0,0.0,0.0,0.0,0.0,0.0,0.0,1280,,12,0,0,0,12,86.114863,79.534973,99.132996,221.840027,0.0,0.0,0.0,0.0,0.0,0.0,0.0,0.0
baseline,4,1,1318.5244384765624,2700338.05,0,241434.161011,wide,117.667315,106.677002,149.901001,379.786987,2048,a4d8acbe80c9d6cb,128,pipeline,all,15212,76,127,145092,70.845703125,24,0,1,0,8,,,,1788810866.3488746,,,,,,,,,12,0,0,0,12,40.792313,40.086975,45.478027,55.898987,0.0,0.0,0.0,0.0,0.0,0.0,0.0,0.0,4096,,32,0,0,0,32,76.875002,66.388977,107.508972,336.864014,0.0,0.0,0.0,0.0,0.0,0.0,0.0,0.0
baseline,1,1,6930.153650878906,14192954.677,0,3168341.514954,usm,1546.690638,1526.93396,1654.180969,2065.088989,2048,c72f5b5d2a6053ea,2160,pipeline,all,44180,76,208,36642,17.8916015625,25,0,1,0,12,,,,1788810869.7762446,,,,,,,,,2,0,0,0,2,1025.544794,1016.723999,1101.468994,1179.94104,0.0,0.0,0.0,0.0,0.0,0.0,0.0,0.0,3840,,12,0,0,0,12,521.145843,494.5,592.559998,1008.507996,0.0,0.0,0.0,0.0,0.0,0.0,0.0,0.0
baseline,1,1,4679.253313964844,9583110.787,0,552937.105957,balanced,269.761809,252.680054,329.789978,648.098022,2048,635eaa6dbdb99686,1080,pipeline,all,16724,76,1205,225687,110.19873046875,26,0,1,0,32,,,,1788810870.4029555,,,,,,,,,32,0,0,0,32,122.061629,120.544006,145.752991,158.057007,0.0,0.0,0.0,0.0,0.0,0.0,0.0,0.0,1920,,32,0,0,0,32,147.70018,131.454956,197.804016,513.72699,0.0,0.0,0.0,0.0,0.0,0.0,0.0,0.0
baseline,1,1,3894.754892578125,7976458.02,0,542587.782959,zimg,264.686975,252.349976,311.875977,626.116028,2048,635eaa6dbdb99686,1080,pipeline,all,16212,76,686,142521,69.59033203125,27,0,1,0,32,,,,1788810871.0174208,,,,,,,,,12,0,0,0,12,104.915042,106.326965,123.990967,132.03595,0.0,0.0,0.0,0.0,0.0,0.0,0.0,0.0,1920,,32,0,0,0,32,159.771933,146.755005,195.47998,515.771973,0.0,0.0,0.0,0.0,0.0,0.0,0.0,0.0
baseline,1,1,1783.4809868164064,3652569.061,0,679212.802979,placement,331.421359,325.231995,415.867004,472.096008,2048,83dfe3596d415d15,1080,pipeline,physical,15212,76,144,28869,14.09619140625,28,0,1,0,8,,,,1788810871.7737608,,,,,,,,,4,0,0,0,4,136.880844,134.260986,164.809998,179.578979,0.0,0.0,0.0,0.0,0.0,0.0,0.0,0.0,1920,,8,0,0,0,8,194.540515,189.64801,247.419983,313.138,0.0,0.0,0.0,0.0,0.0,0.0,0.0,0.0
baseline,1,1,2146.842830566406,4396734.117,0,851702.752014,placement,415.628784,378.254028,481.475037,2022.787964,2048,83dfe3596d415d15,1080,pipeline,split8,15228,76,2045,56861,27.76416015625,29,0,1,0,8,,,,1788810872.690902,,,,,,,,,12,0,0,0,12,151.374461,138.249023,200.158997,263.560974,0.0,0.0,0.0,0.0,0.0,0.0,0.0,0.0,1920,,8,0,0,0,8,264.254323,235.085999,289.240967,1289.955017,0.0,0.0,0.0,0.0,0.0,0.0,0.0,0.0
baseline,1,1,10589.286614257813,21686858.986,0,2182580.254028,usm,1065.394046,977.407959,1388.466003,3645.026001,2048,c72f5b5d2a6053ea,2160,pipeline,all,45536,76,3838,149469,72.98291015625,30,0,1,0,12,,,,1788810875.1076095,,,,,,,,,32,0,0,0,32,336.159621,326.453979,429.434021,514.588989,0.0,0.0,0.0,0.0,0.0,0.0,0.0,0.0,3840,,12,0,0,0,12,729.234425,650.281982,966.777039,3245.66095,0.0,0.0,0.0,0.0,0.0,0.0,0.0,0.0
baseline,1,1,9623.997765625,19709947.424,0,1974758.921021,zimg,963.809449,875.229004,1285.695984,3393.557983,2048,c3e70d98ebda112a,2160,pipeline,all,44956,76,751,78068,38.119140625,31,0,1,0,16,,,,1788810877.2781484,,,,,,,,,12,0,0,0,12,411.889478,394.176025,567.041016,687.195007,0.0,0.0,0.0,0.0,0.0,0.0,0.0,0.0,3840,,16,0,0,0,16,551.919971,470.794006,773.272034,2880.211975,0.0,0.0,0.0,0.0,0.0,0.0,0.0,0.0
baseline,1,1,2066.417455078125,4232022.948,0,924086.801025,usm,450.898298,429.723999,490.261047,750.386963,2048,5a2bef157e634ce9,1080,pipeline,all,15212,76,73,37997,18.55322265625,32,0,1,0,12,,,,1788810878.2908075,,,,,,,,,2,0,0,0,2,270.710033,267.247986,294.763,338.947998,0.0,0.0,0.0,0.0,0.0,0.0,0.0,0.0,1920,,12,0,0,0,12,180.188265,161.041992,191.101013,456.536011,0.0,0.0,0.0,0.0,0.0,0.0,0.0,0.0
baseline,2,1,791.5261870117188,1621045.631,0,216242.441956,wide,105.308728,94.723999,116.294983,256.217957,2048,a4d8acbe80c9d6cb,128,pipeline,all,15212,76,146,79344,38.7421875,33,0,1,0,8,,,,1788810878.5392923,,,,,,,,,12,0,0,0,12,42.584222,41.350037,52.722046,62.540955,0.0,0.0,0.0,0.0,0.0,0.0,0.0,0.0,4096,,16,0,0,0,16,62.724507,52.721985,64.755981,193.485962,0.0,0.0,0.0,0.0,0.0,0.0,0.0,0.0
baseline,1,1,2854.3834521484373,5845777.31,0,1494751.353027,placement,729.58385,443.059998,3016.216003,3705.934998,2048,83dfe3596d415d15,1080,pipeline,physical,15212,76,6098,142559,69.60888671875,34,0,1,0,8,,,,1788810880.1262636,,,,,,,,,32,0,0,0,32,220.102859,179.348999,260.024963,1451.14801,0.0,0.0,0.0,0.0,0.0,0.0,0.0,0.0,1920,,8,0,0,0,8,509.480991,258.161011,2739.268005,3410.60199,0.0,0.0,0.0,0.0,0.0,0.0,0.0,0.0
baseline,1,1,539.480025390625,1104855.092,0,181716.502014,wide,88.499254,85.876038,95.756042,154.430054,2048,a4d8acbe80c9d6cb,128,pipeline,all,15212,76,36,46555,22.73193359375,35,0,1,0,8,,,,1788810880.3439558,,,,,,,,,12,0,0,0,12,34.143958,33.164978,37.252014,46.960999,0.0,0.0,0.0,0.0,0.0,0.0,0.0,0.0,4096,,8,0,0,0,8,54.355295,52.622009,58.753967,103.22998,0.0,0.0,0.0,0.0,0.0,0.0,0.0,0.0
baseline,1,1,14242.63550048828,29168917.505,0,1843515.509033,zimg,899.763082,825.272034,1238.674988,3104.316956,2048,fdac8dfb663bdd5e,2160,pipeline,all,47272,76,1169,142206,69.4365234375,36,0,1,0,32,,,,1788810882.3864617,,,,,,,,,12,0,0,0,12,362.206827,374.546997,440.424988,478.559021,0.0,0.0,0.0,0.0,0.0,0.0,0.0,0.0,3840,,64,0,0,0,32,537.556255,442.398987,887.242004,2730.18103,0.0,0.0,0.0,0.0,0.0,0.0,0.0,0.0
baseline,1,1,1703.7391118164062,3489257.701,0,602556.146973,placement,293.997256,289.822998,318.338013,352.955017,2048,83dfe3596d415d15,1080,pipeline,local8,15304,76,113,28925,14.12353515625,37,0,1,0,8,,,,1788810883.0464509,,,,,,,,,4,0,0,0,4,127.554474,126.906006,134.480957,140.002014,0.0,0.0,0.0,0.0,0.0,0.0,0.0,0.0,1920,,8,0,0,0,8,166.442782,162.265015,188.445984,219.536987,0.0,0.0,0.0,0.0,0.0,0.0,0.0,0.0
baseline,1,1,15095.192859375,30914954.976,0,1857048.630981,zimg,906.394875,880.779968,1052.663025,1706.963989,2048,fdac8dfb663bdd5e,2160,pipeline,all,46916,76,1252,142328,69.49609375,38,0,1,0,32,,,,1788810885.110762,,,,,,,,,12,0,0,0,12,405.302825,405.90802,465.44397,538.755981,0.0,0.0,0.0,0.0,0.0,0.0,0.0,0.0,3840,,48,0,0,0,32,501.09205,468.920044,604.44397,1251.770996,0.0,0.0,0.0,0.0,0.0,0.0,0.0,0.0
baseline,2,1,702.0000053710937,1437696.011,0,204572.084961,wide,99.682241,98.281006,116.817017,156.153015,2048,02f0b8aa1ba5797b,128,pipeline,all,15212,76,73,63000,30.76171875,39,0,1,0,6,,,,1788810885.3479137,,,,,,,,,12,0,0,0,12,44.115991,44.094971,55.177002,62.130005,0.0,0.0,0.0,0.0,0.0,0.0,0.0,0.0,4096,,12,0,0,0,12,55.56625,53.204041,63.022034,105.004028,0.0,0.0,0.0,0.0,0.0,0.0,0.0,0.0
baseline,1,0,2323.763800292969,4759068.263,0,544629.286011,noise,265.717641,256.968994,293.849976,398.162964,2048,33cec3930f1b354b,1080,pipeline,all,16004,76,203,61765,30.15869140625,40,0,1,0,12,,,,1788810885.9513104,,,,,,,,,12,0,0,0,12,100.703775,99.903992,112.879028,127.015991,0.0,0.0,0.0,0.0,0.0,0.0,0.0,0.0,1920,,12,0,0,0,12,165.013867,156.513977,185.219971,278.049988,0.0,0.0,0.0,0.0,0.0,0.0,0.0,0.0
baseline,1,1,7583.574054199219,15531159.663,0,1968547.981018,zimg,960.694707,962.078003,1069.906982,1143.339966,2048,857e254922f14a70,2160,pipeline,all,43816,76,274,47749,23.31494140625,41,0,1,0,8,,,,1788810888.1289907,,,,,,,,,12,0,0,0,12,307.806986,307.787964,321.624023,367.914978,0.0,0.0,0.0,0.0,0.0,0.0,0.0,0.0,3840,,8,0,0,0,8,652.887721,652.937988,757.531006,821.223999,0.0,0.0,0.0,0.0,0.0,0.0,0.0,0.0
baseline,1,1,10975.003956054688,22476808.102,0,1850493.393982,usm,903.196908,884.487,1020.491943,1328.980957,2048,c72f5b5d2a6053ea,2160,pipeline,all,45812,76,12288,291043,142.11083984375,42,0,1,0,12,,,,1788810890.1619508,,,,,,,,,64,0,0,0,64,372.475983,366.632019,430.054993,475.272034,0.0,0.0,0.0,0.0,0.0,0.0,0.0,0.0,3840,,12,0,0,0,12,530.720926,514.31897,611.075989,867.414001,0.0,0.0,0.0,0.0,0.0,0.0,0.0,0.0
baseline,1,1,949.0455498046875,1943645.286,0,689006.505005,zimg,336.218227,333.077026,349.429016,398.674011,2048,78444727a6ea1325,720,pipeline,all,15212,76,52,34524,16.857421875,43,0,1,0,2,,,,1788810890.9157388,,,,,,,,,12,0,0,0,12,44.979189,44.366028,48.232971,56.470032,0.0,0.0,0.0,0.0,0.0,0.0,0.0,0.0,1280,,2,0,0,0,2,291.239038,287.809021,302.276978,346.912964,0.0,0.0,0.0,0.0,0.0,0.0,0.0,0.0
baseline,1,1,2091.280730957031,4282942.937,0,566107.584961,usm,276.177817,276.375977,307.967957,414.986023,2048,5a2bef157e634ce9,1080,pipeline,all,15992,76,234,51291,25.04443359375,44,0,1,0,12,,,,1788810891.5438943,,,,,,,,,8,0,0,0,8,113.758809,121.115051,132.546997,140.703003,0.0,0.0,0.0,0.0,0.0,0.0,0.0,0.0,1920,,12,0,0,0,12,162.419008,156.734009,179.428955,287.588013,0.0,0.0,0.0,0.0,0.0,0.0,0.0,0.0
baseline,1,0,4641.440708007813,9505670.57,0,549724.80896,noise,268.172894,254.974976,318.527954,631.034973,2048,abeca2e4aab3b4a6,1080,pipeline,all,16476,76,1275,226541,110.61572265625,45,0,1,0,32,,,,1788810892.169988,,,,,,,,,32,0,0,0,32,123.982239,123.018005,147.126038,169.649963,0.0,0.0,0.0,0.0,0.0,0.0,0.0,0.0,1920,,32,0,0,0,32,144.190655,131.304993,174.968994,478.869995,0.0,0.0,0.0,0.0,0.0,0.0,0.0,0.0
baseline,1,1,1959.8632841796875,4013800.006,0,301900.972961,zimg,147.184995,138.638977,176.563049,355.731018,2048,f580ef0be18fd8ea,720,pipeline,all,15212,76,148,143691,70.16162109375,46,0,1,0,32,,,,1788810892.5220644,,,,,,,,,12,0,0,0,12,55.157533,53.934998,62.320984,71.778992,0.0,0.0,0.0,0.0,0.0,0.0,0.0,0.0,1280,,48,0,0,0,32,92.027462,83.742981,116.025024,272.158997,0.0,0.0,0.0,0.0,0.0,0.0,0.0,0.0
baseline,1,1,8170.58264453125,16733353.256,0,1777226.841003,zimg,867.444396,838.617981,943.802979,1638.380981,2048,c72f5b5d2a6053ea,2160,pipeline,all,44204,76,338,59255,28.93310546875,47,0,1,0,12,,,,1788810894.486519,,,,,,,,,12,0,0,0,12,340.472686,335.031006,368.846008,530.049011,0.0,0.0,0.0,0.0,0.0,0.0,0.0,0.0,3840,,12,0,0,0,12,526.97171,503.427002,583.552979,1093.984009,0.0,0.0,0.0,0.0,0.0,0.0,0.0,0.0
baseline,1,1,1919.133587890625,3930385.588,0,294139.966003,zimg,143.40813,133.31897,163.497009,347.424988,2048,f580ef0be18fd8ea,720,pipeline,all,15212,76,110,144346,70.4814453125,48,0,1,0,32,,,,1788810894.8237379,,,,,,,,,12,0,0,0,12,52.602645,52.312012,60.427002,66.31897,0.0,0.0,0.0,0.0,0.0,0.0,0.0,0.0,1280,,32,0,0,0,32,90.805485,80.836975,108.149963,280.004028,0.0,0.0,0.0,0.0,0.0,0.0,0.0,0.0
baseline,1,1,2106.1559755859375,4313407.438,0,837989.065979,placement,408.988747,347.203979,773.741943,1666.464966,2048,83dfe3596d415d15,1080,pipeline,split8,15472,76,2113,75892,37.056640625,49,0,1,0,8,,,,1788810895.7263055,,,,,,,,,16,0,0,0,16,158.376037,141.895996,186.031006,423.872986,0.0,0.0,0.0,0.0,0.0,0.0,0.0,0.0,1920,,8,0,0,0,8,250.61271,203.916016,510.049988,1106.729004,0.0,0.0,0.0,0.0,0.0,0.0,0.0,0.0
baseline,1,1,1944.3596450195312,3982048.553,0,864049.469971,zimg,421.690066,417.600037,453.539978,509.187988,2048,b92327306272b2ac,1080,pipeline,all,15212,76,89,40710,19.8779296875,50,0,1,0,4,,,,1788810896.665052,,,,,,,,,12,0,0,0,12,87.670617,85.324951,99.723999,109.302002,0.0,0.0,0.0,0.0,0.0,0.0,0.0,0.0,1920,,4,0,0,0,4,334.019449,329.730042,358.105042,414.463989,0.0,0.0,0.0,0.0,0.0,0.0,0.0,0.0
baseline,1,1,946.763755859375,1938972.172,0,314527.96698,usm,153.40503,148.057007,168.707031,241.238953,2048,78444727a6ea1325,720,pipeline,all,15212,76,32,44517,21.73681640625,51,0,1,0,12,,,,1788810897.0116622,,,,,,,,,4,0,0,0,4,70.165403,68.763977,76.729004,107.108032,0.0,0.0,0.0,0.0,0.0,0.0,0.0,0.0,1280,,12,0,0,0,12,83.239627,78.742981,92.619995,168.287048,0.0,0.0,0.0,0.0,0.0,0.0,0.0,0.0
baseline,1,1,2484.474150390625,5088203.06,0,349320.825012,balanced,170.34905,157.955994,207.122009,476.014038,2048,f580ef0be18fd8ea,720,pipeline,all,15212,76,779,232981,113.76025390625,52,0,1,0,32,,,,1788810897.4076552,,,,,,,,,32,0,0,0,32,80.165595,78.842957,94.963989,107.518005,0.0,0.0,0.0,0.0,0.0,0.0,0.0,0.0,1280,,32,0,0,0,32,90.183454,78.923035,111.96698,386.27002,0.0,0.0,0.0,0.0,0.0,0.0,0.0,0.0
baseline,1,1,16102.877233398438,32978692.574,0,1663378.499023,balanced,811.866117,761.257996,996.975037,1754.155029,2048,fdac8dfb663bdd5e,2160,pipeline,all,48604,76,9092,369308,180.326171875,53,0,1,0,32,,,,1788810899.2631533,,,,,,,,,64,0,0,0,64,373.517921,368.695984,438.200989,489.640991,0.0,0.0,0.0,0.0,0.0,0.0,0.0,0.0,3840,,64,0,0,0,32,438.348196,388.784973,579.475037,1320.453003,0.0,0.0,0.0,0.0,0.0,0.0,0.0,0.0
baseline,1,1,927.3538579101562,1899220.701,0,1232153.542053,zimg,601.410298,596.427979,634.853027,684.718994,2048,78444727a6ea1325,720,pipeline,all,15212,76,95,28953,14.13720703125,54,0,1,0,1,,,,1788810900.5961926,,,,,,,,,12,0,0,0,12,45.810148,43.984985,55.667969,67.580994,0.0,0.0,0.0,0.0,0.0,0.0,0.0,0.0,1280,,1,0,0,0,1,555.60015,552.421997,582.611023,617.007019,0.0,0.0,0.0,0.0,0.0,0.0,0.0,0.0
baseline,4,1,1303.4375986328125,2669440.202,0,233317.531982,wide,113.699154,106.877014,135.52301,240.617004,2048,a4d8acbe80c9d6cb,128,pipeline,all,15212,76,213,146016,71.296875,55,0,1,0,8,,,,1788810900.865664,,,,,,,,,12,0,0,0,12,42.895554,41.550964,52.713013,61.869995,0.0,0.0,0.0,0.0,0.0,0.0,0.0,0.0,4096,,64,0,0,0,32,70.8036,64.776001,87.129028,189.537964,0.0,0.0,0.0,0.0,0.0,0.0,0.0,0.0
baseline,1,1,1778.0863842773438,3641520.915,0,579970.827026,placement,282.961183,268.090027,330.312012,397.862,2048,83dfe3596d415d15,1080,pipeline,local8,15540,76,802,61203,29.88427734375,56,0,1,0,8,,,,1788810901.5023384,,,,,,,,,12,0,0,0,12,114.164636,103.159973,148.66803,184.888977,0.0,0.0,0.0,0.0,0.0,0.0,0.0,0.0,1920,,8,0,0,0,8,168.796547,161.994995,198.916016,237.992004,0.0,0.0,0.0,0.0,0.0,0.0,0.0,0.0
baseline,1,1,526.5749921875,1078425.584,0,238959.155029,wide,116.479632,113.440002,128.478943,146.274048,2048,a65e92c525618463,128,pipeline,all,15212,76,87,39682,19.3759765625,57,0,1,0,4,,,,1788810901.7759514,,,,,,,,,12,0,0,0,12,35.025878,33.846008,38.434021,49.32605,0.0,0.0,0.0,0.0,0.0,0.0,0.0,0.0,4096,,4,0,0,0,4,81.453755,79.363953,92.229004,99.973999,0.0,0.0,0.0,0.0,0.0,0.0,0.0,0.0
baseline,1,1,1445.85124609375,2961103.352,0,309060.541992,usm,150.705614,145.202026,165.481995,245.105957,2048,78444727a6ea1325,720,pipeline,all,15212,76,129,114043,55.68505859375,58,0,1,0,12,,,,1788810902.1188946,,,,,,,,,24,0,0,0,24,66.461671,64.957031,76.108032,85.466003,0.0,0.0,0.0,0.0,0.0,0.0,0.0,0.0,1280,,12,0,0,0,12,84.243942,79.744995,90.344971,168.235962,0.0,0.0,0.0,0.0,0.0,0.0,0.0,0.0
baseline,1,1,2065.345093261719,4229826.751,0,558711.846008,zimg,272.556156,254.794983,328.076965,446.788025,2048,83dfe3596d415d15,1080,pipeline,all,15212,76,112,48191,23.53076171875,59,0,1,0,8,,,,1788810902.7532377,,,,,,,,,12,0,0,0,12,89.729527,85.476013,103.341003,164.039001,0.0,0.0,0.0,0.0,0.0,0.0,0.0,0.0,1920,,8,0,0,0,8,182.826628,168.577026,224.817017,284.401978,0.0,0.0,0.0,0.0,0.0,0.0,0.0,0.0
baseline,1,1,1271.8632416992189,2604775.919,0,301044.409973,usm,146.806948,141.995972,162.765991,234.414978,2048,78444727a6ea1325,720,pipeline,all,15212,76,48,80420,39.267578125,60,0,1,0,12,,,,1788810903.092781,,,,,,,,,16,0,0,0,16,61.726852,60.637024,71.419006,79.223999,0.0,0.0,0.0,0.0,0.0,0.0,0.0,0.0,1280,,12,0,0,0,12,85.080096,81.367004,92.549988,161.083008,0.0,0.0,0.0,0.0,0.0,0.0,0.0,0.0
baseline,1,1,3279.3753984375,6716160.816,0,515100.606995,zimg,251.281288,242.640991,279.672974,484.029968,2048,513ae7d973f92522,1080,pipeline,all,15680,76,185,107900,52.685546875,61,0,1,0,24,,,,1788810903.6713486,,,,,,,,,12,0,0,0,12,100.924844,101.027039,115.585022,125.273987,0.0,0.0,0.0,0.0,0.0,0.0,0.0,0.0,1920,,24,0,0,0,24,150.356444,142.777039,163.567993,375.749023,0.0,0.0,0.0,0.0,0.0,0.0,0.0,0.0
baseline,1,1,508.5950126953125,1041602.586,0,371216.715027,wide,181.088029,178.756958,191.43103,220.609009,2048,94b6de246138a657,128,pipeline,all,15212,76,54,36543,17.84326171875,62,0,1,0,2,,,,1788810904.0793877,,,,,,,,,12,0,0,0,12,36.868965,36.210022,42.221985,54.686035,0.0,0.0,0.0,0.0,0.0,0.0,0.0,0.0,4096,,2,0,0,0,2,144.219064,142.195984,150.78302,164.559021,0.0,0.0,0.0,0.0,0.0,0.0,0.0,0.0
baseline,1,1,1926.6221059570312,3945722.073,0,1489555.109985,zimg,727.11766,718.64502,789.622986,815.263,2048,f3138462601ef82d,1080,pipeline,all,15216,76,116,38466,18.7822265625,63,0,1,0,2,,,,1788810905.6784317,,,,,,,,,12,0,0,0,12,90.210981,86.016968,111.626953,119.902039,0.0,0.0,0.0,0.0,0.0,0.0,0.0,0.0,1920,,2,0,0,0,2,636.906679,631.987,679.850037,700.640015,0.0,0.0,0.0,0.0,0.0,0.0,0.0,0.0
baseline,1,1,995.5129047851563,2038810.429,0,273763.95697,usm,133.491994,128.570007,148.017029,192.384033,2048,78444727a6ea1325,720,pipeline,all,15212,76,23,51863,25.32373046875,64,0,1,0,12,,,,1788810905.9854774,,,,,,,,,8,0,0,0,8,52.113543,46.138977,65.227051,69.664978,0.0,0.0,0.0,0.0,0.0,0.0,0.0,0.0,1280,,12,0,0,0,12,81.378451,78.882996,87.158997,100.735046,0.0,0.0,0.0,0.0,0.0,0.0,0.0,0.0
baseline,1,1,1155.6033271484375,2366675.614,0,287939.165955,zimg,140.399796,134.250977,153.197021,194.587952,2048,78444727a6ea1325,720,pipeline,all,15212,76,96,64631,31.55810546875,65,0,1,0,12,,,,1788810906.3077378,,,,,,,,,12,0,0,0,12,53.010502,51.580994,61.960999,68.413025,0.0,0.0,0.0,0.0,0.0,0.0,0.0,0.0,1280,,12,0,0,0,12,87.389293,81.948975,92.910034,112.778992,0.0,0.0,0.0,0.0,0.0,0.0,0.0,0.0
baseline,1,1,7685.2309736328125,15739353.034,0,1792705.247986,usm,874.996085,826.063965,1040.519958,1677.237,2048,c72f5b5d2a6053ea,2160,pipeline,all,43940,76,216,60324,29.455078125,66,0,1,0,12,,,,1788810908.2679205,,,,,,,,,12,0,0,0,12,307.034792,324.981018,371.370972,405.867981,0.0,0.0,0.0,0.0,0.0,0.0,0.0,0.0,3840,,12,0,0,0,12,567.961293,511.953979,686.442993,1366.623047,0.0,0.0,0.0,0.0,0.0,0.0,0.0,0.0
baseline,1,1,9747.879732421876,19963657.692,0,1745660.963989,usm,852.018982,833.679016,955.414978,1267.621033,2048,c72f5b5d2a6053ea,2160,pipeline,all,44916,76,768,114172,55.748046875,67,0,1,0,12,,,,1788810910.1771662,,,,,,,,,24,0,0,0,24,294.446632,294.101013,348.235962,375.067993,0.0,0.0,0.0,0.0,0.0,0.0,0.0,0.0,3840,,12,0,0,0,12,557.57235,534.65802,644.812012,949.573975,0.0,0.0,0.0,0.0,0.0,0.0,0.0,0.0
baseline,1,1,1103.96090234375,2260911.928,0,312009.708008,zimg,152.133786,137.015991,204.978027,222.120972,2048,8a115e09118c7e24,720,pipeline,all,15212,76,71,48127,23.49951171875,68,0,1,0,8,,,,1788810910.5283365,,,,,,,,,12,0,0,0,12,54.050015,45.429016,84.112976,93.130005,0.0,0.0,0.0,0.0,0.0,0.0,0.0,0.0,1280,,8,0,0,0,8,98.083771,91.41803,123.330017,144.01001,0.0,0.0,0.0,0.0,0.0,0.0,0.0,0.0
baseline,1,1,1956.05771875,4006006.208,0,1323459.416016,usm,646.04983,630.905029,699.999023,831.804993,2048,5a2bef157e634ce9,1080,pipeline,all,16268,76,48,32817,16.02392578125,69,0,1,0,12,,,,1788810911.9571872,,,,,,,,,1,0,0,0,1,476.361446,471.253967,505.712036,529.969055,0.0,0.0,0.0,0.0,0.0,0.0,0.0,0.0,1920,,12,0,0,0,12,169.688383,157.705994,198.705994,328.036987,0.0,0.0,0.0,0.0,0.0,0.0,0.0,0.0
baseline,1,1,970.6224370117187,1987834.751,0,627480.294006,usm,306.224467,298.049011,330.902039,412.70105,2048,78444727a6ea1325,720,pipeline,all,15212,76,29,33947,16.57568359375,70,0,1,0,12,,,,1788810912.6383386,,,,,,,,,1,0,0,0,1,216.110121,212.802979,232.511047,239.104004,0.0,0.0,0.0,0.0,0.0,0.0,0.0,0.0,1280,,12,0,0,0,12,90.114345,84.343994,102.698975,180.550964,0.0,0.0,0.0,0.0,0.0,0.0,0.0,0.0
baseline,4,1,1311.7505854492188,2686465.199,0,244063.614014,wide,118.941626,110.775024,140.612976,323.728027,2048,a4d8acbe80c9d6cb,128,pipeline,all,15212,76,85,147052,71.802734375,71,0,1,0,8,,,,1788810912.9174407,,,,,,,,,12,0,0,0,12,46.341948,46.830994,54.505981,60.336975,0.0,0.0,0.0,0.0,0.0,0.0,0.0,0.0,4096,,48,0,0,0,32,72.599678,64.164001,90.285034,284.692993,0.0,0.0,0.0,0.0,0.0,0.0,0.0,0.0
baseline,1,1,1128.2541538085939,2310664.507,0,274528.218994,usm,133.862579,131.664978,148.088013,192.713989,2048,78444727a6ea1325,720,pipeline,all,15212,76,70,64687,31.58544921875,72,0,1,0,12,,,,1788810913.2243047,,,,,,,,,12,0,0,0,12,51.223277,51.30896,60.927979,66.309021,0.0,0.0,0.0,0.0,0.0,0.0,0.0,0.0,1280,,12,0,0,0,12,82.639302,80.134949,89.001953,103.430054,0.0,0.0,0.0,0.0,0.0,0.0,0.0,0.0
baseline,1,1,1924.5503471679688,3941479.111,0,597784.872986,placement,291.724468,288.93103,312.247009,335.661987,2048,83dfe3596d415d15,1080,pipeline,local8,15840,76,1241,142522,69.5908203125,73,0,1,0,8,,,,1788810913.879929,,,,,,,,,32,0,0,0,32,128.813851,126.505981,146.213989,158.447998,0.0,0.0,0.0,0.0,0.0,0.0,0.0,0.0,1920,,8,0,0,0,8,162.910616,161.684021,170.031006,196.552002,0.0,0.0,0.0,0.0,0.0,0.0,0.0,0.0
baseline,1,1,1657.8971655273438,3395373.395,0,345396.97699,usm,168.456121,162.644958,190.889954,276.576965,2048,78444727a6ea1325,720,pipeline,all,15212,76,726,154896,75.6328125,74,0,1,0,12,,,,1788810914.2641482,,,,,,,,,32,0,0,0,32,83.801874,81.679016,100.584961,111.856995,0.0,0.0,0.0,0.0,0.0,0.0,0.0,0.0,1280,,12,0,0,0,12,84.654247,80.505981,92.228943,171.802979,0.0,0.0,0.0,0.0,0.0,0.0,0.0,0.0
baseline,1,1,2260.3206142578124,4629136.618,0,757084.953979,placement,369.501643,361.892944,422.200012,466.034973,2048,83dfe3596d415d15,1080,pipeline,split8,15744,76,4637,140930,68.8134765625,75,0,1,0,8,,,,1788810915.0883212,,,,,,,,,32,0,0,0,32,170.623599,164.088989,208.454956,255.305969,0.0,0.0,0.0,0.0,0.0,0.0,0.0,0.0,1920,,8,0,0,0,8,198.878044,196.380981,217.061035,262.619995,0.0,0.0,0.0,0.0,0.0,0.0,0.0,0.0
baseline,1,1,3251.288393066406,6658638.629,0,648226.031006,usm,316.320493,307.577026,362.143005,495.942993,2048,5a2bef157e634ce9,1080,pipeline,all,16544,76,4209,229155,111.89208984375,76,0,1,0,12,,,,1788810915.7994049,,,,,,,,,48,0,0,0,48,156.323041,153.588013,182.354004,224.665955,0.0,0.0,0.0,0.0,0.0,0.0,0.0,0.0,1920,,12,0,0,0,12,159.997453,153.498047,177.194031,301.335022,0.0,0.0,0.0,0.0,0.0,0.0,0.0,0.0
baseline,1,1,931.7795795898437,1908284.579,0,428162.480957,usm,208.867515,203.434998,221.93103,304.622009,2048,78444727a6ea1325,720,pipeline,all,15212,76,45,39849,19.45751953125,77,0,1,0,12,,,,1788810916.2686818,,,,,,,,,2,0,0,0,2,123.182454,121.205017,131.083984,141.785034,0.0,0.0,0.0,0.0,0.0,0.0,0.0,0.0,1280,,12,0,0,0,12,85.68506,81.398987,92.530029,171.792969,0.0,0.0,0.0,0.0,0.0,0.0,0.0,0.0
baseline,1,1,7553.1276674804685,15468805.463,0,1895823.623962,usm,925.339932,946.386963,1049.708008,1230.429016,2048,c72f5b5d2a6053ea,2160,pipeline,all,44096,76,228,47802,23.3408203125,78,0,1,0,12,,,,1788810918.3362575,,,,,,,,,8,0,0,0,8,399.331093,434.314026,496.363037,533.244995,0.0,0.0,0.0,0.0,0.0,0.0,0.0,0.0,3840,,12,0,0,0,12,526.008839,515.241028,572.501038,813.76001,0.0,0.0,0.0,0.0,0.0,0.0,0.0,0.0
baseline,3,1,1130.7572231445313,2315790.793,0,288185.523987,wide,140.510486,102.468994,146.083984,1285.405029,2048,327cf152773a3ccc,128,pipeline,all,15212,76,108,107752,52.61328125,79,0,1,0,8,,,,1788810918.6604722,,,,,,,,,12,0,0,0,12,43.568458,41.991028,53.533997,62.84198,0.0,0.0,0.0,0.0,0.0,0.0,0.0,0.0,4096,,24,0,0,0,24,96.942027,57.921997,94.402954,1246.790039,0.0,0.0,0.0,0.0,0.0,0.0,0.0,0.0
baseline,1,1,2193.9091953125,4493126.032,0,517431.109985,zimg,252.434047,248.713013,274.732971,364.336975,2048,5a2bef157e634ce9,1080,pipeline,all,15464,76,287,61542,30.0498046875,80,0,1,0,12,,,,1788810919.2331252,,,,,,,,,12,0,0,0,12,95.07834,95.684998,109.182007,124.011047,0.0,0.0,0.0,0.0,0.0,0.0,0.0,0.0,1920,,12,0,0,0,12,157.355708,152.435974,167.39502,251.498047,0.0,0.0,0.0,0.0,0.0,0.0,0.0,0.0
baseline,1,1,497.7774521484375,1019448.222,0,609961.57196,wide,297.64413,295.263,312.796997,325.58197,2048,e6129fbb365f02bc,128,pipeline,all,15212,76,20,29657,14.48095703125,81,0,1,0,1,,,,1788810919.8970404,,,,,,,,,12,0,0,0,12,35.384214,34.247009,40.249023,49.164978,0.0,0.0,0.0,0.0,0.0,0.0,0.0,0.0,4096,,1,0,0,0,1,262.259916,260.937012,273.440979,279.982971,0.0,0.0,0.0,0.0,0.0,0.0,0.0,0.0
baseline,1,1,7694.5670546875,15758473.328,0,5114761.289001,usm,2497.110002,2478.923035,2686.856018,2848.159973,2048,c72f5b5d2a6053ea,2160,pipeline,all,44288,76,87,28116,13.728515625,82,0,1,0,12,,,,1788810925.3883226,,,,,,,,,1,0,0,0,1,1860.786216,1843.940002,1970.936035,2054.468994,0.0,0.0,0.0,0.0,0.0,0.0,0.0,0.0,3840,,12,0,0,0,12,636.323786,619.782959,758.34198,888.935974,0.0,0.0,0.0,0.0,0.0,0.0,0.0,0.0
baseline,1,1,3525.8784873046875,7220999.142,0,501736.04895,balanced,244.796492,233.483032,298.229004,566.811035,2048,f580ef0be18fd8ea,720,pipeline,all,15212,76,2376,378624,184.875,83,0,1,0,32,,,,1788810925.9504592,,,,,,,,,64,0,0,0,64,153.007543,152.917053,183.276001,210.046997,0.0,0.0,0.0,0.0,0.0,0.0,0.0,0.0,1280,,64,0,0,0,32,91.788949,79.744019,119.721985,338.036011,0.0,0.0,0.0,0.0,0.0,0.0,0.0,0.0
baseline,1,1,3107.286607421875,6363722.972,0,583818.536987,usm,284.866373,276.838013,322.476013,507.995972,2048,5a2bef157e634ce9,1080,pipeline,all,15764,76,1775,150805,73.63525390625,84,0,1,0,12,,,,1788810926.5943074,,,,,,,,,32,0,0,0,32,123.823585,120.955017,146.695007,168.356995,0.0,0.0,0.0,0.0,0.0,0.0,0.0,0.0,1920,,12,0,0,0,12,161.042788,155.10199,177.544983,304.761963,0.0,0.0,0.0,0.0,0.0,0.0,0.0,0.0
baseline,1,1,1285.633087890625,2632976.564,0,282355.294983,zimg,137.667507,135.94397,152.596008,236.710022,2048,55674e614925a1f4,720,pipeline,all,15212,76,256,78166,38.1669921875,85,0,1,0,16,,,,1788810926.9090085,,,,,,,,,12,0,0,0,12,56.964011,56.348999,69.063965,75.276978,0.0,0.0,0.0,0.0,0.0,0.0,0.0,0.0,1280,,16,0,0,0,16,80.703496,78.182007,86.167969,167.264038,0.0,0.0,0.0,0.0,0.0,0.0,0.0,0.0
baseline,1,1,15872.350826171874,32506574.492,0,1588157.557983,balanced,775.099098,723.184021,958.680969,1945.147034,2048,fdac8dfb663bdd5e,2160,pipeline,all,47828,76,2464,226938,110.8095703125,86,0,1,0,32,,,,1788810928.6794736,,,,,,,,,32,0,0,0,32,326.997611,322.085022,398.764038,436.687012,0.0,0.0,0.0,0.0,0.0,0.0,0.0,0.0,3840,,32,0,0,0,32,448.101486,396.448975,600.846985,1600.217041,0.0,0.0,0.0,0.0,0.0,0.0,0.0,0.0
baseline,1,1,1919.8924990234375,3931939.838,0,2553210.256958,zimg,1246.427954,1230.087952,1334.891968,1434.445007,2048,f3138462601ef82d,1080,pipeline,all,15212,76,130,28758,14.0419921875,87,0,1,0,1,,,,1788810931.442849,,,,,,,,,12,0,0,0,12,85.795779,83.050964,102.419006,135.402954,0.0,0.0,0.0,0.0,0.0,0.0,0.0,0.0,1920,,1,0,0,0,1,1160.632176,1144.913025,1243.475037,1297.359009,0.0,0.0,0.0,0.0,0.0,0.0,0.0,0.0
baseline,1,1,7312.107180175782,14975195.505,0,2964988.807007,zimg,1447.33068,1420.65802,1564.266968,1745.268005,2048,cded734ee83df145,2160,pipeline,all,42608,76,439,38779,18.93505859375,88,0,1,0,4,,,,1788810934.6396706,,,,,,,,,12,0,0,0,12,300.021412,293.268982,341.252991,408.001953,0.0,0.0,0.0,0.0,0.0,0.0,0.0,0.0,3840,,4,0,0,0,4,1147.309268,1120.625977,1247.962952,1418.213989,0.0,0.0,0.0,0.0,0.0,0.0,0.0,0.0
baseline,1,1,3652.979599609375,7481302.22,0,705076.560974,usm,344.077313,334.528992,394.737,513.967957,2048,5a2bef157e634ce9,1080,pipeline,all,17016,76,4425,307007,149.90576171875,89,0,1,0,12,,,,1788810935.416987,,,,,,,,,64,0,0,0,64,184.10061,179.829956,214.31604,251.437988,0.0,0.0,0.0,0.0,0.0,0.0,0.0,0.0,1920,,12,0,0,0,12,159.976703,154.379028,180.100037,263.612,0.0,0.0,0.0,0.0,0.0,0.0,0.0,0.0
baseline,1,1,1774.7565434570313,3634701.401,0,584186.911987,placement,285.072508,268.822021,331.52301,439.664001,2048,83dfe3596d415d15,1080,pipeline,physical,15212,76,1072,61390,29.9755859375,90,0,1,0,8,,,,1788810936.0616195,,,,,,,,,12,0,0,0,12,117.011314,103.960999,150.763,190.960022,0.0,0.0,0.0,0.0,0.0,0.0,0.0,0.0,1920,,8,0,0,0,8,168.061193,162.023987,191.572021,253.281982,0.0,0.0,0.0,0.0,0.0,0.0,0.0,0.0
baseline,1,1,2272.7926181640623,4654679.282,0,551694.098999,usm,269.139477,249.524963,287.368042,725.669006,2048,5a2bef157e634ce9,1080,pipeline,all,16004,76,133,61638,30.0966796875,91,0,1,0,12,,,,1788810936.6682537,,,,,,,,,12,0,0,0,12,96.62047,94.213013,104.162048,140.802979,0.0,0.0,0.0,0.0,0.0,0.0,0.0,0.0,1920,,12,0,0,0,12,172.519007,154.769958,178.406006,555.317993,0.0,0.0,0.0,0.0,0.0,0.0,0.0,0.0
baseline,1,1,10311.681471679687,21118323.654,0,1798231.66095,usm,877.685969,855.260986,992.737,1371.531982,2048,c72f5b5d2a6053ea,2160,pipeline,all,45936,76,6080,220089,107.46533203125,92,0,1,0,12,,,,1788810938.6426854,,,,,,,,,48,0,0,0,48,340.192512,335.762024,404.325012,439.313049,0.0,0.0,0.0,0.0,0.0,0.0,0.0,0.0,3840,,12,0,0,0,12,537.493457,516.923035,607.830017,973.358948,0.0,0.0,0.0,0.0,0.0,0.0,0.0,0.0
baseline,1,1,1944.680947265625,3982706.58,0,619670.189026,usm,302.358411,297.266968,321.424011,394.786011,2048,5a2bef157e634ce9,1080,pipeline,all,15756,76,110,42092,20.552734375,93,0,1,0,12,,,,1788810939.3235795,,,,,,,,,4,0,0,0,4,144.289144,142.487,155.141052,174.900024,0.0,0.0,0.0,0.0,0.0,0.0,0.0,0.0,1920,,12,0,0,0,12,158.069267,154.129028,168.106995,236.580017,0.0,0.0,0.0,0.0,0.0,0.0,0.0,0.0
baseline,1,1,2837.45516015625,5811108.168,0,566462.080017,usm,276.347863,270.966003,310.462036,381.471008,2048,5a2bef157e634ce9,1080,pipeline,all,15996,76,964,113544,55.44140625,94,0,1,0,12,,,,1788810939.9478939,,,,,,,,,24,0,0,0,24,110.854696,110.023987,130.05304,153.397034,0.0,0.0,0.0,0.0,0.0,0.0,0.0,0.0,1920,,12,0,0,0,12,165.493167,160.281982,185.75,254.174011,0.0,0.0,0.0,0.0,0.0,0.0,0.0,0.0
baseline,1,1,3695.6378256835937,7568666.267,0,503645.425049,zimg,245.660932,232.622009,308.088989,594.162964,2048,635eaa6dbdb99686,1080,pipeline,all,16456,76,343,143392,70.015625,0,0,1,1,32,,,,1788810940.5222323,,,,,,,,,12,0,0,0,12,95.493793,98.500977,115.774963,125.504028,0.0,0.0,0.0,0.0,0.0,0.0,0.0,0.0,1920,,32,0,0,0,32,150.167139,134.089966,200.678955,496.865051,0.0,0.0,0.0,0.0,0.0,0.0,0.0,0.0
baseline,1,1,1958.45061328125,4010906.856,0,414929.539001,usm,202.430221,195.460022,228.192993,330.732056,2048,78444727a6ea1325,720,pipeline,all,15212,76,2158,232240,113.3984375,1,0,1,1,12,,,,1788810940.9786718,,,,,,,,,48,0,0,0,48,115.26129,112.748962,133.859985,159.679993,0.0,0.0,0.0,0.0,0.0,0.0,0.0,0.0,1280,,12,0,0,0,12,87.168931,81.519043,99.372986,172.684998,0.0,0.0,0.0,0.0,0.0,0.0,0.0,0.0
baseline,1,1,2225.7430166015624,4558321.698,0,525377.886963,usm,256.299433,250.135986,274.80304,352.393982,2048,5a2bef157e634ce9,1080,pipeline,all,15924,76,360,61983,30.26513671875,2,0,1,1,12,,,,1788810941.5615237,,,,,,,,,12,0,0,0,12,97.693913,96.487976,108.209961,123.610046,0.0,0.0,0.0,0.0,0.0,0.0,0.0,0.0,1920,,12,0,0,0,12,158.60552,153.247009,168.656982,246.057983,0.0,0.0,0.0,0.0,0.0,0.0,0.0,0.0
baseline,1,1,2101.32887890625,4303521.544,0,718725.590027,placement,350.763935,344.608948,392.402039,465.984985,2048,83dfe3596d415d15,1080,pipeline,split8,15712,76,2087,76022,37.1201171875,3,0,1,1,8,,,,1788810942.3458846,,,,,,,,,16,0,0,0,16,144.062592,140.343018,171.973999,199.096985,0.0,0.0,0.0,0.0,0.0,0.0,0.0,0.0,1920,,8,0,0,0,8,206.701343,203.686035,227.761963,280.113953,0.0,0.0,0.0,0.0,0.0,0.0,0.0,0.0
baseline,1,0,2213.2063427734374,4532646.59,0,517348.689026,noise,252.382372,250.145996,285.505005,367.71405,2048,33cec3930f1b354b,1080,pipeline,all,16232,76,339,63137,30.82861328125,4,0,1,1,12,,,,1788810942.923663,,,,,,,,,12,0,0,0,12,93.737937,95.265015,111.666016,131.896057,0.0,0.0,0.0,0.0,0.0,0.0,0.0,0.0,1920,,12,0,0,0,12,158.644435,154.059021,174.97998,262.830017,0.0,0.0,0.0,0.0,0.0,0.0,0.0,0.0
baseline,1,1,528.0083569335937,1081361.115,0,388394.412964,wide,189.458913,187.753967,205.187988,248.983032,2048,94b6de246138a657,128,pipeline,all,15212,76,53,37098,18.1142578125,5,0,1,1,2,,,,1788810943.3486826,,,,,,,,,12,0,0,0,12,40.429209,38.565002,49.265991,56.328979,0.0,0.0,0.0,0.0,0.0,0.0,0.0,0.0,4096,,2,0,0,0,2,149.029705,148.609009,156.834961,197.764038,0.0,0.0,0.0,0.0,0.0,0.0,0.0,0.0
baseline,1,1,10786.794927246094,22091356.011,0,1759815.077026,usm,858.966468,844.058044,963.349976,1255.037048,2048,c72f5b5d2a6053ea,2160,pipeline,all,45368,76,2705,148133,72.33056640625,6,0,1,1,12,,,,1788810945.28512,,,,,,,,,32,0,0,0,32,313.294682,309.450012,376.279968,415.307007,0.0,0.0,0.0,0.0,0.0,0.0,0.0,0.0,3840,,12,0,0,0,12,545.671786,532.103027,600.406006,882.362976,0.0,0.0,0.0,0.0,0.0,0.0,0.0,0.0
baseline,1,1,8587.27130078125,17586731.624,0,1649373.78302,usm,804.978178,789.07196,917.921997,1068.724976,2048,c72f5b5d2a6053ea,2160,pipeline,all,45532,76,812,75241,36.73876953125,7,0,1,1,12,,,,1788810947.1042879,,,,,,,,,16,0,0,0,16,288.08059,278.932007,366.18103,409.765991,0.0,0.0,0.0,0.0,0.0,0.0,0.0,0.0,3840,,12,0,0,0,12,516.897588,505.411987,575.005981,722.000977,0.0,0.0,0.0,0.0,0.0,0.0,0.0,0.0
baseline,1,1,1907.023734375,3905584.608,0,885451.427002,placement,432.145814,463.119019,508.888,602.199036,2048,83dfe3596d415d15,1080,pipeline,split8,15212,76,130,29882,14.5908203125,8,0,1,1,8,,,,1788810948.0601158,,,,,,,,,4,0,0,0,4,213.508701,251.578979,281.656006,311.223999,0.0,0.0,0.0,0.0,0.0,0.0,0.0,0.0,1920,,8,0,0,0,8,218.637114,213.273987,240.135986,315.78302,0.0,0.0,0.0,0.0,0.0,0.0,0.0,0.0
baseline,1,1,14802.392913574218,30315300.687,0,2451642.494019,zimg,1196.684249,876.171021,3103.044983,3906.114014,2048,fdac8dfb663bdd5e,2160,pipeline,all,47504,76,1066,141597,69.13916015625,9,0,1,1,32,,,,1788810950.6962082,,,,,,,,,12,0,0,0,12,380.214529,380.558044,464.432007,520.179993,0.0,0.0,0.0,0.0,0.0,0.0,0.0,0.0,3840,,48,0,0,0,32,816.46972,478.168945,2660.39502,3498.080994,0.0,0.0,0.0,0.0,0.0,0.0,0.0,0.0
baseline,1,1,4710.424024414063,9646948.402,0,978725.792969,balanced,477.60912,268.770996,2100.588013,3469.155029,2048,635eaa6dbdb99686,1080,pipeline,all,16468,76,2024,229279,111.95263671875,10,0,1,1,32,,,,1788810951.8092144,,,,,,,,,32,0,0,0,32,133.20598,127.617981,168.346985,193.60498,0.0,0.0,0.0,0.0,0.0,0.0,0.0,0.0,1920,,32,0,0,0,32,344.40314,139.621033,1897.854004,3319.735046,0.0,0.0,0.0,0.0,0.0,0.0,0.0,0.0
baseline,1,1,949.402658203125,1944376.644,0,638419.037964,usm,311.568006,301.696045,326.323975,454.001038,2048,78444727a6ea1325,720,pipeline,all,15212,76,39,33836,16.521484375,11,0,1,1,12,,,,1788810952.508397,,,,,,,,,1,0,0,0,1,215.309975,213.164001,227.842041,237.702026,0.0,0.0,0.0,0.0,0.0,0.0,0.0,0.0,1280,,12,0,0,0,12,96.258032,86.246948,106.146973,237.430969,0.0,0.0,0.0,0.0,0.0,0.0,0.0,0.0
baseline,1,1,2296.2549096679686,4702730.055,0,551903.835999,zimg,269.226053,257.861023,307.596985,405.876953,2048,5a2bef157e634ce9,1080,pipeline,all,15592,76,239,63214,30.8662109375,12,0,1,1,12,,,,1788810953.1181574,,,,,,,,,12,0,0,0,12,98.786989,97.438965,120.143005,147.096008,0.0,0.0,0.0,0.0,0.0,0.0,0.0,0.0,1920,,12,0,0,0,12,170.439064,160.742004,192.843994,284.140991,0.0,0.0,0.0,0.0,0.0,0.0,0.0,0.0
baseline,1,1,3633.87315625,7442172.224,0,663905.178955,zimg,323.860645,219.627014,778.901978,3220.522949,2048,635eaa6dbdb99686,1080,pipeline,all,16696,76,320,144629,70.61962890625,13,0,1,1,32,,,,1788810953.870752,,,,,,,,,12,0,0,0,12,86.00717,86.998962,112.367981,128.630005,0.0,0.0,0.0,0.0,0.0,0.0,0.0,0.0,1920,,64,0,0,0,32,237.853475,131.125,700.458984,3101.060974,0.0,0.0,0.0,0.0,0.0,0.0,0.0,0.0
baseline,4,1,1341.9433520507812,2748299.985,0,345098.836975,wide,168.265165,112.367981,208.234009,2257.052002,2048,a4d8acbe80c9d6cb,128,pipeline,all,15212,76,148,147376,71.9609375,14,0,1,1,8,,,,1788810954.255601,,,,,,,,,12,0,0,0,12,46.316474,45.348022,56.580017,64.424988,0.0,0.0,0.0,0.0,0.0,0.0,0.0,0.0,4096,,64,0,0,0,32,121.948691,65.90802,160.721985,2194.882019,0.0,0.0,0.0,0.0,0.0,0.0,0.0,0.0
baseline,1,1,5326.279431640625,10908220.276,0,926418.561035,balanced,452.114426,317.10498,1074.957031,3250.911011,2048,635eaa6dbdb99686,1080,pipeline,all,17168,76,3806,387768,189.33984375,15,0,1,1,32,,,,1788810955.2842984,,,,,,,,,64,0,0,0,64,185.664747,178.546021,222.593018,265.855957,0.0,0.0,0.0,0.0,0.0,0.0,0.0,0.0,1920,,64,0,0,0,32,266.44968,137.036011,863.125977,3045.572998,0.0,0.0,0.0,0.0,0.0,0.0,0.0,0.0
baseline,1,1,4291.545473632813,8789085.13,0,874588.696045,zimg,426.751279,275.113953,1170.531982,3328.863037,2048,635eaa6dbdb99686,1080,pipeline,all,16536,76,319,141726,69.2021484375,16,0,1,1,32,,,,1788810956.2382636,,,,,,,,,12,0,0,0,12,118.775656,114.252014,132.21698,155.802002,0.0,0.0,0.0,0.0,0.0,0.0,0.0,0.0,1920,,48,0,0,0,32,307.975623,159.700012,1016.973999,3192.377014,0.0,0.0,0.0,0.0,0.0,0.0,0.0,0.0
baseline,1,1,1133.7556791992188,2321931.631,0,295501.537048,usm,144.067596,135.873962,163.117004,206.089966,2048,78444727a6ea1325,720,pipeline,all,15212,76,100,64101,31.29931640625,17,0,1,1,12,,,,1788810956.5787158,,,,,,,,,12,0,0,0,12,53.177889,51.671021,65.867981,81.648987,0.0,0.0,0.0,0.0,0.0,0.0,0.0,0.0,1280,,12,0,0,0,12,90.889706,83.382019,102.630005,125.864014,0.0,0.0,0.0,0.0,0.0,0.0,0.0,0.0
baseline,1,1,1564.3925034179688,3203875.847,0,328213.11499,usm,160.053363,150.78302,188.957031,263.641968,2048,78444727a6ea1325,720,pipeline,all,15212,76,231,115552,56.421875,18,0,1,1,12,,,,1788810956.9478426,,,,,,,,,24,0,0,0,24,70.61272,68.231995,87.791016,99.093018,0.0,0.0,0.0,0.0,0.0,0.0,0.0,0.0,1280,,12,0,0,0,12,89.440643,82.599976,101.336975,170.469971,0.0,0.0,0.0,0.0,0.0,0.0,0.0,0.0
baseline,1,1,1009.6443515625,2067751.632,0,289255.23999,zimg,141.026802,132.397034,161.072998,216.930969,2048,8a115e09118c7e24,720,pipeline,all,15212,76,124,47431,23.15966796875,19,0,1,1,8,,,,1788810957.2697263,,,,,,,,,12,0,0,0,12,46.023205,44.687012,51.309998,62.741943,0.0,0.0,0.0,0.0,0.0,0.0,0.0,0.0,1280,,8,0,0,0,8,95.003597,86.958984,112.028015,146.223999,0.0,0.0,0.0,0.0,0.0,0.0,0.0,0.0
baseline,1,1,1740.6274169921876,3564804.95,0,631029.250977,placement,307.886129,296.895996,359.257996,389.244995,2048,83dfe3596d415d15,1080,pipeline,physical,15212,76,162,28970,14.1455078125,20,0,1,1,8,,,,1788810957.9703448,,,,,,,,,4,0,0,0,4,131.56351,129.0,146.373962,153.358032,0.0,0.0,0.0,0.0,0.0,0.0,0.0,0.0,1920,,8,0,0,0,8,176.322619,166.864014,215.758972,239.174988,0.0,0.0,0.0,0.0,0.0,0.0,0.0,0.0
baseline,1,1,2289.7252919921875,4689357.398,0,869666.069031,placement,424.446897,369.606995,520.251038,1985.093994,2048,83dfe3596d415d15,1080,pipeline,split8,15212,76,4839,139952,68.3359375,21,0,1,1,8,,,,1788810958.9072955,,,,,,,,,32,0,0,0,32,191.917035,169.479004,229.445007,835.661987,0.0,0.0,0.0,0.0,0.0,0.0,0.0,0.0,1920,,8,0,0,0,8,232.529862,199.147034,260.275024,1077.301025,0.0,0.0,0.0,0.0,0.0,0.0,0.0,0.0
baseline,1,1,2477.4438818359376,5073805.07,0,615840.001953,pin,300.424806,305.854004,349.479004,367.022034,2048,5a2bef157e634ce9,1080,pipeline,all,15720,76,270,63635,31.07177734375,22,0,0,1,12,,,,1788810959.5871792,,,,,,,,,12,0,0,0,12,98.573856,98.560974,121.856995,138.648987,0.0,0.0,0.0,0.0,0.0,0.0,0.0,0.0,1920,,12,0,0,0,12,201.85095,211.971985,234.515991,246.257996,0.0,0.0,0.0,0.0,0.0,0.0,0.0,0.0
baseline,1,1,3200.3443095703124,6554305.146,0,804412.523987,zimg,392.494371,239.696045,1131.487,3410.862,2048,513ae7d973f92522,1080,pipeline,all,15400,76,315,107143,52.31591796875,23,0,1,1,24,,,,1788810960.4733427,,,,,,,,,12,0,0,0,12,96.192776,98.329956,126.505981,140.884033,0.0,0.0,0.0,0.0,0.0,0.0,0.0,0.0,1920,,24,0,0,0,24,296.301595,142.005981,1010.562012,3279.015991,0.0,0.0,0.0,0.0,0.0,0.0,0.0,0.0
baseline,1,1,3379.336157714844,6920880.451,0,810037.934998,usm,395.256346,338.888,587.510986,2176.515991,2048,5a2bef157e634ce9,1080,pipeline,all,16484,76,4357,230839,112.71435546875,24,0,1,1,12,,,,1788810961.3538234,,,,,,,,,48,0,0,0,48,170.56871,163.487,212.632996,308.098999,0.0,0.0,0.0,0.0,0.0,0.0,0.0,0.0,1920,,12,0,0,0,12,224.687636,175.030029,349.718994,1873.828003,0.0,0.0,0.0,0.0,0.0,0.0,0.0,0.0
baseline,1,1,8289.375748535156,16976641.533,0,1987375.267029,zimg,969.978139,917.580994,1138.158997,3132.963013,2048,c72f5b5d2a6053ea,2160,pipeline,all,44344,76,780,61223,29.89404296875,25,0,1,1,12,,,,1788810963.5349998,,,,,,,,,12,0,0,0,12,328.569227,338.617004,400.797974,445.033997,0.0,0.0,0.0,0.0,0.0,0.0,0.0,0.0,3840,,12,0,0,0,12,641.408912,582.942017,766.038025,2766.85199,0.0,0.0,0.0,0.0,0.0,0.0,0.0,0.0
baseline,1,1,993.0238139648437,2033712.771,0,750082.10498,zimg,366.00849,340.872009,476.023987,501.403015,2048,78444727a6ea1325,720,pipeline,all,15212,76,46,35833,17.49658203125,26,0,1,1,2,,,,1788810964.3507342,,,,,,,,,12,0,0,0,12,49.613286,45.829041,67.572021,80.807007,0.0,0.0,0.0,0.0,0.0,0.0,0.0,0.0,1280,,2,0,0,0,2,316.395204,294.350952,425.395996,443.541016,0.0,0.0,0.0,0.0,0.0,0.0,0.0,0.0
baseline,1,1,1912.5501577148439,3916902.723,0,813559.330994,placement,397.029554,365.158997,443.110046,1076.599976,2048,83dfe3596d415d15,1080,pipeline,split8,15488,76,265,39953,19.50830078125,27,0,1,1,8,,,,1788810965.2361393,,,,,,,,,8,0,0,0,8,168.058329,149.611023,214.645996,275.123962,0.0,0.0,0.0,0.0,0.0,0.0,0.0,0.0,1920,,8,0,0,0,8,228.971225,205.268982,263.892029,763.221008,0.0,0.0,0.0,0.0,0.0,0.0,0.0,0.0
baseline,3,1,1211.7569448242189,2481678.223,0,272208.003967,wide,132.700051,111.46698,153.708008,543.535034,2048,327cf152773a3ccc,128,pipeline,all,15212,76,138,111499,54.44287109375,28,0,1,1,8,,,,1788810965.5511625,,,,,,,,,12,0,0,0,12,45.977009,45.098022,53.984985,63.552979,0.0,0.0,0.0,0.0,0.0,0.0,0.0,0.0,4096,,24,0,0,0,24,86.723041,66.309021,99.763977,492.856018,0.0,0.0,0.0,0.0,0.0,0.0,0.0,0.0
baseline,1,1,7796.332562988281,15966889.089,0,3511624.825012,zimg,1714.258263,1628.131042,2132.849976,3020.383972,2048,cded734ee83df145,2160,pipeline,all,43372,76,429,40210,19.6337890625,29,0,1,1,4,,,,1788810969.3515484,,,,,,,,,12,0,0,0,12,331.847155,302.617981,448.710999,579.996033,0.0,0.0,0.0,0.0,0.0,0.0,0.0,0.0,3840,,4,0,0,0,4,1382.411108,1313.719971,1717.674988,2488.390991,0.0,0.0,0.0,0.0,0.0,0.0,0.0,0.0
baseline,1,0,4717.487975097656,9661415.373,0,573074.665955,noise,279.575763,258.170959,338.768005,874.368042,2048,abeca2e4aab3b4a6,1080,pipeline,all,17004,76,1196,225449,110.08251953125,30,0,1,1,32,,,,1788810970.0115235,,,,,,,,,32,0,0,0,32,126.085785,124.502014,152.495972,168.247009,0.0,0.0,0.0,0.0,0.0,0.0,0.0,0.0,1920,,32,0,0,0,32,153.489978,132.857971,198.625,734.736023,0.0,0.0,0.0,0.0,0.0,0.0,0.0,0.0
baseline,1,1,2453.027434082031,5023800.185,0,497133.992004,zimg,242.496013,239.585999,292.628052,388.403992,2048,b3fd9e69d41b7f75,1080,pipeline,all,15212,76,183,78623,38.39013671875,31,0,1,1,16,,,,1788810970.568721,,,,,,,,,12,0,0,0,12,98.141839,100.916016,122.567993,136.986023,0.0,0.0,0.0,0.0,0.0,0.0,0.0,0.0,1920,,16,0,0,0,16,144.354174,139.099976,169.780029,266.247009,0.0,0.0,0.0,0.0,0.0,0.0,0.0,0.0
baseline,1,1,508.9999262695313,1042431.849,0,628166.013,wide,306.484347,301.234985,328.096985,393.894958,2048,e6129fbb365f02bc,128,pipeline,all,15212,76,50,30463,14.87451171875,32,0,1,1,1,,,,1788810971.2466166,,,,,,,,,12,0,0,0,12,38.583453,35.409058,46.790955,66.820007,0.0,0.0,0.0,0.0,0.0,0.0,0.0,0.0,4096,,1,0,0,0,1,267.900893,265.61499,282.588989,325.802002,0.0,0.0,0.0,0.0,0.0,0.0,0.0,0.0
baseline,1,1,7490.401901855469,15340343.095,0,1825211.644958,usm,890.892767,834.469971,1098.603027,1622.811035,2048,c72f5b5d2a6053ea,2160,pipeline,all,44156,76,352,48975,23.91357421875,33,0,1,1,12,,,,1788810973.2892897,,,,,,,,,8,0,0,0,8,361.042803,317.536987,505.19104,562.491943,0.0,0.0,0.0,0.0,0.0,0.0,0.0,0.0,3840,,12,0,0,0,12,529.849964,503.026001,621.847046,1211.122009,0.0,0.0,0.0,0.0,0.0,0.0,0.0,0.0
baseline,1,1,2579.9099794921876,5283655.638,0,724116.223022,balanced,353.320019,166.232971,1811.90802,3057.246033,2048,f580ef0be18fd8ea,720,pipeline,all,15212,76,876,233298,113.9150390625,34,0,1,1,32,,,,1788810974.0806983,,,,,,,,,32,0,0,0,32,89.106357,81.778992,108.721008,158.296997,0.0,0.0,0.0,0.0,0.0,0.0,0.0,0.0,1280,,32,0,0,0,32,264.213662,83.572998,1608.963989,2928.434998,0.0,0.0,0.0,0.0,0.0,0.0,0.0,0.0
baseline,1,1,3210.4977309570313,6575099.353,0,602289.735046,usm,293.896927,283.23999,349.458984,462.218018,2048,5a2bef157e634ce9,1080,pipeline,all,16280,76,1684,151383,73.91748046875,35,0,1,1,12,,,,1788810974.7446947,,,,,,,,,32,0,0,0,32,128.563746,124.781982,160.761963,179.429016,0.0,0.0,0.0,0.0,0.0,0.0,0.0,0.0,1920,,12,0,0,0,12,165.33318,157.606018,188.646973,298.138,0.0,0.0,0.0,0.0,0.0,0.0,0.0,0.0
baseline,1,1,979.4516508789062,2005916.981,0,325026.057007,usm,158.512335,150.993042,191.091003,206.570984,2048,78444727a6ea1325,720,pipeline,all,15212,76,72,43259,21.12255859375,36,0,1,1,12,,,,1788810975.1076064,,,,,,,,,4,0,0,0,4,75.760555,70.457031,109.072021,114.000977,0.0,0.0,0.0,0.0,0.0,0.0,0.0,0.0,1280,,12,0,0,0,12,82.75178,79.583984,92.338989,109.411987,0.0,0.0,0.0,0.0,0.0,0.0,0.0,0.0
baseline,1,1,2031.4429838867188,4160395.231,0,344884.189026,zimg,168.163066,143.027954,205.830017,777.829956,2048,f580ef0be18fd8ea,720,pipeline,all,15212,76,109,143353,69.99658203125,37,0,1,1,32,,,,1788810975.495939,,,,,,,,,12,0,0,0,12,56.50492,55.507996,65.91803,71.980042,0.0,0.0,0.0,0.0,0.0,0.0,0.0,0.0,1280,,64,0,0,0,32,111.658146,87.440002,144.690979,718.734985,0.0,0.0,0.0,0.0,0.0,0.0,0.0,0.0
baseline,1,1,1992.1130205078125,4079847.466,0,329689.119019,zimg,160.75069,140.653992,204.396973,666.294006,2048,f580ef0be18fd8ea,720,pipeline,all,15212,76,168,143471,70.05419921875,38,0,1,1,32,,,,1788810975.8678315,,,,,,,,,12,0,0,0,12,55.626413,55.177002,66.047974,73.772949,0.0,0.0,0.0,0.0,0.0,0.0,0.0,0.0,1280,,32,0,0,0,32,105.124277,84.674011,142.767029,589.866028,0.0,0.0,0.0,0.0,0.0,0.0,0.0,0.0
baseline,1,1,1757.8837241210938,3600145.867,0,694009.703003,placement,338.604146,302.065979,389.987,1034.799011,2048,83dfe3596d415d15,1080,pipeline,local8,15220,76,330,38618,18.8564453125,39,0,1,1,8,,,,1788810976.6211493,,,,,,,,,8,0,0,0,8,137.525119,132.89801,147.767029,206.820984,0.0,0.0,0.0,0.0,0.0,0.0,0.0,0.0,1920,,8,0,0,0,8,201.079028,167.544983,234.194946,865.750977,0.0,0.0,0.0,0.0,0.0,0.0,0.0,0.0
baseline,2,1,672.501248046875,1377282.556,0,200135.088989,wide,97.497198,91.578003,110.254028,181.922974,2048,02f0b8aa1ba5797b,128,pipeline,all,15212,76,65,65801,32.12939453125,40,0,1,1,6,,,,1788810976.850078,,,,,,,,,12,0,0,0,12,42.113227,40.16803,51.519958,58.783997,0.0,0.0,0.0,0.0,0.0,0.0,0.0,0.0,4096,,12,0,0,0,12,55.383971,51.049011,60.857971,122.687988,0.0,0.0,0.0,0.0,0.0,0.0,0.0,0.0
baseline,1,1,2093.264138183594,4287004.955,0,828432.304993,placement,404.293399,361.330994,486.333984,1583.994995,2048,83dfe3596d415d15,1080,pipeline,split8,15216,76,2346,57929,28.28564453125,41,0,1,1,8,,,,1788810977.7469912,,,,,,,,,12,0,0,0,12,159.053865,150.723022,207.242004,338.747986,0.0,0.0,0.0,0.0,0.0,0.0,0.0,0.0,1920,,8,0,0,0,8,245.239534,209.205994,287.968994,947.650024,0.0,0.0,0.0,0.0,0.0,0.0,0.0,0.0
baseline,1,1,10933.812719726562,22392448.45,0,1710102.928955,zimg,834.626853,741.239014,1187.063965,3312.662048,2048,45f54a827efea2f4,2160,pipeline,all,46812,76,1012,107194,52.3408203125,42,0,1,1,24,,,,1788810979.6924295,,,,,,,,,12,0,0,0,12,297.405367,302.427002,391.470032,436.266968,0.0,0.0,0.0,0.0,0.0,0.0,0.0,0.0,3840,,24,0,0,0,24,537.221487,439.984009,861.432007,2968.161987,0.0,0.0,0.0,0.0,0.0,0.0,0.0,0.0
baseline,1,1,1930.2105463867188,3953071.199,0,600719.585999,placement,293.172076,289.822998,312.786987,341.513,2048,83dfe3596d415d15,1080,pipeline,local8,15680,76,1325,142240,69.453125,43,0,1,1,8,,,,1788810980.3533568,,,,,,,,,32,0,0,0,32,130.041557,127.267029,147.13501,159.769958,0.0,0.0,0.0,0.0,0.0,0.0,0.0,0.0,1920,,8,0,0,0,8,163.130519,161.954041,170.551025,185.920959,0.0,0.0,0.0,0.0,0.0,0.0,0.0,0.0
baseline,4,1,1354.6223803710936,2774266.635,0,400748.075012,wide,195.441218,108.651001,523.346008,2993.651978,2048,a4d8acbe80c9d6cb,128,pipeline,all,15212,76,128,145686,71.1357421875,44,0,1,1,8,,,,1788810980.7967346,,,,,,,,,12,0,0,0,12,43.95762,41.901001,55.308044,66.067993,0.0,0.0,0.0,0.0,0.0,0.0,0.0,0.0,4096,,48,0,0,0,32,151.483599,66.028015,475.692993,2940.278015,0.0,0.0,0.0,0.0,0.0,0.0,0.0,0.0
baseline,1,1,6972.466167480468,14279610.711,0,2147508.450989,usm,1048.278577,1020.0,1176.354004,1441.688965,2048,c72f5b5d2a6053ea,2160,pipeline,all,44320,76,552,40816,19.9296875,45,0,1,1,12,,,,1788810983.144561,,,,,,,,,4,0,0,0,4,539.121557,528.125977,602.398987,713.855957,0.0,0.0,0.0,0.0,0.0,0.0,0.0,0.0,3840,,12,0,0,0,12,509.157021,494.820007,587.901001,775.63501,0.0,0.0,0.0,0.0,0.0,0.0,0.0,0.0
baseline,1,1,3174.207875,6500777.728,0,496091.367004,balanced,242.027722,220.127991,316.544983,678.197021,2048,f580ef0be18fd8ea,720,pipeline,all,15212,76,2847,389211,190.04443359375,46,0,1,1,32,,,,1788810983.7041912,,,,,,,,,64,0,0,0,64,144.076065,139.089966,175.750977,207.031982,0.0,0.0,0.0,0.0,0.0,0.0,0.0,0.0,1280,,64,0,0,0,32,97.951657,80.216003,152.616028,517.894958,0.0,0.0,0.0,0.0,0.0,0.0,0.0,0.0
baseline,1,1,16423.778458496094,33635898.283,0,1807870.096008,balanced,882.376106,783.061035,1392.122986,2688.069031,2048,fdac8dfb663bdd5e,2160,pipeline,all,48112,76,6953,369645,180.49072265625,47,0,1,1,32,,,,1788810985.7254584,,,,,,,,,64,0,0,0,64,391.842077,376.210999,498.968018,577.060974,0.0,0.0,0.0,0.0,0.0,0.0,0.0,0.0,3840,,64,0,0,0,32,490.534029,399.265015,927.520996,2190.171997,0.0,0.0,0.0,0.0,0.0,0.0,0.0,0.0
baseline,1,1,1716.9376298828124,3516288.266,0,620329.70697,placement,302.665374,292.888977,342.414001,421.578003,2048,83dfe3596d415d15,1080,pipeline,local8,15460,76,174,29029,14.17431640625,48,0,1,1,8,,,,1788810986.4075048,,,,,,,,,4,0,0,0,4,128.928731,128.149048,137.396973,143.619019,0.0,0.0,0.0,0.0,0.0,0.0,0.0,0.0,1920,,8,0,0,0,8,173.736643,164.148987,210.389038,290.172974,0.0,0.0,0.0,0.0,0.0,0.0,0.0,0.0
baseline,1,1,1792.6050219726562,3671255.085,0,606447.465942,placement,295.935405,271.187012,346.452942,507.375,2048,83dfe3596d415d15,1080,pipeline,local8,15384,76,899,61432,29.99609375,49,0,1,1,8,,,,1788810987.0694656,,,,,,,,,12,0,0,0,12,116.58366,104.624023,150.151001,186.362,0.0,0.0,0.0,0.0,0.0,0.0,0.0,0.0,1920,,8,0,0,0,8,179.351745,163.478027,210.209045,336.905029,0.0,0.0,0.0,0.0,0.0,0.0,0.0,0.0
baseline,1,1,1171.1165375976564,2398446.669,0,261611.740967,zimg,127.533492,123.008972,146.424011,218.173035,2048,55674e614925a1f4,720,pipeline,all,15212,76,162,80444,39.279296875,50,0,1,1,16,,,,1788810987.3630319,,,,,,,,,12,0,0,0,12,52.489262,52.32196,62.310974,71.919006,0.0,0.0,0.0,0.0,0.0,0.0,0.0,0.0,1280,,16,0,0,0,16,75.044231,70.557007,86.627991,157.997009,0.0,0.0,0.0,0.0,0.0,0.0,0.0,0.0
baseline,1,1,2154.511076660156,4412438.685,0,665550.009033,placement,324.757584,308.29895,366.270996,610.716003,2048,83dfe3596d415d15,1080,pipeline,physical,15244,76,233,52712,25.73828125,51,0,1,1,8,,,,1788810988.108185,,,,,,,,,12,0,0,0,12,102.585864,98.771973,126.716003,144.960999,0.0,0.0,0.0,0.0,0.0,0.0,0.0,0.0,1920,,8,0,0,0,8,222.171721,208.584961,245.906982,494.109985,0.0,0.0,0.0,0.0,0.0,0.0,0.0,0.0
baseline,1,1,8194.153046386718,16781625.439,0,1833884.460999,usm,895.077135,860.520996,1091.619995,1779.86499,2048,c72f5b5d2a6053ea,2160,pipeline,all,44184,76,606,61401,29.98095703125,52,0,1,1,12,,,,1788810990.1262445,,,,,,,,,12,0,0,0,12,323.69809,336.031982,412.401001,466.406006,0.0,0.0,0.0,0.0,0.0,0.0,0.0,0.0,3840,,12,0,0,0,12,571.379045,529.388,698.304993,1454.89502,0.0,0.0,0.0,0.0,0.0,0.0,0.0,0.0
baseline,2,1,727.2162055664063,1489338.789,0,185773.737,wide,90.510809,86.197998,109.872986,169.138,2048,a4d8acbe80c9d6cb,128,pipeline,all,15212,76,106,81598,39.8427734375,53,0,1,1,8,,,,1788810990.3427942,,,,,,,,,12,0,0,0,12,41.852004,41.570984,52.671997,60.578003,0.0,0.0,0.0,0.0,0.0,0.0,0.0,0.0,4096,,16,0,0,0,16,48.658805,44.906982,58.292969,118.570984,0.0,0.0,0.0,0.0,0.0,0.0,0.0,0.0
baseline,1,1,1989.6157109375,4074732.976,0,340422.366028,zimg,165.963759,140.712952,233.934021,750.806946,2048,f580ef0be18fd8ea,720,pipeline,all,15212,76,165,146816,71.6875,54,0,1,1,32,,,,1788810990.7303815,,,,,,,,,12,0,0,0,12,55.897922,55.157959,69.594971,76.17804,0.0,0.0,0.0,0.0,0.0,0.0,0.0,0.0,1280,,48,0,0,0,32,110.065837,85.125977,175.68103,676.653992,0.0,0.0,0.0,0.0,0.0,0.0,0.0,0.0
baseline,1,1,1875.3333837890625,3840682.77,0,633313.63501,placement,309.029195,285.093994,365.76001,610.565979,2048,83dfe3596d415d15,1080,pipeline,local8,15212,76,578,77718,37.9482421875,55,0,1,1,8,,,,1788810991.4519253,,,,,,,,,16,0,0,0,16,121.792703,118.218994,146.974976,176.352966,0.0,0.0,0.0,0.0,0.0,0.0,0.0,0.0,1920,,8,0,0,0,8,187.236492,165.993042,229.245972,463.51001,0.0,0.0,0.0,0.0,0.0,0.0,0.0,0.0
baseline,1,1,587.851640625,1203920.16,0,274672.386963,wide,133.912547,138.889954,169.778992,185.559998,2048,a65e92c525618463,128,pipeline,all,15212,76,32,40423,19.73779296875,56,0,1,1,4,,,,1788810991.7585888,,,,,,,,,12,0,0,0,12,44.77125,46.921021,61.058044,67.080017,0.0,0.0,0.0,0.0,0.0,0.0,0.0,0.0,4096,,4,0,0,0,4,89.141297,91.718018,110.405029,118.440002,0.0,0.0,0.0,0.0,0.0,0.0,0.0,0.0
baseline,1,1,1025.1575869140624,2099522.738,0,473236.445007,zimg,230.866504,227.762024,273.752014,311.824951,2048,78444727a6ea1325,720,pipeline,all,15212,76,70,42105,20.55908203125,57,0,1,1,4,,,,1788810992.2768347,,,,,,,,,12,0,0,0,12,55.014062,54.134949,70.226013,82.299988,0.0,0.0,0.0,0.0,0.0,0.0,0.0,0.0,1280,,4,0,0,0,4,175.852442,173.116028,207.112,234.255005,0.0,0.0,0.0,0.0,0.0,0.0,0.0,0.0
baseline,1,1,7892.02242578125,16162861.928,0,10351939.920959,zimg,5054.226877,4971.772949,5773.507996,6442.47699,2048,05abdee009949698,2160,pipeline,all,43020,76,687,28883,14.10302734375,58,0,1,1,1,,,,1788811003.3636353,,,,,,,,,12,0,0,0,12,412.940746,425.036011,508.937988,633.309998,0.0,0.0,0.0,0.0,0.0,0.0,0.0,0.0,3840,,1,0,0,0,1,4641.286131,4578.198975,5308.446045,5768.940002,0.0,0.0,0.0,0.0,0.0,0.0,0.0,0.0
baseline,1,1,7765.41891796875,15903577.944,0,2070621.495972,zimg,1010.579623,959.52301,1223.325012,2064.789001,2048,857e254922f14a70,2160,pipeline,all,43480,76,407,48348,23.607421875,59,0,1,1,8,,,,1788811005.626772,,,,,,,,,12,0,0,0,12,314.043579,307.877991,360.049011,487.495972,0.0,0.0,0.0,0.0,0.0,0.0,0.0,0.0,3840,,8,0,0,0,8,696.536044,650.843994,858.195984,1667.737976,0.0,0.0,0.0,0.0,0.0,0.0,0.0,0.0
baseline,1,1,1614.777076171875,3307063.452,0,341432.738037,usm,166.530203,160.281006,185.400024,282.479004,2048,78444727a6ea1325,720,pipeline,all,15212,76,984,154886,75.6279296875,60,0,1,1,12,,,,1788811006.0088391,,,,,,,,,32,0,0,0,32,82.400655,80.174988,96.967957,115.813965,0.0,0.0,0.0,0.0,0.0,0.0,0.0,0.0,1280,,12,0,0,0,12,84.129548,79.85498,91.627991,174.569031,0.0,0.0,0.0,0.0,0.0,0.0,0.0,0.0
baseline,1,1,535.0503876953125,1095783.194,0,168982.45697,wide,82.316451,79.88501,90.315002,97.007996,2048,a4d8acbe80c9d6cb,128,pipeline,all,15212,76,65,48754,23.8056640625,61,0,1,1,8,,,,1788811006.2091923,,,,,,,,,12,0,0,0,12,35.801886,35.007996,39.335999,44.506042,0.0,0.0,0.0,0.0,0.0,0.0,0.0,0.0,4096,,8,0,0,0,8,46.514564,44.276001,53.103027,57.130981,0.0,0.0,0.0,0.0,0.0,0.0,0.0,0.0
baseline,1,1,1031.8181025390625,2113163.474,0,294039.90802,usm,143.38074,140.302979,159.791016,196.039978,2048,78444727a6ea1325,720,pipeline,all,15212,76,68,51588,25.189453125,62,0,1,1,12,,,,1788811006.5364447,,,,,,,,,8,0,0,0,8,58.033687,60.517029,70.947998,76.588989,0.0,0.0,0.0,0.0,0.0,0.0,0.0,0.0,1280,,12,0,0,0,12,85.347053,80.276001,89.755005,126.315002,0.0,0.0,0.0,0.0,0.0,0.0,0.0,0.0
baseline,1,1,1944.5625947265626,3982464.194,0,1415765.97998,zimg,691.051151,676.883972,764.27301,824.250977,2048,f3138462601ef82d,1080,pipeline,all,15212,76,69,35496,17.33203125,63,0,1,1,2,,,,1788811008.0730186,,,,,,,,,12,0,0,0,12,85.495127,83.622009,96.457031,117.128052,0.0,0.0,0.0,0.0,0.0,0.0,0.0,0.0,1920,,2,0,0,0,2,605.556024,592.640991,669.390015,743.614014,0.0,0.0,0.0,0.0,0.0,0.0,0.0,0.0
baseline,1,1,1903.1008129882812,3897550.465,0,1325136.217957,usm,646.850966,625.775024,690.150024,955.44397,2048,5a2bef157e634ce9,1080,pipeline,all,15996,76,41,32473,15.85595703125,64,0,1,1,12,,,,1788811009.5158167,,,,,,,,,1,0,0,0,1,470.223042,467.247009,492.926941,521.102051,0.0,0.0,0.0,0.0,0.0,0.0,0.0,0.0,1920,,12,0,0,0,12,176.627924,156.955017,212.653015,468.098999,0.0,0.0,0.0,0.0,0.0,0.0,0.0,0.0
baseline,1,1,13982.349358886719,28635851.487,0,1709123.763,zimg,834.18907,812.057007,1086.460022,1996.455994,2048,fdac8dfb663bdd5e,2160,pipeline,all,47596,76,798,142469,69.56494140625,65,0,1,1,32,,,,1788811011.4033656,,,,,,,,,12,0,0,0,12,360.81515,373.666016,437.980042,480.221985,0.0,0.0,0.0,0.0,0.0,0.0,0.0,0.0,3840,,64,0,0,0,32,473.37392,433.471008,688.085999,1542.18396,0.0,0.0,0.0,0.0,0.0,0.0,0.0,0.0
baseline,1,1,2030.1708022460937,4157789.803,0,546925.697998,zimg,266.809954,253.320984,297.467957,378.584961,2048,83dfe3596d415d15,1080,pipeline,all,15212,76,76,47855,23.36669921875,66,0,1,1,8,,,,1788811012.0204766,,,,,,,,,12,0,0,0,12,86.525939,85.355957,91.838989,102.348999,0.0,0.0,0.0,0.0,0.0,0.0,0.0,0.0,1920,,8,0,0,0,8,180.284015,167.404968,207.08197,260.215027,0.0,0.0,0.0,0.0,0.0,0.0,0.0,0.0
baseline,1,1,2320.939747558594,4753284.603,0,478239.689026,usm,233.321935,221.861023,261.197021,418.322021,2048,78444727a6ea1325,720,pipeline,all,15212,76,3050,309840,151.2890625,67,0,1,1,12,,,,1788811012.544152,,,,,,,,,64,0,0,0,64,143.47595,139.871948,163.919006,190.338989,0.0,0.0,0.0,0.0,0.0,0.0,0.0,0.0,1280,,12,0,0,0,12,89.845985,81.438049,99.10199,204.07605,0.0,0.0,0.0,0.0,0.0,0.0,0.0,0.0
baseline,4,1,1335.5424477539063,2735190.933,0,250922.308044,wide,122.294844,107.588989,152.005005,483.078003,2048,a4d8acbe80c9d6cb,128,pipeline,all,15212,76,86,144769,70.68798828125,68,0,1,1,8,,,,1788811012.82913,,,,,,,,,12,0,0,0,12,41.61026,40.198059,51.289001,62.502014,0.0,0.0,0.0,0.0,0.0,0.0,0.0,0.0,4096,,32,0,0,0,32,80.684583,67.059998,105.224976,414.796021,0.0,0.0,0.0,0.0,0.0,0.0,0.0,0.0
baseline,1,1,1212.1666552734375,2482517.31,0,276283.784973,usm,134.672908,127.166992,147.796997,229.755981,2048,78444727a6ea1325,720,pipeline,all,15212,76,53,76245,37.22900390625,69,0,1,1,12,,,,1788811013.1369245,,,,,,,,,16,0,0,0,16,50.192234,47.302002,60.057007,72.611023,0.0,0.0,0.0,0.0,0.0,0.0,0.0,0.0,1280,,12,0,0,0,12,84.480674,79.074036,92.75,155.822998,0.0,0.0,0.0,0.0,0.0,0.0,0.0,0.0
baseline,1,1,931.4617846679688,1907633.735,0,1227456.730957,zimg,599.116252,596.758972,611.537048,671.322998,2048,78444727a6ea1325,720,pipeline,all,15212,76,45,28382,13.8583984375,70,0,1,1,1,,,,1788811014.4514718,,,,,,,,,12,0,0,0,12,44.634173,43.755005,47.833008,55.618042,0.0,0.0,0.0,0.0,0.0,0.0,0.0,0.0,1280,,1,0,0,0,1,554.482078,552.802979,565.067017,625.354004,0.0,0.0,0.0,0.0,0.0,0.0,0.0,0.0
baseline,1,1,9788.244357910156,20046324.445,0,1810659.295959,usm,883.732358,841.765015,1079.675964,1610.166016,2048,c72f5b5d2a6053ea,2160,pipeline,all,44756,76,654,112889,55.12158203125,71,0,1,1,12,,,,1788811016.456102,,,,,,,,,24,0,0,0,24,287.306943,282.928955,359.518005,434.864014,0.0,0.0,0.0,0.0,0.0,0.0,0.0,0.0,3840,,12,0,0,0,12,596.425415,549.796997,706.971985,1327.075989,0.0,0.0,0.0,0.0,0.0,0.0,0.0,0.0
baseline,1,1,2105.992000488281,4313071.617,0,915857.663025,zimg,446.943671,413.754028,575.135986,611.487,2048,b92327306272b2ac,1080,pipeline,all,15212,76,162,40933,19.98681640625,72,0,1,1,4,,,,1788811017.4645104,,,,,,,,,12,0,0,0,12,95.932082,85.927002,171.732971,179.687988,0.0,0.0,0.0,0.0,0.0,0.0,0.0,0.0,1920,,4,0,0,0,4,351.011589,327.105042,457.407959,491.253967,0.0,0.0,0.0,0.0,0.0,0.0,0.0,0.0
baseline,1,1,11015.587883789063,22559923.986,0,1958514.817017,usm,955.969888,904.015015,1148.690002,1957.710999,2048,c72f5b5d2a6053ea,2160,pipeline,all,45912,76,10267,291420,142.294921875,73,0,1,1,12,,,,1788811019.6041965,,,,,,,,,64,0,0,0,64,377.183145,368.525024,446.767029,519.107971,0.0,0.0,0.0,0.0,0.0,0.0,0.0,0.0,3840,,12,0,0,0,12,578.786743,529.598999,720.087952,1596.228943,0.0,0.0,0.0,0.0,0.0,0.0,0.0,0.0
baseline,1,1,2420.7151948242185,4957624.719,0,740518.844971,placement,361.357387,337.906006,394.195984,992.005981,2048,83dfe3596d415d15,1080,pipeline,physical,15212,76,1835,71114,34.7236328125,74,0,1,1,8,,,,1788811020.407102,,,,,,,,,16,0,0,0,16,134.367629,121.945984,160.300964,200.650024,0.0,0.0,0.0,0.0,0.0,0.0,0.0,0.0,1920,,8,0,0,0,8,226.989758,213.103027,245.737,533.776001,0.0,0.0,0.0,0.0,0.0,0.0,0.0,0.0
baseline,1,1,2707.050140625,5544038.688,0,546868.184998,usm,266.796194,253.270996,313.949951,476.125,2048,5a2bef157e634ce9,1080,pipeline,all,16708,76,1035,113594,55.4658203125,75,0,1,1,12,,,,1788811021.0119584,,,,,,,,,24,0,0,0,24,101.781831,99.453003,127.777954,143.508972,0.0,0.0,0.0,0.0,0.0,0.0,0.0,0.0,1920,,12,0,0,0,12,165.014363,152.786011,181.972961,356.732971,0.0,0.0,0.0,0.0,0.0,0.0,0.0,0.0
baseline,1,1,2042.7648696289064,4183582.453,0,547115.024963,usm,266.912096,268.871948,298.289978,392.703003,2048,5a2bef157e634ce9,1080,pipeline,all,16216,76,179,51045,24.92431640625,76,0,1,1,12,,,,1788811021.615068,,,,,,,,,8,0,0,0,8,107.521583,118.31897,130.353027,135.802979,0.0,0.0,0.0,0.0,0.0,0.0,0.0,0.0,1920,,12,0,0,0,12,159.390514,154.549988,172.615051,266.647034,0.0,0.0,0.0,0.0,0.0,0.0,0.0,0.0
baseline,1,1,1810.8260463867186,3708571.743,0,615545.326965,placement,300.341989,290.684021,350.159973,402.612,2048,83dfe3596d415d15,1080,pipeline,physical,15212,76,84,37876,18.494140625,77,0,1,1,8,,,,1788811022.3011591,,,,,,,,,8,0,0,0,8,113.804503,127.237,138.319031,155.281982,0.0,0.0,0.0,0.0,0.0,0.0,0.0,0.0,1920,,8,0,0,0,8,186.537487,185.630005,227.041016,251.958984,0.0,0.0,0.0,0.0,0.0,0.0,0.0,0.0
baseline,1,1,7652.088501953125,15671477.252,0,5658642.998047,zimg,2762.60476,2688.549011,3396.072998,3786.050964,2048,05abdee009949698,2160,pipeline,all,42296,76,447,35628,17.396484375,78,0,1,1,2,,,,1788811028.3955119,,,,,,,,,12,0,0,0,12,372.055055,373.015015,455.134033,483.949036,0.0,0.0,0.0,0.0,0.0,0.0,0.0,0.0,3840,,2,0,0,0,2,2390.549704,2318.750977,2986.729004,3374.140991,0.0,0.0,0.0,0.0,0.0,0.0,0.0,0.0
baseline,1,1,10122.844389160156,20731585.309,0,1767209.669983,usm,862.574545,836.504028,1001.674988,1294.973999,2048,c72f5b5d2a6053ea,2160,pipeline,all,46052,76,7184,220249,107.54345703125,79,0,1,1,12,,,,1788811030.3648648,,,,,,,,,48,0,0,0,48,331.324319,326.012024,392.010986,440.213989,0.0,0.0,0.0,0.0,0.0,0.0,0.0,0.0,3840,,12,0,0,0,12,531.250226,507.876038,627.388,935.596985,0.0,0.0,0.0,0.0,0.0,0.0,0.0,0.0
baseline,1,1,2361.071307128906,4835474.037,0,509364.444031,usm,248.48249,240.036011,278.079956,399.686035,2048,5a2bef157e634ce9,1080,pipeline,all,16740,76,580,79169,38.65673828125,80,0,1,1,12,,,,1788811030.9372237,,,,,,,,,16,0,0,0,16,90.635418,86.368042,116.235962,129.080017,0.0,0.0,0.0,0.0,0.0,0.0,0.0,0.0,1920,,12,0,0,0,12,157.847072,152.205017,167.39502,284.812988,0.0,0.0,0.0,0.0,0.0,0.0,0.0,0.0
baseline,1,1,15697.085939941406,32147632.005,0,1560089.409973,balanced,761.396389,711.460999,992.185974,1805.957031,2048,fdac8dfb663bdd5e,2160,pipeline,all,47816,76,2872,227263,110.96826171875,81,0,1,1,32,,,,1788811032.6800616,,,,,,,,,32,0,0,0,32,318.208171,315.111023,386.079956,425.807007,0.0,0.0,0.0,0.0,0.0,0.0,0.0,0.0,3840,,32,0,0,0,32,443.188217,392.372009,643.348999,1466.136963,0.0,0.0,0.0,0.0,0.0,0.0,0.0,0.0
baseline,1,1,1120.1524604492188,2294072.239,0,275439.565979,zimg,134.277124,129.992004,149.039978,214.686035,2048,78444727a6ea1325,720,pipeline,all,15212,76,145,62487,30.51123046875,82,0,1,1,12,,,,1788811032.985809,,,,,,,,,12,0,0,0,12,50.171388,48.484009,58.372986,66.609009,0.0,0.0,0.0,0.0,0.0,0.0,0.0,0.0,1280,,12,0,0,0,12,84.105736,80.246033,93.772034,151.735046,0.0,0.0,0.0,0.0,0.0,0.0,0.0,0.0
baseline,1,1,13334.101233886719,27308239.327,0,1612075.337036,zimg,786.774794,746.299011,1012.554993,2298.953003,2048,fdac8dfb663bdd5e,2160,pipeline,all,47324,76,1091,142582,69.6201171875,83,0,1,1,32,,,,1788811034.807905,,,,,,,,,12,0,0,0,12,333.938743,349.968994,425.546021,457.518005,0.0,0.0,0.0,0.0,0.0,0.0,0.0,0.0,3840,,32,0,0,0,32,452.836051,397.642029,650.78302,1719.288025,0.0,0.0,0.0,0.0,0.0,0.0,0.0,0.0
baseline,1,1,1883.3707109375,3857143.216,0,850534.630981,usm,415.096492,406.278992,438.131042,535.259033,2048,5a2bef157e634ce9,1080,pipeline,all,15824,76,39,38104,18.60546875,84,0,1,1,12,,,,1788811035.734943,,,,,,,,,2,0,0,0,2,257.004425,254.63501,272.619995,281.026001,0.0,0.0,0.0,0.0,0.0,0.0,0.0,0.0,1920,,12,0,0,0,12,158.092066,151.403992,173.857056,271.057007,0.0,0.0,0.0,0.0,0.0,0.0,0.0,0.0
baseline,1,1,932.274923828125,1909299.044,0,416797.031006,usm,203.32394,199.947998,213.875,230.718018,2048,78444727a6ea1325,720,pipeline,all,15212,76,28,38875,18.98193359375,85,0,1,1,12,,,,1788811036.1924634,,,,,,,,,2,0,0,0,2,120.636187,119.902954,127.416992,133.169006,0.0,0.0,0.0,0.0,0.0,0.0,0.0,0.0,1280,,12,0,0,0,12,82.687754,79.615051,88.863037,102.039001,0.0,0.0,0.0,0.0,0.0,0.0,0.0,0.0
baseline,1,1,1908.9223388671876,3909472.95,0,2558411.047974,zimg,1248.974814,1237.453003,1303.591003,1478.43103,2048,f3138462601ef82d,1080,pipeline,all,15212,76,142,29144,14.23046875,86,0,1,1,1,,,,1788811038.9366724,,,,,,,,,12,0,0,0,12,85.577143,83.641968,95.61499,115.604004,0.0,0.0,0.0,0.0,0.0,0.0,0.0,0.0,1920,,1,0,0,0,1,1163.397671,1151.705994,1213.165039,1370.901001,0.0,0.0,0.0,0.0,0.0,0.0,0.0,0.0
baseline,1,1,7629.4747241210935,15625164.235,0,5108441.61499,usm,2494.029214,2474.403992,2657.73999,2953.343018,2048,c72f5b5d2a6053ea,2160,pipeline,all,44080,76,89,28190,13.7646484375,87,0,1,1,12,,,,1788811044.4365573,,,,,,,,,1,0,0,0,1,1864.920327,1850.643005,1970.083984,2067.513977,0.0,0.0,0.0,0.0,0.0,0.0,0.0,0.0,3840,,12,0,0,0,12,629.108887,613.541016,739.375977,953.971985,0.0,0.0,0.0,0.0,0.0,0.0,0.0,0.0
baseline,1,1,8258.272486816406,16912942.053,0,1529876.401978,zimg,746.714828,738.964966,925.237,1104.013,2048,c3e70d98ebda112a,2160,pipeline,all,45328,76,254,76907,37.55224609375,88,0,1,1,16,,,,1788811046.1236167,,,,,,,,,12,0,0,0,12,304.038819,324.560974,407.220032,439.042053,0.0,0.0,0.0,0.0,0.0,0.0,0.0,0.0,3840,,16,0,0,0,16,442.676009,424.664001,523.226013,782.738953,0.0,0.0,0.0,0.0,0.0,0.0,0.0,0.0
baseline,1,1,2727.973095214844,5586888.899,0,835038.656006,placement,407.554169,389.515991,442.408997,776.547974,2048,83dfe3596d415d15,1080,pipeline,physical,15476,76,5074,141898,69.2861328125,89,0,1,1,8,,,,1788811047.0318882,,,,,,,,,32,0,0,0,32,173.551869,169.499023,196.351013,238.53302,0.0,0.0,0.0,0.0,0.0,0.0,0.0,0.0,1920,,8,0,0,0,8,234.0023,218.815002,253.853027,529.858032,0.0,0.0,0.0,0.0,0.0,0.0,0.0,0.0
baseline,1,1,4369.457963867188,8948649.91,0,625347.937012,pin,305.092012,304.070007,359.397949,398.723999,2048,635eaa6dbdb99686,1080,pipeline,all,17264,76,5240,235990,115.2294921875,90,0,0,1,32,,,,1788811047.7314193,,,,,,,,,32,0,0,0,32,125.469316,123.589966,149.519958,186.111023,0.0,0.0,0.0,0.0,0.0,0.0,0.0,0.0,1920,,32,0,0,0,32,179.622696,180.942017,215.809021,242.059998,0.0,0.0,0.0,0.0,0.0,0.0,0.0,0.0
baseline,1,1,1503.6970610351561,3079571.581,0,278758.278992,zimg,135.87973,126.075012,150.742981,295.624023,2048,cfdb256cfd47aa5f,720,pipeline,all,15212,76,312,109799,53.61279296875,91,0,1,1,24,,,,1788811048.051148,,,,,,,,,12,0,0,0,12,49.677086,49.575989,60.205994,68.482971,0.0,0.0,0.0,0.0,0.0,0.0,0.0,0.0,1280,,24,0,0,0,24,86.202644,77.380005,92.779968,236.900024,0.0,0.0,0.0,0.0,0.0,0.0,0.0,0.0
baseline,1,1,6964.071733398438,14262418.91,0,3172312.710999,usm,1548.65892,1524.338989,1684.731018,2158.760986,2048,c72f5b5d2a6053ea,2160,pipeline,all,44784,76,319,35580,17.373046875,92,0,1,1,12,,,,1788811051.48227,,,,,,,,,2,0,0,0,2,1025.597709,1016.583984,1101.879028,1171.924988,0.0,0.0,0.0,0.0,0.0,0.0,0.0,0.0,3840,,12,0,0,0,12,523.061212,495.531982,601.336975,1044.588013,0.0,0.0,0.0,0.0,0.0,0.0,0.0,0.0
baseline,1,1,1971.0781840820312,4036768.121,0,636420.032959,usm,310.541141,300.223022,364.947998,427.950989,2048,5a2bef157e634ce9,1080,pipeline,all,15792,76,94,42637,20.81884765625,93,0,1,1,12,,,,1788811052.2014167,,,,,,,,,4,0,0,0,4,148.984512,145.392029,163.798035,234.335022,0.0,0.0,0.0,0.0,0.0,0.0,0.0,0.0,1920,,12,0,0,0,12,161.556628,154.319946,180.570007,250.315979,0.0,0.0,0.0,0.0,0.0,0.0,0.0,0.0
baseline,1,1,3632.008197265625,7438352.788,0,714183.63501,usm,348.517193,333.939026,389.426025,722.833008,2048,5a2bef157e634ce9,1080,pipeline,all,17280,76,6250,308068,150.423828125,94,0,1,1,12,,,,1788811052.9878151,,,,,,,,,64,0,0,0,64,182.023697,179.898987,207.963989,234.484985,0.0,0.0,0.0,0.0,0.0,0.0,0.0,0.0,1920,,12,0,0,0,12,166.493496,153.086975,182.954956,531.301025,0.0,0.0,0.0,0.0,0.0,0.0,0.0,0.0
baseline,1,1,3107.236013183594,6363619.355,0,504705.197998,balanced,246.22343,217.391968,352.072998,852.424988,2048,f580ef0be18fd8ea,720,pipeline,all,15212,76,2562,388303,189.60107421875,0,0,1,2,32,,,,1788811053.547881,,,,,,,,,64,0,0,0,64,140.939319,136.785034,166.703003,201.83197,0.0,0.0,0.0,0.0,0.0,0.0,0.0,0.0,1280,,64,0,0,0,32,105.284111,79.775024,186.281982,687.845032,0.0,0.0,0.0,0.0,0.0,0.0,0.0,0.0
baseline,4,1,1281.9316293945312,2625395.977,0,262941.101013,wide,128.155131,105.454041,179.087036,667.565979,2048,a4d8acbe80c9d6cb,128,pipeline,all,15212,76,215,145710,71.1474609375,1,0,1,2,8,,,,1788811053.8479652,,,,,,,,,12,0,0,0,12,41.690032,40.147949,52.711975,61.408997,0.0,0.0,0.0,0.0,0.0,0.0,0.0,0.0,4096,,32,0,0,0,32,86.465099,64.294983,136.995972,632.377991,0.0,0.0,0.0,0.0,0.0,0.0,0.0,0.0
baseline,1,1,2163.413327636719,4430670.495,0,516397.968018,usm,251.907528,246.187988,269.563049,378.434998,2048,5a2bef157e634ce9,1080,pipeline,all,15896,76,181,62638,30.5849609375,2,0,1,2,12,,,,1788811054.419324,,,,,,,,,12,0,0,0,12,94.77873,94.473999,105.093994,113.630005,0.0,0.0,0.0,0.0,0.0,0.0,0.0,0.0,1920,,12,0,0,0,12,157.128798,150.752014,169.237976,269.562988,0.0,0.0,0.0,0.0,0.0,0.0,0.0,0.0
baseline,1,1,2819.2966713867186,5773919.583,0,874455.27002,placement,426.776975,409.275024,473.619019,910.847961,2048,83dfe3596d415d15,1080,pipeline,physical,15472,76,5904,141919,69.29638671875,3,0,1,2,8,,,,1788811055.3716238,,,,,,,,,32,0,0,0,32,183.970032,180.029968,209.72699,239.184998,0.0,0.0,0.0,0.0,0.0,0.0,0.0,0.0,1920,,8,0,0,0,8,242.806943,227.492004,267.919983,627.007019,0.0,0.0,0.0,0.0,0.0,0.0,0.0,0.0
baseline,1,1,1941.0514213867189,3975273.311,0,634993.292969,usm,309.847732,297.528015,379.096008,445.204041,2048,5a2bef157e634ce9,1080,pipeline,all,15472,76,88,42287,20.64794921875,4,0,1,2,12,,,,1788811056.0707889,,,,,,,,,4,0,0,0,4,148.921052,141.445007,218.364014,230.247009,0.0,0.0,0.0,0.0,0.0,0.0,0.0,0.0,1920,,12,0,0,0,12,160.92668,155.001038,173.47699,276.367004,0.0,0.0,0.0,0.0,0.0,0.0,0.0,0.0
baseline,1,1,9891.390911621094,20257568.587,0,1748539.610046,usm,853.425481,848.888,954.482971,1230.048035,2048,c72f5b5d2a6053ea,2160,pipeline,all,45556,76,564,113941,55.63525390625,5,0,1,2,12,,,,1788811057.9795308,,,,,,,,,24,0,0,0,24,300.850134,301.746033,358.815979,383.684998,0.0,0.0,0.0,0.0,0.0,0.0,0.0,0.0,3840,,12,0,0,0,12,552.575347,541.510986,614.492981,973.690002,0.0,0.0,0.0,0.0,0.0,0.0,0.0,0.0
baseline,1,1,1945.6019262695313,3984592.745,0,1389637.907959,zimg,678.30795,671.703979,697.734985,749.39502,2048,f3138462601ef82d,1080,pipeline,all,15212,76,37,34461,16.82666015625,6,0,1,2,2,,,,1788811059.47475,,,,,,,,,12,0,0,0,12,83.814204,83.100952,87.5,91.717957,0.0,0.0,0.0,0.0,0.0,0.0,0.0,0.0,1920,,2,0,0,0,2,594.493747,588.252014,612.228027,661.174011,0.0,0.0,0.0,0.0,0.0,0.0,0.0,0.0
baseline,1,1,7660.950677246094,15689626.987,0,1678736.881958,usm,819.349494,808.899963,955.255005,1271.459045,2048,c72f5b5d2a6053ea,2160,pipeline,all,44564,76,403,60973,29.77197265625,7,0,1,2,12,,,,1788811061.3205185,,,,,,,,,12,0,0,0,12,304.747053,324.328979,364.406982,405.05603,0.0,0.0,0.0,0.0,0.0,0.0,0.0,0.0,3840,,12,0,0,0,12,514.602441,492.747009,600.094971,908.314026,0.0,0.0,0.0,0.0,0.0,0.0,0.0,0.0
baseline,1,1,967.9454130859375,1982352.206,0,439440.712036,zimg,214.371326,207.342041,248.442017,297.778015,2048,78444727a6ea1325,720,pipeline,all,15212,76,113,42118,20.5654296875,8,0,1,2,4,,,,1788811061.8047073,,,,,,,,,12,0,0,0,12,49.206967,46.320007,62.460999,69.093994,0.0,0.0,0.0,0.0,0.0,0.0,0.0,0.0,1280,,4,0,0,0,4,165.164359,160.231018,187.003052,230.857971,0.0,0.0,0.0,0.0,0.0,0.0,0.0,0.0
baseline,1,1,7727.060370117188,15825019.638,0,9917380.337036,zimg,4842.107228,4798.606018,5204.924988,5599.651001,2048,05abdee009949698,2160,pipeline,all,43076,76,587,28194,13.7666015625,9,0,1,2,1,,,,1788811072.4353423,,,,,,,,,12,0,0,0,12,411.450328,430.234985,447.940002,535.98999,0.0,0.0,0.0,0.0,0.0,0.0,0.0,0.0,3840,,1,0,0,0,1,4430.6569,4390.103027,4786.202026,5089.030029,0.0,0.0,0.0,0.0,0.0,0.0,0.0,0.0
baseline,1,1,1892.076958984375,3874973.612,0,735421.665039,placement,358.870471,348.646973,407.481018,452.117981,2048,83dfe3596d415d15,1080,pipeline,split8,15220,76,347,40466,19.7587890625,10,0,1,2,8,,,,1788811073.238438,,,,,,,,,8,0,0,0,8,148.797989,144.380981,172.033997,211.940979,0.0,0.0,0.0,0.0,0.0,0.0,0.0,0.0,1920,,8,0,0,0,8,210.072482,203.475037,240.487061,281.71698,0.0,0.0,0.0,0.0,0.0,0.0,0.0,0.0
baseline,1,1,7543.857949707031,15449821.081,0,5076752.809998,usm,2478.58787,2464.424011,2610.478027,2835.154968,2048,c72f5b5d2a6053ea,2160,pipeline,all,44528,76,215,28334,13.8349609375,11,0,1,2,12,,,,1788811078.6993306,,,,,,,,,1,0,0,0,1,1864.574989,1852.296021,1954.575012,2010.742981,0.0,0.0,0.0,0.0,0.0,0.0,0.0,0.0,3840,,12,0,0,0,12,614.012881,607.169006,685.02002,900.899048,0.0,0.0,0.0,0.0,0.0,0.0,0.0,0.0
baseline,1,1,1811.9724467773437,3710919.571,0,643774.037964,placement,314.096365,298.067993,391.189026,489.851013,2048,83dfe3596d415d15,1080,pipeline,physical,15488,76,233,38410,18.7548828125,12,0,1,2,8,,,,1788811079.4120646,,,,,,,,,8,0,0,0,8,130.643846,131.615967,149.690979,168.617004,0.0,0.0,0.0,0.0,0.0,0.0,0.0,0.0,1920,,8,0,0,0,8,183.452519,166.112976,240.656982,305.07196,0.0,0.0,0.0,0.0,0.0,0.0,0.0,0.0
baseline,1,1,1949.5313500976563,3992640.205,0,1469536.773987,usm,717.336842,639.050964,1012.735962,2493.541016,2048,5a2bef157e634ce9,1080,pipeline,all,16232,76,109,33024,16.125,13,0,1,2,12,,,,1788811080.989516,,,,,,,,,1,0,0,0,1,476.351092,470.793945,508.567993,556.059998,0.0,0.0,0.0,0.0,0.0,0.0,0.0,0.0,1920,,12,0,0,0,12,240.98575,162.033997,539.72699,2014.280029,0.0,0.0,0.0,0.0,0.0,0.0,0.0,0.0
baseline,1,1,1122.9161215820313,2299732.217,0,280363.424011,usm,136.67789,129.031006,148.727966,315.963013,2048,78444727a6ea1325,720,pipeline,all,15212,76,235,62469,30.50244140625,14,0,1,2,12,,,,1788811081.3037195,,,,,,,,,12,0,0,0,12,49.98544,48.093018,58.783997,67.120972,0.0,0.0,0.0,0.0,0.0,0.0,0.0,0.0,1280,,12,0,0,0,12,86.692451,79.915039,92.640015,194.336975,0.0,0.0,0.0,0.0,0.0,0.0,0.0,0.0
baseline,1,1,533.3953203125,1092393.616,0,637822.372986,wide,311.233858,302.958008,371.0,391.098999,2048,e6129fbb365f02bc,128,pipeline,all,15212,76,40,31170,15.2197265625,15,0,1,2,1,,,,1788811081.997797,,,,,,,,,12,0,0,0,12,40.912622,36.349976,68.413025,73.692993,0.0,0.0,0.0,0.0,0.0,0.0,0.0,0.0,4096,,1,0,0,0,1,270.321236,265.825989,302.596985,320.791992,0.0,0.0,0.0,0.0,0.0,0.0,0.0,0.0
baseline,1,1,2256.44103125,4621191.232,0,820888.53302,placement,400.636266,366.671997,466.286011,1119.554016,2048,83dfe3596d415d15,1080,pipeline,split8,15496,76,6514,139731,68.22802734375,16,0,1,2,8,,,,1788811082.8866844,,,,,,,,,32,0,0,0,32,183.242141,169.018005,231.518982,406.468994,0.0,0.0,0.0,0.0,0.0,0.0,0.0,0.0,1920,,8,0,0,0,8,217.394125,196.089966,245.836975,774.553955,0.0,0.0,0.0,0.0,0.0,0.0,0.0,0.0
baseline,1,1,3983.823587890625,8158870.708,0,559835.627991,zimg,273.101175,260.486023,320.171997,683.195984,2048,635eaa6dbdb99686,1080,pipeline,all,16216,76,243,142765,69.70947265625,17,0,1,2,32,,,,1788811083.521794,,,,,,,,,12,0,0,0,12,108.240347,109.411987,121.244995,130.994995,0.0,0.0,0.0,0.0,0.0,0.0,0.0,0.0,1920,,48,0,0,0,32,164.860829,149.539978,203.275024,564.555969,0.0,0.0,0.0,0.0,0.0,0.0,0.0,0.0
baseline,1,1,2301.2396127929687,4712938.727,0,472444.184021,usm,230.516131,221.369995,263.169983,425.596008,2048,78444727a6ea1325,720,pipeline,all,15212,76,4142,309922,151.3291015625,18,0,1,2,12,,,,1788811084.0393698,,,,,,,,,64,0,0,0,64,144.254715,141.093994,163.106018,200.359009,0.0,0.0,0.0,0.0,0.0,0.0,0.0,0.0,1280,,12,0,0,0,12,86.261417,79.554016,98.802002,194.546997,0.0,0.0,0.0,0.0,0.0,0.0,0.0,0.0
baseline,1,1,519.9235405273438,1064803.411,0,226183.767944,wide,110.239618,107.097961,124.051025,141.023987,2048,a65e92c525618463,128,pipeline,all,15212,76,64,38728,18.91015625,19,0,1,2,4,,,,1788811084.2931554,,,,,,,,,12,0,0,0,12,34.092505,33.435059,37.912964,44.506958,0.0,0.0,0.0,0.0,0.0,0.0,0.0,0.0,4096,,4,0,0,0,4,76.147113,73.171997,87.640015,100.986023,0.0,0.0,0.0,0.0,0.0,0.0,0.0,0.0
baseline,1,1,1925.905953125,3944255.392,0,310769.786011,zimg,151.492891,137.687988,209.866943,443.039978,2048,f580ef0be18fd8ea,720,pipeline,all,15212,76,411,144403,70.50927734375,20,0,1,2,32,,,,1788811084.6496737,,,,,,,,,12,0,0,0,12,53.383969,53.163025,64.575012,72.820984,0.0,0.0,0.0,0.0,0.0,0.0,0.0,0.0,1280,,32,0,0,0,32,98.108922,84.414001,148.388,385.828979,0.0,0.0,0.0,0.0,0.0,0.0,0.0,0.0
baseline,1,1,1576.1161259765624,3227885.826,0,280410.546021,zimg,136.70642,126.315002,144.870972,282.848999,2048,cfdb256cfd47aa5f,720,pipeline,all,15212,76,131,107624,52.55078125,21,0,1,2,24,,,,1788811084.9702218,,,,,,,,,12,0,0,0,12,50.754937,50.569031,59.075012,66.049011,0.0,0.0,0.0,0.0,0.0,0.0,0.0,0.0,1280,,24,0,0,0,24,85.951483,75.276001,88.19104,236.05896,0.0,0.0,0.0,0.0,0.0,0.0,0.0,0.0
baseline,1,1,5098.72197265625,10442182.6,0,693635.971008,balanced,338.453733,308.439026,424.223999,939.263,2048,635eaa6dbdb99686,1080,pipeline,all,17252,76,4123,380206,185.6474609375,22,0,1,2,32,,,,1788811085.7419212,,,,,,,,,64,0,0,0,64,181.214861,177.454041,209.507019,243.52301,0.0,0.0,0.0,0.0,0.0,0.0,0.0,0.0,1920,,64,0,0,0,32,157.238873,129.450989,221.388977,711.371033,0.0,0.0,0.0,0.0,0.0,0.0,0.0,0.0
baseline,1,1,2660.6149389648435,5448939.395,0,586467.18103,pin,286.133257,285.234009,297.777954,311.124023,2048,5a2bef157e634ce9,1080,pipeline,all,15504,76,182,57332,27.994140625,23,0,0,2,12,,,,1788811086.3871706,,,,,,,,,12,0,0,0,12,86.654352,85.995972,92.348999,98.891968,0.0,0.0,0.0,0.0,0.0,0.0,0.0,0.0,1920,,12,0,0,0,12,199.478905,198.997009,207.453003,212.943054,0.0,0.0,0.0,0.0,0.0,0.0,0.0,0.0
baseline,1,1,1007.77522265625,2063923.656,0,327254.388977,zimg,159.577956,128.98999,170.41095,935.276001,2048,8a115e09118c7e24,720,pipeline,all,15212,76,107,47274,23.0830078125,24,0,1,2,8,,,,1788811086.7451584,,,,,,,,,12,0,0,0,12,48.312634,44.205994,52.190979,78.141968,0.0,0.0,0.0,0.0,0.0,0.0,0.0,0.0,1280,,8,0,0,0,8,111.265321,84.17395,116.406006,831.565002,0.0,0.0,0.0,0.0,0.0,0.0,0.0,0.0
baseline,2,1,842.139794921875,1724702.3,0,214329.004028,wide,104.46417,98.771973,114.603027,215.828979,2048,a4d8acbe80c9d6cb,128,pipeline,all,15212,76,86,78628,38.392578125,25,0,1,2,8,,,,1788811086.9942214,,,,,,,,,12,0,0,0,12,44.443515,41.510986,56.580017,62.652039,0.0,0.0,0.0,0.0,0.0,0.0,0.0,0.0,4096,,16,0,0,0,16,60.020655,56.018005,62.0,163.117004,0.0,0.0,0.0,0.0,0.0,0.0,0.0,0.0
baseline,1,1,3952.361745605469,8094436.855,0,535821.96698,zimg,261.386728,257.751038,309.330994,582.601013,2048,635eaa6dbdb99686,1080,pipeline,all,16496,76,231,141989,69.33056640625,26,0,1,2,32,,,,1788811087.5949311,,,,,,,,,12,0,0,0,12,103.770375,108.009949,122.096985,130.172974,0.0,0.0,0.0,0.0,0.0,0.0,0.0,0.0,1920,,64,0,0,0,32,157.616353,148.567993,195.700012,464.442017,0.0,0.0,0.0,0.0,0.0,0.0,0.0,0.0
baseline,1,1,1759.7041772460936,3603874.155,0,571484.153015,placement,278.86543,266.22699,321.934998,360.128967,2048,83dfe3596d415d15,1080,pipeline,local8,15476,76,1414,60974,29.7724609375,27,0,1,2,8,,,,1788811088.2223854,,,,,,,,,12,0,0,0,12,114.235948,103.471008,149.230042,166.963989,0.0,0.0,0.0,0.0,0.0,0.0,0.0,0.0,1920,,8,0,0,0,8,164.629483,159.710022,193.334961,218.924988,0.0,0.0,0.0,0.0,0.0,0.0,0.0,0.0
baseline,1,1,927.0222221679687,1898541.511,0,1231121.257019,zimg,600.91874,597.700989,615.866028,659.138977,2048,78444727a6ea1325,720,pipeline,all,15212,76,135,28783,14.05419921875,28,0,1,2,1,,,,1788811089.546253,,,,,,,,,12,0,0,0,12,45.374474,44.145996,49.445984,60.657043,0.0,0.0,0.0,0.0,0.0,0.0,0.0,0.0,1280,,1,0,0,0,1,555.544266,553.424011,568.723999,595.605957,0.0,0.0,0.0,0.0,0.0,0.0,0.0,0.0
baseline,1,1,4626.501583496094,9475075.243,0,539402.518005,balanced,263.154973,249.966003,317.557007,628.329956,2048,635eaa6dbdb99686,1080,pipeline,all,16956,76,876,226153,110.42626953125,29,0,1,2,32,,,,1788811090.1592317,,,,,,,,,32,0,0,0,32,119.850653,118.610046,140.812988,156.394043,0.0,0.0,0.0,0.0,0.0,0.0,0.0,0.0,1920,,32,0,0,0,32,143.30432,130.533997,184.388,484.169983,0.0,0.0,0.0,0.0,0.0,0.0,0.0,0.0
baseline,1,1,2665.168268066406,5458264.613,0,514870.421021,usm,251.17614,248.232056,277.14801,329.138977,2048,5a2bef157e634ce9,1080,pipeline,all,16164,76,359,112247,54.80810546875,30,0,1,2,12,,,,1788811090.7303958,,,,,,,,,24,0,0,0,24,97.21244,96.157043,113.971985,133.118958,0.0,0.0,0.0,0.0,0.0,0.0,0.0,0.0,1920,,12,0,0,0,12,153.9637,151.765015,163.578003,192.804993,0.0,0.0,0.0,0.0,0.0,0.0,0.0,0.0
baseline,1,1,2026.4029194335938,4150073.179,0,309692.273987,zimg,150.993196,142.395996,171.362976,346.513,2048,f580ef0be18fd8ea,720,pipeline,all,15212,76,112,142783,69.71826171875,31,0,1,2,32,,,,1788811091.0811768,,,,,,,,,12,0,0,0,12,55.319201,54.776978,60.567993,67.570984,0.0,0.0,0.0,0.0,0.0,0.0,0.0,0.0,1280,,48,0,0,0,32,95.673995,87.088989,110.674988,287.518005,0.0,0.0,0.0,0.0,0.0,0.0,0.0,0.0
baseline,1,1,2132.3718623046875,4367097.574,0,633484.531982,placement,309.100248,301.034973,335.85199,373.265015,2048,83dfe3596d415d15,1080,pipeline,physical,15236,76,118,52594,25.6806640625,32,0,1,2,8,,,,1788811091.7745516,,,,,,,,,12,0,0,0,12,100.415571,98.030029,113.049011,122.627991,0.0,0.0,0.0,0.0,0.0,0.0,0.0,0.0,1920,,8,0,0,0,8,208.684677,202.562988,230.115967,255.154968,0.0,0.0,0.0,0.0,0.0,0.0,0.0,0.0
baseline,1,1,1072.7981059570313,2197090.521,0,269469.754944,zimg,131.383788,128.078979,146.252991,195.289978,2048,78444727a6ea1325,720,pipeline,all,15212,76,99,64450,31.4697265625,33,0,1,2,12,,,,1788811092.0752068,,,,,,,,,12,0,0,0,12,49.909422,49.886963,58.584045,67.089966,0.0,0.0,0.0,0.0,0.0,0.0,0.0,0.0,1280,,12,0,0,0,12,81.474366,77.580994,90.366028,111.096008,0.0,0.0,0.0,0.0,0.0,0.0,0.0,0.0
baseline,1,1,1482.8634462890625,3036904.338,0,315181.830994,usm,153.686629,147.746033,175.510986,253.372009,2048,78444727a6ea1325,720,pipeline,all,15212,76,154,113335,55.33935546875,34,0,1,2,12,,,,1788811092.427333,,,,,,,,,24,0,0,0,24,66.238015,65.005981,76.177979,84.903992,0.0,0.0,0.0,0.0,0.0,0.0,0.0,0.0,1280,,12,0,0,0,12,87.448615,82.098999,101.687988,177.595032,0.0,0.0,0.0,0.0,0.0,0.0,0.0,0.0
baseline,1,1,8008.281994628906,16400961.525,0,1503479.348999,zimg,733.803914,737.892944,883.655029,1044.437988,2048,c3e70d98ebda112a,2160,pipeline,all,45160,76,391,76598,37.4013671875,35,0,1,2,16,,,,1788811094.0828857,,,,,,,,,12,0,0,0,12,301.940952,313.309021,374.326965,421.166992,0.0,0.0,0.0,0.0,0.0,0.0,0.0,0.0,3840,,16,0,0,0,16,431.862961,418.141968,507.404968,712.622986,0.0,0.0,0.0,0.0,0.0,0.0,0.0,0.0
baseline,1,1,526.6360229492187,1078550.575,0,384208.411011,wide,187.424453,185.580994,196.801941,207.242004,2048,94b6de246138a657,128,pipeline,all,15212,76,53,37580,18.349609375,36,0,1,2,2,,,,1788811094.5036066,,,,,,,,,12,0,0,0,12,39.20803,38.393982,44.346008,52.882996,0.0,0.0,0.0,0.0,0.0,0.0,0.0,0.0,4096,,2,0,0,0,2,148.216423,146.815002,154.579956,159.95105,0.0,0.0,0.0,0.0,0.0,0.0,0.0,0.0
baseline,1,1,1887.6205590820311,3865846.905,0,855098.388,usm,417.32223,408.663025,444.432983,543.405029,2048,5a2bef157e634ce9,1080,pipeline,all,16236,76,100,38070,18.5888671875,37,0,1,2,12,,,,1788811095.4348142,,,,,,,,,2,0,0,0,2,259.752719,257.369995,275.896057,284.993958,0.0,0.0,0.0,0.0,0.0,0.0,0.0,0.0,1920,,12,0,0,0,12,157.569511,151.223022,171.983948,273.630981,0.0,0.0,0.0,0.0,0.0,0.0,0.0,0.0
baseline,1,1,1966.9808022460938,4028376.683,0,859648.059998,zimg,419.540482,405.346985,488.547974,511.393005,2048,b92327306272b2ac,1080,pipeline,all,15216,76,68,39555,19.31396484375,38,0,1,2,4,,,,1788811096.3726919,,,,,,,,,12,0,0,0,12,88.333192,84.483948,107.80896,124.532043,0.0,0.0,0.0,0.0,0.0,0.0,0.0,0.0,1920,,4,0,0,0,4,331.20729,320.682007,381.150024,401.76001,0.0,0.0,0.0,0.0,0.0,0.0,0.0,0.0
baseline,1,1,2354.7176430664063,4822461.733,0,525704.414978,usm,256.450689,241.127991,301.174011,573.682983,2048,5a2bef157e634ce9,1080,pipeline,all,15684,76,202,80091,39.10693359375,39,0,1,2,12,,,,1788811096.9509096,,,,,,,,,16,0,0,0,16,92.659862,88.651978,113.741028,127.958008,0.0,0.0,0.0,0.0,0.0,0.0,0.0,0.0,1920,,12,0,0,0,12,163.790826,150.913025,187.773987,386.540039,0.0,0.0,0.0,0.0,0.0,0.0,0.0,0.0
baseline,1,1,1603.9804624023438,3284951.987,0,357218.040955,usm,174.233238,161.963989,192.184021,482.015991,2048,78444727a6ea1325,720,pipeline,all,15212,76,1021,155348,75.853515625,40,0,1,2,12,,,,1788811097.34462,,,,,,,,,32,0,0,0,32,84.290138,81.638977,98.541992,110.002991,0.0,0.0,0.0,0.0,0.0,0.0,0.0,0.0,1280,,12,0,0,0,12,89.9431,79.524048,95.97699,299.099976,0.0,0.0,0.0,0.0,0.0,0.0,0.0,0.0
baseline,1,1,10890.21375341797,22303157.767,0,1881251.272949,usm,918.233087,875.559998,1064.737,2012.516968,2048,c72f5b5d2a6053ea,2160,pipeline,all,46660,76,10531,290441,141.81689453125,41,0,1,2,12,,,,1788811099.4148102,,,,,,,,,64,0,0,0,64,367.555803,361.401001,419.504028,484.148987,0.0,0.0,0.0,0.0,0.0,0.0,0.0,0.0,3840,,12,0,0,0,12,550.677284,511.742981,650.072021,1491.665955,0.0,0.0,0.0,0.0,0.0,0.0,0.0,0.0
baseline,1,1,1938.4941215820313,3970035.961,0,2596835.182983,zimg,1267.713677,1249.486023,1347.846985,1551.692993,2048,f3138462601ef82d,1080,pipeline,all,15212,76,177,28670,13.9990234375,42,0,1,2,1,,,,1788811102.1985812,,,,,,,,,12,0,0,0,12,86.3008,82.960999,94.723999,129.881958,0.0,0.0,0.0,0.0,0.0,0.0,0.0,0.0,1920,,1,0,0,0,1,1181.412877,1165.541992,1259.054016,1410.046997,0.0,0.0,0.0,0.0,0.0,0.0,0.0,0.0
baseline,1,1,10682.179572265624,21877103.764,0,1800770.406006,usm,878.952794,852.544983,1058.014038,1409.746948,2048,c72f5b5d2a6053ea,2160,pipeline,all,46068,76,3114,148495,72.50732421875,43,0,1,2,12,,,,1788811104.1652877,,,,,,,,,32,0,0,0,32,311.766502,305.213013,385.307983,440.475037,0.0,0.0,0.0,0.0,0.0,0.0,0.0,0.0,3840,,12,0,0,0,12,567.186291,542.031982,677.596008,1090.677002,0.0,0.0,0.0,0.0,0.0,0.0,0.0,0.0
baseline,1,1,13670.634806152344,27997460.083,0,1853604.567993,zimg,904.682108,799.822998,1545.621033,3142.661011,2048,fdac8dfb663bdd5e,2160,pipeline,all,47228,76,1464,142198,69.4326171875,44,0,1,2,32,,,,1788811106.21331,,,,,,,,,12,0,0,0,12,358.903597,364.557983,440.133972,473.369019,0.0,0.0,0.0,0.0,0.0,0.0,0.0,0.0,3840,,32,0,0,0,32,545.778512,427.529968,1184.138977,2707.094971,0.0,0.0,0.0,0.0,0.0,0.0,0.0,0.0
baseline,1,1,10104.53869482422,20694095.247,0,1846134.285034,usm,901.110229,861.512024,1013.126953,1775.066956,2048,c72f5b5d2a6053ea,2160,pipeline,all,45728,76,8067,220127,107.48388671875,45,0,1,2,12,,,,1788811108.239822,,,,,,,,,48,0,0,0,48,335.238549,329.279968,387.050964,436.217041,0.0,0.0,0.0,0.0,0.0,0.0,0.0,0.0,3840,,12,0,0,0,12,565.87168,523.867004,646.414978,1281.747986,0.0,0.0,0.0,0.0,0.0,0.0,0.0,0.0
baseline,1,1,1190.3739916992188,2437885.935,0,298741.823975,usm,145.662707,139.680969,161.021973,240.005981,2048,78444727a6ea1325,720,pipeline,all,15212,76,285,88350,43.1396484375,46,0,1,2,12,,,,1788811108.5722022,,,,,,,,,16,0,0,0,16,61.284134,59.625977,73.963989,87.409973,0.0,0.0,0.0,0.0,0.0,0.0,0.0,0.0,1280,,12,0,0,0,12,84.378574,79.563965,89.573975,151.565002,0.0,0.0,0.0,0.0,0.0,0.0,0.0,0.0
baseline,1,1,4329.87610546875,8867586.264,0,609742.506958,pin,297.494249,298.088989,341.624023,389.536011,2048,635eaa6dbdb99686,1080,pipeline,all,16728,76,3675,235302,114.8935546875,47,0,0,2,32,,,,1788811109.2578237,,,,,,,,,32,0,0,0,32,121.900661,120.473999,143.127991,162.815979,0.0,0.0,0.0,0.0,0.0,0.0,0.0,0.0,1920,,32,0,0,0,32,175.593588,178.085999,207.182007,229.755981,0.0,0.0,0.0,0.0,0.0,0.0,0.0,0.0
baseline,1,1,6934.955342285156,14202788.541,0,3144286.275024,usm,1534.956827,1515.712036,1655.924988,1937.161011,2048,c72f5b5d2a6053ea,2160,pipeline,all,44464,76,192,35719,17.44091796875,48,0,1,2,12,,,,1788811112.6615238,,,,,,,,,2,0,0,0,2,1024.827834,1013.026001,1100.366028,1175.531982,0.0,0.0,0.0,0.0,0.0,0.0,0.0,0.0,3840,,12,0,0,0,12,510.128994,488.688965,589.002991,836.313965,0.0,0.0,0.0,0.0,0.0,0.0,0.0,0.0
baseline,1,1,968.4537836914062,1983393.349,0,326285.617981,usm,159.125863,151.174011,192.182983,209.997009,2048,78444727a6ea1325,720,pipeline,all,15212,76,53,42983,20.98779296875,49,0,1,2,12,,,,1788811113.0214827,,,,,,,,,4,0,0,0,4,76.392174,71.108032,109.291992,113.320007,0.0,0.0,0.0,0.0,0.0,0.0,0.0,0.0,1280,,12,0,0,0,12,82.733689,79.664001,88.010986,114.713013,0.0,0.0,0.0,0.0,0.0,0.0,0.0,0.0
baseline,1,1,1949.2329130859375,3992029.006,0,620512.236023,placement,302.802659,294.460999,341.863953,375.508972,2048,83dfe3596d415d15,1080,pipeline,local8,15640,76,1582,142350,69.5068359375,50,0,1,2,8,,,,1788811113.7039611,,,,,,,,,32,0,0,0,32,131.317492,127.919006,149.079956,165.661011,0.0,0.0,0.0,0.0,0.0,0.0,0.0,0.0,1920,,8,0,0,0,8,171.485167,164.719971,206.299988,224.544983,0.0,0.0,0.0,0.0,0.0,0.0,0.0,0.0
baseline,1,1,7218.3432109375,14783166.896,0,1736368.912964,usm,847.529415,811.846008,1014.149048,1153.900024,2048,c72f5b5d2a6053ea,2160,pipeline,all,44424,76,375,48512,23.6875,51,0,1,2,12,,,,1788811115.626133,,,,,,,,,8,0,0,0,8,336.835472,308.479004,492.13501,510.109985,0.0,0.0,0.0,0.0,0.0,0.0,0.0,0.0,3840,,12,0,0,0,12,510.693942,494.609985,590.575989,696.010986,0.0,0.0,0.0,0.0,0.0,0.0,0.0,0.0
baseline,1,1,1692.4035439453125,3466042.458,0,594852.428955,placement,290.247113,287.748962,303.649048,338.116943,2048,83dfe3596d415d15,1080,pipeline,local8,15212,76,98,28877,14.10009765625,52,0,1,2,8,,,,1788811116.2789288,,,,,,,,,4,0,0,0,4,127.069753,126.335999,133.809998,139.049988,0.0,0.0,0.0,0.0,0.0,0.0,0.0,0.0,1920,,8,0,0,0,8,163.17736,161.013,171.842957,207.692993,0.0,0.0,0.0,0.0,0.0,0.0,0.0,0.0
baseline,3,1,1225.4170551757813,2509654.129,0,242698.559998,wide,118.299487,111.757019,123.539978,248.182007,2048,327cf152773a3ccc,128,pipeline,all,15212,76,119,110826,54.1142578125,53,0,1,2,8,,,,1788811116.5542047,,,,,,,,,12,0,0,0,12,45.968694,45.578003,51.458984,58.132996,0.0,0.0,0.0,0.0,0.0,0.0,0.0,0.0,4096,,24,0,0,0,24,72.330793,65.89801,74.104004,200.379028,0.0,0.0,0.0,0.0,0.0,0.0,0.0,0.0
baseline,1,1,2124.4869565429685,4350949.287,0,623466.159973,zimg,304.21529,300.412964,329.049011,363.13501,2048,83dfe3596d415d15,1080,pipeline,all,15212,76,105,54522,26.6220703125,54,0,1,2,8,,,,1788811117.2361348,,,,,,,,,12,0,0,0,12,97.74415,98.180969,115.234009,122.367981,0.0,0.0,0.0,0.0,0.0,0.0,0.0,0.0,1920,,8,0,0,0,8,206.47114,203.214966,220.067993,249.213989,0.0,0.0,0.0,0.0,0.0,0.0,0.0,0.0
baseline,1,1,3545.3325727539063,7260841.109,0,484791.654968,zimg,236.478641,215.397949,292.117004,646.765015,2048,635eaa6dbdb99686,1080,pipeline,all,16428,76,234,143680,70.15625,55,0,1,2,32,,,,1788811117.7862139,,,,,,,,,12,0,0,0,12,88.788989,91.687988,109.322998,116.036011,0.0,0.0,0.0,0.0,0.0,0.0,0.0,0.0,1920,,32,0,0,0,32,147.689652,126.585999,196.832947,548.283997,0.0,0.0,0.0,0.0,0.0,0.0,0.0,0.0
baseline,1,1,3316.9825166015626,6793180.194,0,520767.528992,zimg,254.063916,236.268005,313.257996,426.307007,2048,513ae7d973f92522,1080,pipeline,all,15212,76,185,107904,52.6875,56,0,1,2,24,,,,1788811118.3710926,,,,,,,,,12,0,0,0,12,101.976863,97.539001,139.169983,146.494019,0.0,0.0,0.0,0.0,0.0,0.0,0.0,0.0,1920,,24,0,0,0,24,152.087054,140.031982,174.849976,296.755981,0.0,0.0,0.0,0.0,0.0,0.0,0.0,0.0
baseline,1,1,1980.3902548828125,4055839.242,0,342100.210022,zimg,166.826984,136.936035,177.164001,758.432007,2048,f580ef0be18fd8ea,720,pipeline,all,15212,76,264,143817,70.22314453125,57,0,1,2,32,,,,1788811118.7568724,,,,,,,,,12,0,0,0,12,55.614177,54.204956,68.422974,75.426941,0.0,0.0,0.0,0.0,0.0,0.0,0.0,0.0,1280,,64,0,0,0,32,111.212807,82.460022,110.133972,687.383972,0.0,0.0,0.0,0.0,0.0,0.0,0.0,0.0
baseline,1,1,3065.416428222656,6277972.845,0,577621.406006,usm,281.846885,274.773987,312.687012,449.743042,2048,5a2bef157e634ce9,1080,pipeline,all,16224,76,1519,151767,74.10498046875,58,0,1,2,12,,,,1788811119.3921602,,,,,,,,,32,0,0,0,32,121.313171,119.552002,142.367004,158.899048,0.0,0.0,0.0,0.0,0.0,0.0,0.0,0.0,1920,,12,0,0,0,12,160.533714,154.300049,174.769043,304.331055,0.0,0.0,0.0,0.0,0.0,0.0,0.0,0.0
baseline,1,1,15934.71916015625,32634304.84,0,1609696.238037,balanced,785.582526,755.005981,975.905029,1332.145996,2048,fdac8dfb663bdd5e,2160,pipeline,all,48464,76,8377,369856,180.59375,59,0,1,2,32,,,,1788811121.1891003,,,,,,,,,64,0,0,0,64,369.750143,365.689026,429.414001,486.072998,0.0,0.0,0.0,0.0,0.0,0.0,0.0,0.0,3840,,64,0,0,0,32,415.832383,386.130005,572.671997,883.424988,0.0,0.0,0.0,0.0,0.0,0.0,0.0,0.0
baseline,1,1,8146.313497558594,16683650.043,0,1745771.848022,zimg,852.051354,835.552002,917.341003,1174.841003,2048,c72f5b5d2a6053ea,2160,pipeline,all,44440,76,543,59096,28.85546875,60,0,1,2,12,,,,1788811123.1082518,,,,,,,,,12,0,0,0,12,333.235288,332.234985,356.942993,400.117004,0.0,0.0,0.0,0.0,0.0,0.0,0.0,0.0,3840,,12,0,0,0,12,518.816066,504.930054,560.898987,800.934998,0.0,0.0,0.0,0.0,0.0,0.0,0.0,0.0
baseline,1,0,4705.984476074219,9637856.207,0,550296.567017,noise,268.470311,254.354004,316.85498,614.903992,2048,abeca2e4aab3b4a6,1080,pipeline,all,16452,76,967,225877,110.29150390625,61,0,1,2,32,,,,1788811123.7353675,,,,,,,,,32,0,0,0,32,123.014585,121.414978,144.210022,161.973999,0.0,0.0,0.0,0.0,0.0,0.0,0.0,0.0,1920,,32,0,0,0,32,145.455726,132.107056,182.133972,476.445007,0.0,0.0,0.0,0.0,0.0,0.0,0.0,0.0
baseline,1,1,979.939986328125,2006917.092,0,265373.59198,usm,129.388406,124.35199,145.843994,200.720032,2048,78444727a6ea1325,720,pipeline,all,15212,76,58,50889,24.84814453125,62,0,1,2,12,,,,1788811124.0303657,,,,,,,,,8,0,0,0,8,50.071683,47.261963,64.835999,69.38501,0.0,0.0,0.0,0.0,0.0,0.0,0.0,0.0,1280,,12,0,0,0,12,79.316723,76.869019,84.563965,130.503052,0.0,0.0,0.0,0.0,0.0,0.0,0.0,0.0
baseline,2,1,664.6324057617187,1361167.167,0,185852.638,wide,90.56716,88.532043,100.464966,110.723999,2048,02f0b8aa1ba5797b,128,pipeline,all,15212,76,26,64352,31.421875,63,0,1,2,6,,,,1788811124.2469785,,,,,,,,,12,0,0,0,12,40.130149,38.906006,46.971008,50.977966,0.0,0.0,0.0,0.0,0.0,0.0,0.0,0.0,4096,,12,0,0,0,12,50.437011,49.125977,55.307007,61.929993,0.0,0.0,0.0,0.0,0.0,0.0,0.0,0.0
baseline,4,1,1323.6879848632811,2710912.993,0,243814.876953,wide,118.832542,107.729004,146.383972,411.479004,2048,a4d8acbe80c9d6cb,128,pipeline,all,15212,76,127,146589,71.57666015625,64,0,1,2,8,,,,1788811124.5252666,,,,,,,,,12,0,0,0,12,43.482114,42.982971,52.041016,60.617004,0.0,0.0,0.0,0.0,0.0,0.0,0.0,0.0,4096,,48,0,0,0,32,75.350428,64.434998,100.054016,366.872009,0.0,0.0,0.0,0.0,0.0,0.0,0.0,0.0
baseline,1,1,14354.395942871093,29397802.891,0,1713651.297974,zimg,836.375556,852.085022,1009.148987,1457.971008,2048,fdac8dfb663bdd5e,2160,pipeline,all,47184,76,783,141690,69.1845703125,65,0,1,2,32,,,,1788811126.432986,,,,,,,,,12,0,0,0,12,369.68653,384.296021,445.373962,482.577026,0.0,0.0,0.0,0.0,0.0,0.0,0.0,0.0,3840,,48,0,0,0,32,466.689026,451.46698,624.413025,1051.210999,0.0,0.0,0.0,0.0,0.0,0.0,0.0,0.0
baseline,1,1,1721.6989169921876,3526039.382,0,616923.17804,placement,300.992577,293.849976,340.171021,387.242004,2048,83dfe3596d415d15,1080,pipeline,local8,15212,76,117,38065,18.58642578125,66,0,1,2,8,,,,1788811127.1081393,,,,,,,,,8,0,0,0,8,131.661231,131.054993,139.401001,145.272034,0.0,0.0,0.0,0.0,0.0,0.0,0.0,0.0,1920,,8,0,0,0,8,169.331345,162.225037,205.088013,241.848999,0.0,0.0,0.0,0.0,0.0,0.0,0.0,0.0
baseline,1,1,3603.8637890625,7380713.04,0,705178.859009,usm,344.123279,333.537048,381.991028,640.473022,2048,5a2bef157e634ce9,1080,pipeline,all,16528,76,6055,308303,150.53857421875,67,0,1,2,12,,,,1788811127.8884678,,,,,,,,,64,0,0,0,64,182.351315,179.799011,206.0,228.653992,0.0,0.0,0.0,0.0,0.0,0.0,0.0,0.0,1920,,12,0,0,0,12,161.771964,153.22699,179.088013,340.149963,0.0,0.0,0.0,0.0,0.0,0.0,0.0,0.0
baseline,1,1,15414.1436796875,31568166.256,0,1534826.812988,balanced,749.062248,699.057007,938.643005,1604.745972,2048,fdac8dfb663bdd5e,2160,pipeline,all,47508,76,3690,228420,111.533203125,68,0,1,2,32,,,,1788811129.6030395,,,,,,,,,32,0,0,0,32,312.354285,309.491028,376.030029,409.525024,0.0,0.0,0.0,0.0,0.0,0.0,0.0,0.0,3840,,32,0,0,0,32,436.707963,387.282043,584.344971,1232.171997,0.0,0.0,0.0,0.0,0.0,0.0,0.0,0.0
baseline,1,1,1693.1245859375,3467519.152,0,602047.697021,placement,293.754118,288.73999,324.098999,350.791016,2048,83dfe3596d415d15,1080,pipeline,physical,15212,76,101,28950,14.1357421875,69,0,1,2,8,,,,1788811130.2690291,,,,,,,,,4,0,0,0,4,127.392227,126.856018,134.570984,140.382019,0.0,0.0,0.0,0.0,0.0,0.0,0.0,0.0,1920,,8,0,0,0,8,166.361891,161.763977,191.59198,218.253967,0.0,0.0,0.0,0.0,0.0,0.0,0.0,0.0
baseline,1,1,1794.1698510742187,3674459.855,0,578694.549988,placement,282.392968,278.390015,312.957947,347.414978,2048,83dfe3596d415d15,1080,pipeline,local8,15440,76,1043,77862,38.0185546875,70,0,1,2,8,,,,1788811130.9050965,,,,,,,,,16,0,0,0,16,116.788673,116.005005,138.377991,153.788025,0.0,0.0,0.0,0.0,0.0,0.0,0.0,0.0,1920,,8,0,0,0,8,165.604294,161.564026,182.89502,214.395996,0.0,0.0,0.0,0.0,0.0,0.0,0.0,0.0
baseline,1,1,7282.025962890625,14913589.172,0,3092438.692017,zimg,1509.580474,1473.190002,1695.512024,2177.247009,2048,cded734ee83df145,2160,pipeline,all,42836,76,639,40028,19.544921875,71,0,1,2,4,,,,1788811134.2534232,,,,,,,,,12,0,0,0,12,302.911244,294.79303,361.19104,438.842041,0.0,0.0,0.0,0.0,0.0,0.0,0.0,0.0,3840,,4,0,0,0,4,1206.669231,1176.484009,1358.596985,1770.005981,0.0,0.0,0.0,0.0,0.0,0.0,0.0,0.0
baseline,1,1,13546.405606445313,27743038.682,0,1788274.050049,zimg,872.783346,774.083008,1548.406006,3428.766968,2048,fdac8dfb663bdd5e,2160,pipeline,all,47020,76,1195,142545,69.60205078125,72,0,1,2,32,,,,1788811136.2423098,,,,,,,,,12,0,0,0,12,339.553524,349.499023,441.606995,539.106995,0.0,0.0,0.0,0.0,0.0,0.0,0.0,0.0,3840,,64,0,0,0,32,533.229822,415.445984,1130.355042,2975.487,0.0,0.0,0.0,0.0,0.0,0.0,0.0,0.0
baseline,1,1,2065.3257802734374,4229787.198,0,706359.601013,placement,344.698058,333.798035,396.479004,476.474976,2048,83dfe3596d415d15,1080,pipeline,split8,15732,76,2177,59776,29.1875,73,0,1,2,8,,,,1788811137.0138335,,,,,,,,,12,0,0,0,12,135.806066,127.268005,173.587036,206.861023,0.0,0.0,0.0,0.0,0.0,0.0,0.0,0.0,1920,,8,0,0,0,8,208.891992,203.716003,233.27301,314.039978,0.0,0.0,0.0,0.0,0.0,0.0,0.0,0.0
baseline,1,1,2461.05886328125,5040248.552,0,724223.382019,placement,353.39363,341.794006,396.700012,670.492004,2048,83dfe3596d415d15,1080,pipeline,physical,15212,76,2195,70717,34.52978515625,74,0,1,2,8,,,,1788811137.8067443,,,,,,,,,16,0,0,0,16,131.016715,123.901001,160.361023,192.382996,0.0,0.0,0.0,0.0,0.0,0.0,0.0,0.0,1920,,8,0,0,0,8,222.376915,213.955017,246.018005,461.526001,0.0,0.0,0.0,0.0,0.0,0.0,0.0,0.0
baseline,1,1,7745.232284179688,15862235.718,0,5506054.981995,zimg,2688.082087,2618.963989,3233.187012,3834.192993,2048,05abdee009949698,2160,pipeline,all,42932,76,403,34636,16.912109375,75,0,1,2,2,,,,1788811143.7131693,,,,,,,,,12,0,0,0,12,390.554236,423.320984,446.325989,464.011047,0.0,0.0,0.0,0.0,0.0,0.0,0.0,0.0,3840,,2,0,0,0,2,2297.527851,2204.390015,2868.518982,3388.076965,0.0,0.0,0.0,0.0,0.0,0.0,0.0,0.0
baseline,1,1,6897.800010253906,14126694.421,0,2139808.355042,usm,1044.457265,1017.736023,1112.409058,1383.887024,2048,c72f5b5d2a6053ea,2160,pipeline,all,44820,76,164,41229,20.13134765625,76,0,1,2,12,,,,1788811146.0489805,,,,,,,,,4,0,0,0,4,531.797158,520.25,572.963013,690.690979,0.0,0.0,0.0,0.0,0.0,0.0,0.0,0.0,3840,,12,0,0,0,12,512.660107,496.153015,564.605957,731.620056,0.0,0.0,0.0,0.0,0.0,0.0,0.0,0.0
baseline,1,1,2189.1567734375,4483393.072,0,555230.86499,zimg,270.866842,246.908997,318.909058,807.918945,2048,5a2bef157e634ce9,1080,pipeline,all,15912,76,93,64129,31.31298828125,77,0,1,2,12,,,,1788811146.6581147,,,,,,,,,12,0,0,0,12,96.955827,93.421021,105.905029,152.927002,0.0,0.0,0.0,0.0,0.0,0.0,0.0,0.0,1920,,12,0,0,0,12,173.911015,153.046997,198.615967,576.778992,0.0,0.0,0.0,0.0,0.0,0.0,0.0,0.0
baseline,1,0,2196.5266533203126,4498486.586,0,527161.531006,noise,257.183508,249.804993,290.052979,386.400024,2048,33cec3930f1b354b,1080,pipeline,all,16260,76,58,63151,30.83544921875,78,0,1,2,12,,,,1788811147.2557302,,,,,,,,,12,0,0,0,12,98.99484,98.972046,117.898987,124.491028,0.0,0.0,0.0,0.0,0.0,0.0,0.0,0.0,1920,,12,0,0,0,12,158.188668,151.112976,172.875,287.388,0.0,0.0,0.0,0.0,0.0,0.0,0.0,0.0
baseline,1,1,2044.9118178710937,4187979.403,0,524747.705017,usm,255.987846,249.354004,291.546021,358.024963,2048,5a2bef157e634ce9,1080,pipeline,all,16020,76,87,50903,24.85498046875,79,0,1,2,12,,,,1788811147.8549705,,,,,,,,,8,0,0,0,8,99.901738,91.727966,130.593994,134.832031,0.0,0.0,0.0,0.0,0.0,0.0,0.0,0.0,1920,,12,0,0,0,12,156.086108,151.634033,166.684021,243.152039,0.0,0.0,0.0,0.0,0.0,0.0,0.0,0.0
baseline,1,1,7622.805221191406,15611505.093,0,1975025.752014,zimg,963.92284,949.483032,1097.169983,1181.614014,2048,857e254922f14a70,2160,pipeline,all,43720,76,194,47846,23.3623046875,80,0,1,2,8,,,,1788811150.0193148,,,,,,,,,12,0,0,0,12,307.621355,306.494995,335.161011,384.166016,0.0,0.0,0.0,0.0,0.0,0.0,0.0,0.0,3840,,8,0,0,0,8,656.301485,641.815979,776.838013,849.128967,0.0,0.0,0.0,0.0,0.0,0.0,0.0,0.0
baseline,1,1,8311.15119140625,17021237.64,0,1612502.794006,usm,787.024913,765.916992,887.572998,1063.164001,2048,c72f5b5d2a6053ea,2160,pipeline,all,44920,76,446,75611,36.91943359375,81,0,1,2,12,,,,1788811151.7960007,,,,,,,,,16,0,0,0,16,273.548654,266.005981,324.549988,370.890015,0.0,0.0,0.0,0.0,0.0,0.0,0.0,0.0,3840,,12,0,0,0,12,513.476259,498.447998,580.30603,792.549011,0.0,0.0,0.0,0.0,0.0,0.0,0.0,0.0
baseline,1,1,2091.431030761719,4283250.751,0,717129.237976,placement,350.008113,344.539001,388.544006,448.471008,2048,83dfe3596d415d15,1080,pipeline,split8,15260,76,2106,76200,37.20703125,82,0,1,2,8,,,,1788811152.5811563,,,,,,,,,16,0,0,0,16,144.180326,140.742981,172.304993,202.653992,0.0,0.0,0.0,0.0,0.0,0.0,0.0,0.0,1920,,8,0,0,0,8,205.827787,203.265015,223.222961,246.497986,0.0,0.0,0.0,0.0,0.0,0.0,0.0,0.0
baseline,4,1,1305.9449755859375,2674575.31,0,238624.328979,wide,116.296599,106.747009,136.515015,284.281982,2048,a4d8acbe80c9d6cb,128,pipeline,all,15212,76,197,147225,71.88720703125,83,0,1,2,8,,,,1788811152.8544843,,,,,,,,,12,0,0,0,12,43.483529,42.60199,53.564026,63.012024,0.0,0.0,0.0,0.0,0.0,0.0,0.0,0.0,4096,,64,0,0,0,32,72.81307,63.524048,87.841003,223.323059,0.0,0.0,0.0,0.0,0.0,0.0,0.0,0.0
baseline,1,1,3210.038498535156,6574158.845,0,652393.449036,usm,318.278013,303.067993,368.38501,585.867004,2048,5a2bef157e634ce9,1080,pipeline,all,16528,76,4261,229205,111.91650390625,84,0,1,2,12,,,,1788811153.5728674,,,,,,,,,48,0,0,0,48,153.262803,151.013,177.625,198.144958,0.0,0.0,0.0,0.0,0.0,0.0,0.0,0.0,1920,,12,0,0,0,12,165.015211,151.463989,189.557983,413.462036,0.0,0.0,0.0,0.0,0.0,0.0,0.0,0.0
baseline,1,1,934.1371669921875,1913112.918,0,638278.14502,usm,311.50602,297.40802,326.704041,581.679993,2048,78444727a6ea1325,720,pipeline,all,15212,76,18,34105,16.65283203125,85,0,1,2,12,,,,1788811154.2656398,,,,,,,,,1,0,0,0,1,213.85199,211.911011,223.794006,232.752014,0.0,0.0,0.0,0.0,0.0,0.0,0.0,0.0,1280,,12,0,0,0,12,97.65403,83.583008,110.926025,358.425964,0.0,0.0,0.0,0.0,0.0,0.0,0.0,0.0
baseline,1,1,1892.8595815429687,3876576.423,0,840759.56604,placement,410.323916,366.791992,500.963013,560.21698,2048,83dfe3596d415d15,1080,pipeline,split8,15488,76,147,29902,14.6005859375,86,0,1,2,8,,,,1788811155.1870859,,,,,,,,,4,0,0,0,4,194.687324,149.279968,281.075989,313.930054,0.0,0.0,0.0,0.0,0.0,0.0,0.0,0.0,1920,,8,0,0,0,8,215.636592,212.092041,234.074951,287.368042,0.0,0.0,0.0,0.0,0.0,0.0,0.0,0.0
baseline,1,1,2700.54398828125,5530714.088,0,573361.283997,zimg,279.720252,267.539001,306.315002,597.540039,2048,b3fd9e69d41b7f75,1080,pipeline,all,15212,76,142,79097,38.62158203125,87,0,1,2,16,,,,1788811155.821284,,,,,,,,,12,0,0,0,12,116.858306,115.113037,133.119019,144.559998,0.0,0.0,0.0,0.0,0.0,0.0,0.0,0.0,1920,,16,0,0,0,16,162.861946,150.120972,174.419006,482.807007,0.0,0.0,0.0,0.0,0.0,0.0,0.0,0.0
baseline,1,1,985.970720703125,2019268.036,0,514857.092041,usm,251.143667,208.323975,337.906006,1021.002014,2048,78444727a6ea1325,720,pipeline,all,15212,76,78,38730,18.9111328125,88,0,1,2,12,,,,1788811156.3763025,,,,,,,,,2,0,0,0,2,126.907515,122.317017,148.468994,197.542969,0.0,0.0,0.0,0.0,0.0,0.0,0.0,0.0,1280,,12,0,0,0,12,124.236152,85.025024,190.839966,886.119995,0.0,0.0,0.0,0.0,0.0,0.0,0.0,0.0
baseline,1,1,10974.612423339844,22476006.243,0,1707032.21405,zimg,833.04204,750.617004,1271.898987,3173.981995,2048,45f54a827efea2f4,2160,pipeline,all,46636,76,493,107231,52.35888671875,89,0,1,2,24,,,,1788811158.28892,,,,,,,,,12,0,0,0,12,302.564377,306.284058,390.658997,438.782043,0.0,0.0,0.0,0.0,0.0,0.0,0.0,0.0,3840,,24,0,0,0,24,530.477663,441.416992,911.189026,2871.445007,0.0,0.0,0.0,0.0,0.0,0.0,0.0,0.0
baseline,1,1,1373.1597197265626,2812231.106,0,305621.329041,zimg,149.009947,137.737,164.30896,262.389954,2048,55674e614925a1f4,720,pipeline,all,15212,76,56,77426,37.8056640625,90,0,1,2,16,,,,1788811158.634978,,,,,,,,,12,0,0,0,12,58.128297,57.240967,70.177002,76.367981,0.0,0.0,0.0,0.0,0.0,0.0,0.0,0.0,1280,,16,0,0,0,16,90.88165,80.215027,96.387024,205.980042,0.0,0.0,0.0,0.0,0.0,0.0,0.0,0.0
baseline,1,1,710.06716015625,1454217.544,0,247986.55603,wide,120.900078,116.075989,131.064026,167.705994,2048,a4d8acbe80c9d6cb,128,pipeline,all,15212,76,35,48682,23.7705078125,91,0,1,2,8,,,,1788811158.9191623,,,,,,,,,12,0,0,0,12,53.188365,52.541992,59.806946,65.536987,0.0,0.0,0.0,0.0,0.0,0.0,0.0,0.0,4096,,8,0,0,0,8,67.711712,63.632996,72.469971,105.463989,0.0,0.0,0.0,0.0,0.0,0.0,0.0,0.0
baseline,1,1,2589.3614765625,5303012.304,0,405150.395996,balanced,197.602645,165.671021,267.97998,1217.684021,2048,f580ef0be18fd8ea,720,pipeline,all,15212,76,347,233265,113.89892578125,92,0,1,2,32,,,,1788811159.3735633,,,,,,,,,32,0,0,0,32,84.160887,81.807983,100.133972,117.929016,0.0,0.0,0.0,0.0,0.0,0.0,0.0,0.0,1280,,32,0,0,0,32,113.441758,82.901001,167.835999,1131.125977,0.0,0.0,0.0,0.0,0.0,0.0,0.0,0.0
baseline,1,1,2009.8909946289064,4116256.757,0,443367.461975,usm,216.285615,197.223022,248.051025,829.059998,2048,78444727a6ea1325,720,pipeline,all,15212,76,2250,232062,113.3115234375,93,0,1,2,12,,,,1788811159.8615332,,,,,,,,,48,0,0,0,48,119.78387,115.484009,142.367004,171.002014,0.0,0.0,0.0,0.0,0.0,0.0,0.0,0.0,1280,,12,0,0,0,12,96.501745,80.877014,103.341003,471.976013,0.0,0.0,0.0,0.0,0.0,0.0,0.0,0.0
baseline,1,1,955.7535893554688,1957383.351,0,696683.985046,zimg,339.934976,334.239014,361.362,437.138977,2048,78444727a6ea1325,720,pipeline,all,15212,76,23,34609,16.89892578125,94,0,1,2,2,,,,1788811160.6135027,,,,,,,,,12,0,0,0,12,46.489817,44.405945,49.085999,59.536011,0.0,0.0,0.0,0.0,0.0,0.0,0.0,0.0,1280,,2,0,0,0,2,293.445159,289.101013,308.419006,387.242004,0.0,0.0,0.0,0.0,0.0,0.0,0.0,0.0
baseline,1,1,7698.947661132813,15767444.81,0,1937238.700012,usm,945.571721,982.437012,1056.361023,1166.062988,2048,c72f5b5d2a6053ea,2160,pipeline,all,43804,76,212,48307,23.58740234375,0,0,1,3,12,,,,1788811162.750551,,,,,,,,,8,0,0,0,8,420.580947,459.121033,499.660034,548.86499,0.0,0.0,0.0,0.0,0.0,0.0,0.0,0.0,3840,,12,0,0,0,12,524.990774,515.150024,578.352966,705.198975,0.0,0.0,0.0,0.0,0.0,0.0,0.0,0.0
baseline,4,1,1303.3637060546876,2669288.87,0,235634.664978,wide,114.836962,106.877014,137.185974,244.544006,2048,a4d8acbe80c9d6cb,128,pipeline,all,15212,76,146,145234,70.9150390625,1,0,1,3,8,,,,1788811163.021916,,,,,,,,,12,0,0,0,12,42.813079,40.940002,52.863037,61.768982,0.0,0.0,0.0,0.0,0.0,0.0,0.0,0.0,4096,,32,0,0,0,32,72.023883,64.80603,87.780945,190.009033,0.0,0.0,0.0,0.0,0.0,0.0,0.0,0.0
baseline,1,1,7971.051505371093,16324713.483,0,1711843.653992,zimg,835.508518,830.613037,906.390015,1013.468018,2048,c72f5b5d2a6053ea,2160,pipeline,all,43296,76,233,58722,28.6728515625,2,0,1,3,12,,,,1788811164.900264,,,,,,,,,12,0,0,0,12,328.05687,331.131958,358.275024,381.299988,0.0,0.0,0.0,0.0,0.0,0.0,0.0,0.0,3840,,12,0,0,0,12,507.451648,500.432007,554.615967,665.32196,0.0,0.0,0.0,0.0,0.0,0.0,0.0,0.0
baseline,1,1,1453.1670375976562,2976086.093,0,367981.786011,usm,179.457347,145.953979,221.971008,1018.788025,2048,78444727a6ea1325,720,pipeline,all,15212,76,213,116007,56.64404296875,3,0,1,3,12,,,,1788811165.304437,,,,,,,,,24,0,0,0,24,70.03003,64.35498,84.272949,116.025024,0.0,0.0,0.0,0.0,0.0,0.0,0.0,0.0,1280,,12,0,0,0,12,109.427317,80.575989,133.710022,896.430969,0.0,0.0,0.0,0.0,0.0,0.0,0.0,0.0
baseline,1,1,2020.0380537109374,4137037.934,0,527657.88501,usm,257.431149,246.509033,296.296021,364.708008,2048,5a2bef157e634ce9,1080,pipeline,all,15740,76,82,50597,24.70556640625,4,0,1,3,12,,,,1788811165.8883781,,,,,,,,,8,0,0,0,8,98.031532,89.493958,129.330994,134.741028,0.0,0.0,0.0,0.0,0.0,0.0,0.0,0.0,1920,,12,0,0,0,12,159.399617,153.156982,174.730042,236.158997,0.0,0.0,0.0,0.0,0.0,0.0,0.0,0.0
baseline,1,1,1957.1949306640624,4008335.218,0,819740.820007,zimg,400.056541,389.13501,447.919006,490.261963,2048,b92327306272b2ac,1080,pipeline,all,15232,76,83,38940,19.013671875,5,0,1,3,4,,,,1788811166.7764647,,,,,,,,,12,0,0,0,12,85.319946,83.842957,90.214966,104.152039,0.0,0.0,0.0,0.0,0.0,0.0,0.0,0.0,1920,,4,0,0,0,4,314.736594,305.132996,357.974976,392.372009,0.0,0.0,0.0,0.0,0.0,0.0,0.0,0.0
baseline,1,1,1947.9899809570313,3989483.481,0,398849.233032,usm,194.589659,188.887024,219.075012,301.496033,2048,78444727a6ea1325,720,pipeline,all,15212,76,1890,232536,113.54296875,6,0,1,3,12,,,,1788811167.2168636,,,,,,,,,48,0,0,0,48,111.355219,108.751038,129.572021,146.554993,0.0,0.0,0.0,0.0,0.0,0.0,0.0,0.0,1280,,12,0,0,0,12,83.23444,79.394043,91.598022,157.786987,0.0,0.0,0.0,0.0,0.0,0.0,0.0,0.0
baseline,1,1,7315.188633789063,14981506.322,0,2954420.394043,zimg,1442.167327,1411.039978,1576.280029,1727.414001,2048,cded734ee83df145,2160,pipeline,all,42624,76,227,38280,18.69140625,7,0,1,3,4,,,,1788811170.4244797,,,,,,,,,12,0,0,0,12,297.969639,293.069031,329.158997,381.891052,0.0,0.0,0.0,0.0,0.0,0.0,0.0,0.0,3840,,4,0,0,0,4,1144.197688,1113.652039,1267.591003,1381.010986,0.0,0.0,0.0,0.0,0.0,0.0,0.0,0.0
baseline,1,1,1720.3443666992187,3523265.263,0,608893.767029,placement,297.108715,293.799988,309.651001,374.997986,2048,83dfe3596d415d15,1080,pipeline,local8,15212,76,90,37644,18.380859375,8,0,1,3,8,,,,1788811171.0900724,,,,,,,,,8,0,0,0,8,131.845094,131.315002,138.708984,146.643982,0.0,0.0,0.0,0.0,0.0,0.0,0.0,0.0,1920,,8,0,0,0,8,165.263622,162.205017,172.325012,214.686951,0.0,0.0,0.0,0.0,0.0,0.0,0.0,0.0
baseline,1,1,2042.0852719726563,4182190.637,0,317599.013,zimg,154.859929,143.919983,176.603027,360.51001,2048,f580ef0be18fd8ea,720,pipeline,all,15212,76,142,143397,70.01806640625,9,0,1,3,32,,,,1788811171.4529614,,,,,,,,,12,0,0,0,12,56.407164,55.557983,62.802002,67.560974,0.0,0.0,0.0,0.0,0.0,0.0,0.0,0.0,1280,,64,0,0,0,32,98.452765,87.920044,118.369995,302.477051,0.0,0.0,0.0,0.0,0.0,0.0,0.0,0.0
baseline,1,1,10693.2944296875,21899866.992,0,2322075.156982,usm,1133.506359,1004.611023,1931.560059,3910.501953,2048,c72f5b5d2a6053ea,2160,pipeline,all,45412,76,7628,220321,107.57861328125,10,0,1,3,12,,,,1788811173.952592,,,,,,,,,48,0,0,0,48,371.238821,353.757019,476.064026,593.662964,0.0,0.0,0.0,0.0,0.0,0.0,0.0,0.0,3840,,12,0,0,0,12,762.267538,648.187988,1495.604004,3478.211975,0.0,0.0,0.0,0.0,0.0,0.0,0.0,0.0
baseline,1,1,11706.504129882813,23974920.458,0,3385538.984009,zimg,1652.709042,1020.771973,3580.992004,4106.432007,2048,45f54a827efea2f4,2160,pipeline,all,47288,76,1151,109397,53.41650390625,11,0,1,3,24,,,,1788811177.6647384,,,,,,,,,12,0,0,0,12,353.583835,345.369995,464.130981,533.084961,0.0,0.0,0.0,0.0,0.0,0.0,0.0,0.0,3840,,24,0,0,0,24,1299.125206,672.015015,3173.981995,3705.453979,0.0,0.0,0.0,0.0,0.0,0.0,0.0,0.0
baseline,1,1,1249.3414658203126,2558651.322,0,610771.511963,zimg,297.994268,291.555969,350.690979,403.203003,2048,78444727a6ea1325,720,pipeline,all,15212,76,100,43539,21.25927734375,12,0,1,3,4,,,,1788811178.3292613,,,,,,,,,12,0,0,0,12,71.364553,73.812988,97.299011,109.653015,0.0,0.0,0.0,0.0,0.0,0.0,0.0,0.0,1280,,4,0,0,0,4,226.629715,219.355957,255.756042,291.395996,0.0,0.0,0.0,0.0,0.0,0.0,0.0,0.0
baseline,1,1,2061.5806274414062,4222117.125,0,858244.460999,placement,418.789451,391.630981,490.171997,1181.704041,2048,83dfe3596d415d15,1080,pipeline,physical,15232,76,162,28921,14.12158203125,13,0,1,3,8,,,,1788811179.2620456,,,,,,,,,4,0,0,0,4,148.830544,145.442993,182.974976,214.927002,0.0,0.0,0.0,0.0,0.0,0.0,0.0,0.0,1920,,8,0,0,0,8,269.958907,243.733032,309.890991,1033.376038,0.0,0.0,0.0,0.0,0.0,0.0,0.0,0.0
baseline,1,1,1064.2307451171876,2179544.566,0,367729.466003,usm,179.33589,167.274963,214.335999,285.364014,2048,78444727a6ea1325,720,pipeline,all,15212,76,69,41892,20.455078125,14,0,1,3,12,,,,1788811179.6685288,,,,,,,,,4,0,0,0,4,76.793317,74.304016,95.565002,119.291016,0.0,0.0,0.0,0.0,0.0,0.0,0.0,0.0,1280,,12,0,0,0,12,102.542572,92.109009,114.763,198.575989,0.0,0.0,0.0,0.0,0.0,0.0,0.0,0.0
baseline,1,1,2126.423064453125,4354914.436,0,714512.687012,placement,348.647562,338.737976,392.210999,638.309021,2048,83dfe3596d415d15,1080,pipeline,physical,15296,76,775,55646,27.1708984375,15,0,1,3,8,,,,1788811180.4767678,,,,,,,,,12,0,0,0,12,112.531182,107.359009,148.237976,172.716003,0.0,0.0,0.0,0.0,0.0,0.0,0.0,0.0,1920,,8,0,0,0,8,236.11638,231.409973,270.875977,367.202026,0.0,0.0,0.0,0.0,0.0,0.0,0.0,0.0
baseline,1,1,1518.3547553710937,3109590.539,0,345186.601013,usm,168.36141,163.627014,185.430054,255.084961,2048,78444727a6ea1325,720,pipeline,all,15212,76,182,79340,38.740234375,16,0,1,3,12,,,,1788811180.857079,,,,,,,,,16,0,0,0,16,75.472973,74.805054,85.435974,95.375,0.0,0.0,0.0,0.0,0.0,0.0,0.0,0.0,1280,,12,0,0,0,12,92.888437,88.612,100.445007,176.822998,0.0,0.0,0.0,0.0,0.0,0.0,0.0,0.0
baseline,1,1,7541.854330566406,15445717.669,0,1990163.737,zimg,971.260858,970.04303,1057.312988,1163.047058,2048,857e254922f14a70,2160,pipeline,all,43760,76,420,47845,23.36181640625,17,0,1,3,8,,,,1788811183.0322175,,,,,,,,,12,0,0,0,12,308.077713,308.649048,321.855042,361.641968,0.0,0.0,0.0,0.0,0.0,0.0,0.0,0.0,3840,,8,0,0,0,8,663.183144,661.044006,743.664001,846.783997,0.0,0.0,0.0,0.0,0.0,0.0,0.0,0.0
baseline,1,1,7535.632126464844,15432974.595,0,1635547.569031,usm,798.266125,800.203979,900.187012,1039.769043,2048,c72f5b5d2a6053ea,2160,pipeline,all,45108,76,369,60370,29.4775390625,18,0,1,3,12,,,,1788811184.8402562,,,,,,,,,12,0,0,0,12,298.113903,318.629028,354.797974,379.816956,0.0,0.0,0.0,0.0,0.0,0.0,0.0,0.0,3840,,12,0,0,0,12,500.152222,488.407959,562.741943,724.737,0.0,0.0,0.0,0.0,0.0,0.0,0.0,0.0
baseline,1,1,2149.456716796875,4402087.356,0,511110.83905,zimg,249.35659,244.785034,271.697021,354.687988,2048,5a2bef157e634ce9,1080,pipeline,all,16016,76,104,63947,31.22412109375,19,0,1,3,12,,,,1788811185.4079857,,,,,,,,,12,0,0,0,12,92.569734,93.781982,103.041016,114.461975,0.0,0.0,0.0,0.0,0.0,0.0,0.0,0.0,1920,,12,0,0,0,12,156.786856,150.632996,170.370972,254.994995,0.0,0.0,0.0,0.0,0.0,0.0,0.0,0.0
baseline,4,1,1269.543328125,2600024.736,0,241329.981995,wide,117.618047,107.908997,136.095032,275.565002,2048,a4d8acbe80c9d6cb,128,pipeline,all,15212,76,70,146989,71.77197265625,20,0,1,3,8,,,,1788811185.6834645,,,,,,,,,12,0,0,0,12,44.682045,44.896973,52.762024,58.523987,0.0,0.0,0.0,0.0,0.0,0.0,0.0,0.0,4096,,64,0,0,0,32,72.936002,62.57196,87.098999,222.231995,0.0,0.0,0.0,0.0,0.0,0.0,0.0,0.0
baseline,1,1,1781.5961918945313,3648709.001,0,569665.598022,placement,277.964951,267.969971,316.523987,349.960022,2048,83dfe3596d415d15,1080,pipeline,local8,15228,76,909,61207,29.88623046875,21,0,1,3,8,,,,1788811186.309778,,,,,,,,,12,0,0,0,12,113.897111,103.60199,148.718994,161.243042,0.0,0.0,0.0,0.0,0.0,0.0,0.0,0.0,1920,,8,0,0,0,8,164.067841,162.325012,173.907959,202.692993,0.0,0.0,0.0,0.0,0.0,0.0,0.0,0.0
baseline,1,1,2366.7244501953123,4847051.674,0,508992.065979,zimg,248.30292,229.184998,283.229004,646.333984,2048,b3fd9e69d41b7f75,1080,pipeline,all,15212,76,339,77728,37.953125,22,0,1,3,16,,,,1788811186.8720279,,,,,,,,,12,0,0,0,12,98.11495,95.916016,119.752014,156.924988,0.0,0.0,0.0,0.0,0.0,0.0,0.0,0.0,1920,,16,0,0,0,16,150.18797,134.25,161.614014,486.725037,0.0,0.0,0.0,0.0,0.0,0.0,0.0,0.0
baseline,1,1,3661.422491699219,7498593.263,0,710558.519958,usm,346.742458,334.800049,391.390015,585.727051,2048,5a2bef157e634ce9,1080,pipeline,all,16692,76,6020,308376,150.57421875,23,0,1,3,12,,,,1788811187.6517875,,,,,,,,,64,0,0,0,64,184.47914,181.052002,214.145996,260.937012,0.0,0.0,0.0,0.0,0.0,0.0,0.0,0.0,1920,,12,0,0,0,12,162.263319,153.317017,178.427002,344.348999,0.0,0.0,0.0,0.0,0.0,0.0,0.0,0.0
baseline,1,1,4119.676510253907,8437097.493,0,566928.815002,zimg,276.54392,265.003967,317.937012,581.729004,2048,635eaa6dbdb99686,1080,pipeline,all,16044,76,239,142445,69.55322265625,24,0,1,3,32,,,,1788811188.2976804,,,,,,,,,12,0,0,0,12,112.609321,112.15802,125.86499,137.447021,0.0,0.0,0.0,0.0,0.0,0.0,0.0,0.0,1920,,64,0,0,0,32,163.9346,152.186035,189.507996,464.361023,0.0,0.0,0.0,0.0,0.0,0.0,0.0,0.0
baseline,1,1,2063.4751762695314,4225997.161,0,716239.429016,placement,349.539074,336.77301,415.036011,478.648987,2048,83dfe3596d415d15,1080,pipeline,split8,15212,76,1628,58815,28.71826171875,25,0,1,3,8,,,,1788811189.0800908,,,,,,,,,12,0,0,0,12,138.443551,127.747986,192.04303,212.953003,0.0,0.0,0.0,0.0,0.0,0.0,0.0,0.0,1920,,8,0,0,0,8,211.095523,204.257019,251.348022,293.679993,0.0,0.0,0.0,0.0,0.0,0.0,0.0,0.0
baseline,1,1,2503.214199707031,5126582.681,0,743574.276978,placement,362.859946,358.265991,401.820007,607.710022,2048,83dfe3596d415d15,1080,pipeline,physical,15212,76,1452,70301,34.32666015625,26,0,1,3,8,,,,1788811189.891368,,,,,,,,,16,0,0,0,16,137.330867,138.489014,162.716003,191.380981,0.0,0.0,0.0,0.0,0.0,0.0,0.0,0.0,1920,,8,0,0,0,8,225.529079,216.740967,245.296021,395.65802,0.0,0.0,0.0,0.0,0.0,0.0,0.0,0.0
baseline,1,1,928.0917451171875,1900731.894,0,1231011.535034,zimg,600.819854,597.540955,612.890015,663.759033,2048,78444727a6ea1325,720,pipeline,all,15212,76,39,28599,13.96435546875,27,0,1,3,1,,,,1788811191.2112844,,,,,,,,,12,0,0,0,12,45.838864,43.994995,47.782959,54.224976,0.0,0.0,0.0,0.0,0.0,0.0,0.0,0.0,1280,,1,0,0,0,1,554.980989,553.253967,565.947998,611.817993,0.0,0.0,0.0,0.0,0.0,0.0,0.0,0.0
baseline,1,1,1617.2478505859376,3312123.598,0,356231.612976,usm,173.73303,163.567017,199.267029,393.674011,2048,78444727a6ea1325,720,pipeline,all,15212,76,914,155608,75.98046875,28,0,1,3,12,,,,1788811191.6038084,,,,,,,,,32,0,0,0,32,84.864421,83.122009,100.78595,114.012024,0.0,0.0,0.0,0.0,0.0,0.0,0.0,0.0,1280,,12,0,0,0,12,88.868609,79.894958,95.997009,280.142944,0.0,0.0,0.0,0.0,0.0,0.0,0.0,0.0
baseline,1,1,2299.9466196289063,4710290.677,0,530732.713013,usm,258.921992,250.796997,293.189026,380.15802,2048,5a2bef157e634ce9,1080,pipeline,all,16256,76,185,62117,30.33056640625,29,0,1,3,12,,,,1788811192.1895247,,,,,,,,,12,0,0,0,12,96.447731,94.252991,109.231995,134.551025,0.0,0.0,0.0,0.0,0.0,0.0,0.0,0.0,1920,,12,0,0,0,12,162.474261,156.003052,180.921021,274.562988,0.0,0.0,0.0,0.0,0.0,0.0,0.0,0.0
baseline,1,1,4676.969903808594,9578434.363,0,546043.376953,balanced,266.383422,252.992004,315.442993,550.929993,2048,635eaa6dbdb99686,1080,pipeline,all,16276,76,788,226453,110.57275390625,30,0,1,3,32,,,,1788811192.8084803,,,,,,,,,32,0,0,0,32,123.544217,121.375,148.057007,163.517029,0.0,0.0,0.0,0.0,0.0,0.0,0.0,0.0,1920,,32,0,0,0,32,142.839205,131.466003,169.75,415.096008,0.0,0.0,0.0,0.0,0.0,0.0,0.0,0.0
baseline,1,1,3702.376825683594,7582467.739,0,496645.887024,zimg,242.255316,231.209045,298.509033,563.463989,2048,635eaa6dbdb99686,1080,pipeline,all,16588,76,249,143471,70.05419921875,31,0,1,3,32,,,,1788811193.37506,,,,,,,,,12,0,0,0,12,94.5312,96.977966,116.395996,126.214966,0.0,0.0,0.0,0.0,0.0,0.0,0.0,0.0,1920,,32,0,0,0,32,147.724116,134.43103,182.88501,449.994019,0.0,0.0,0.0,0.0,0.0,0.0,0.0,0.0
baseline,1,1,2820.8382924804687,5777076.823,0,973581.346008,placement,475.145334,403.432983,711.781982,2925.719971,2048,83dfe3596d415d15,1080,pipeline,physical,15480,76,5485,142109,69.38916015625,32,0,1,3,8,,,,1788811194.4222314,,,,,,,,,32,0,0,0,32,189.689029,176.192017,230.877991,388.27301,0.0,0.0,0.0,0.0,0.0,0.0,0.0,0.0,1920,,8,0,0,0,8,285.456305,225.126953,429.674011,1548.466003,0.0,0.0,0.0,0.0,0.0,0.0,0.0,0.0
baseline,1,1,7781.670025390625,15936860.212,0,10105504.156006,zimg,4933.879035,4862.290039,5458.147034,6000.47998,2048,05abdee009949698,2160,pipeline,all,42768,76,928,28498,13.9150390625,33,0,1,3,1,,,,1788811205.2747884,,,,,,,,,12,0,0,0,12,409.756191,426.297974,455.604004,657.675964,0.0,0.0,0.0,0.0,0.0,0.0,0.0,0.0,3840,,1,0,0,0,1,4524.122844,4463.505981,5007.472046,5461.112,0.0,0.0,0.0,0.0,0.0,0.0,0.0,0.0
baseline,1,1,2020.5671918945313,4138121.609,0,1135943.40802,placement,554.417213,344.257996,1949.074036,3982.391968,2048,83dfe3596d415d15,1080,pipeline,local8,15776,76,3432,141614,69.1474609375,34,0,1,3,8,,,,1788811206.4687197,,,,,,,,,32,0,0,0,32,210.736006,140.483032,381.069946,2452.010986,0.0,0.0,0.0,0.0,0.0,0.0,0.0,0.0,1920,,8,0,0,0,8,343.681207,207.291992,1130.655029,3142.349976,0.0,0.0,0.0,0.0,0.0,0.0,0.0,0.0
baseline,1,1,10590.39487548828,21689128.705,0,1964492.786011,usm,958.897898,887.012024,1296.085999,2629.073975,2048,c72f5b5d2a6053ea,2160,pipeline,all,45320,76,3333,148915,72.71240234375,35,0,1,3,12,,,,1788811208.654837,,,,,,,,,32,0,0,0,32,321.287954,307.778015,415.166016,563.463989,0.0,0.0,0.0,0.0,0.0,0.0,0.0,0.0,3840,,12,0,0,0,12,637.609943,569.545959,890.207947,2217.534973,0.0,0.0,0.0,0.0,0.0,0.0,0.0,0.0
baseline,1,1,10956.119725585937,22438133.198,0,1886744.494019,usm,920.945291,896.330017,1065.026978,1414.526001,2048,c72f5b5d2a6053ea,2160,pipeline,all,46216,76,8435,290842,142.0126953125,36,0,1,3,12,,,,1788811210.7216403,,,,,,,,,64,0,0,0,64,376.341263,372.062012,427.450012,502.084961,0.0,0.0,0.0,0.0,0.0,0.0,0.0,0.0,3840,,12,0,0,0,12,544.604028,521.722961,649.281006,1008.797974,0.0,0.0,0.0,0.0,0.0,0.0,0.0,0.0
baseline,1,1,15891.715815917969,32546233.991,0,1677508.761047,balanced,818.748291,761.518005,1152.316956,1937.83197,2048,fdac8dfb663bdd5e,2160,pipeline,all,48416,76,6167,369398,180.3701171875,37,0,1,3,32,,,,1788811212.5865111,,,,,,,,,64,0,0,0,64,371.027887,367.774048,423.762024,462.798035,0.0,0.0,0.0,0.0,0.0,0.0,0.0,0.0,3840,,64,0,0,0,32,447.720404,387.78302,772.039001,1545.930969,0.0,0.0,0.0,0.0,0.0,0.0,0.0,0.0
baseline,2,1,755.4913247070313,1547246.233,0,187579.960022,wide,91.409025,88.250977,102.018005,161.504028,2048,a4d8acbe80c9d6cb,128,pipeline,all,15212,76,149,81872,39.9765625,38,0,1,3,8,,,,1788811212.8056452,,,,,,,,,12,0,0,0,12,39.805795,38.905945,46.420044,59.976013,0.0,0.0,0.0,0.0,0.0,0.0,0.0,0.0,4096,,16,0,0,0,16,51.60323,49.205994,55.797974,92.079041,0.0,0.0,0.0,0.0,0.0,0.0,0.0,0.0
baseline,1,1,9016.667961914063,18466135.986,0,1715243.227966,zimg,837.196267,830.541992,956.005981,1133.820984,2048,c3e70d98ebda112a,2160,pipeline,all,46136,76,798,77900,38.037109375,39,0,1,3,16,,,,1788811214.6864665,,,,,,,,,12,0,0,0,12,364.75167,370.149048,436.46698,467.939026,0.0,0.0,0.0,0.0,0.0,0.0,0.0,0.0,3840,,16,0,0,0,16,472.444597,459.58197,539.798035,764.815002,0.0,0.0,0.0,0.0,0.0,0.0,0.0,0.0
baseline,1,1,1889.5160498046876,3869728.87,0,728538.856018,placement,355.5098,344.549011,400.22699,468.990051,2048,83dfe3596d415d15,1080,pipeline,split8,15468,76,301,41002,20.0205078125,40,0,1,3,8,,,,1788811215.4784331,,,,,,,,,8,0,0,0,8,146.023801,143.108032,158.617981,207.753967,0.0,0.0,0.0,0.0,0.0,0.0,0.0,0.0,1920,,8,0,0,0,8,209.486,200.698975,244.315002,288.570007,0.0,0.0,0.0,0.0,0.0,0.0,0.0,0.0
baseline,1,1,3229.779176269531,6614587.753,0,656405.755981,usm,320.306181,311.234009,364.558044,517.004028,2048,5a2bef157e634ce9,1080,pipeline,all,16652,76,2903,228614,111.6279296875,41,0,1,3,12,,,,1788811216.2023563,,,,,,,,,48,0,0,0,48,155.813625,153.497986,175.921997,206.862,0.0,0.0,0.0,0.0,0.0,0.0,0.0,0.0,1920,,12,0,0,0,12,164.492556,156.473999,191.972961,332.39502,0.0,0.0,0.0,0.0,0.0,0.0,0.0,0.0
baseline,1,1,1955.1773295898438,4004203.171,0,1421267.659973,zimg,693.724478,672.716003,783.450989,938.141968,2048,f3138462601ef82d,1080,pipeline,all,15468,76,79,34768,16.9765625,42,0,1,3,2,,,,1788811217.7414107,,,,,,,,,12,0,0,0,12,84.708047,83.481995,90.365967,103.921997,0.0,0.0,0.0,0.0,0.0,0.0,0.0,0.0,1920,,2,0,0,0,2,609.016431,588.882996,695.309998,850.221008,0.0,0.0,0.0,0.0,0.0,0.0,0.0,0.0
baseline,1,0,4737.933638183594,9703288.091,0,559049.847961,noise,272.74449,259.773987,334.75,636.346008,2048,abeca2e4aab3b4a6,1080,pipeline,all,16492,76,914,223905,109.32861328125,43,0,1,3,32,,,,1788811218.3778903,,,,,,,,,32,0,0,0,32,124.261772,122.567993,145.050964,161.763977,0.0,0.0,0.0,0.0,0.0,0.0,0.0,0.0,1920,,32,0,0,0,32,148.482718,136.825989,193.195007,471.424988,0.0,0.0,0.0,0.0,0.0,0.0,0.0,0.0
baseline,1,1,1722.1348139648437,3526932.099,0,610354.590942,placement,297.811405,293.929993,338.728027,356.762024,2048,83dfe3596d415d15,1080,pipeline,physical,15468,76,136,37808,18.4609375,44,0,1,3,8,,,,1788811219.0615132,,,,,,,,,8,0,0,0,8,129.302631,130.573975,138.969971,146.174011,0.0,0.0,0.0,0.0,0.0,0.0,0.0,0.0,1920,,8,0,0,0,8,168.508774,162.496033,211.731018,234.505005,0.0,0.0,0.0,0.0,0.0,0.0,0.0,0.0
baseline,4,1,1361.0612890625,2787453.52,0,258022.197998,wide,125.762928,109.332031,153.497986,453.459961,2048,a4d8acbe80c9d6cb,128,pipeline,all,15468,76,63,145066,70.8330078125,45,0,1,3,8,,,,1788811219.3539565,,,,,,,,,12,0,0,0,12,44.196594,42.322021,56.06897,61.73999,0.0,0.0,0.0,0.0,0.0,0.0,0.0,0.0,4096,,48,0,0,0,32,81.566334,66.329041,102.76001,411.498962,0.0,0.0,0.0,0.0,0.0,0.0,0.0,0.0
baseline,1,1,1101.5947080078124,2256065.962,0,269269.414001,usm,131.278916,127.187012,138.859009,198.18396,2048,78444727a6ea1325,720,pipeline,all,15468,76,42,61900,30.224609375,46,0,1,3,12,,,,1788811219.6551857,,,,,,,,,12,0,0,0,12,49.410677,48.002991,56.450012,61.078003,0.0,0.0,0.0,0.0,0.0,0.0,0.0,0.0,1280,,12,0,0,0,12,81.86824,78.362976,85.866028,112.749023,0.0,0.0,0.0,0.0,0.0,0.0,0.0,0.0
baseline,1,1,3128.1262094726562,6406402.477,0,581211.913025,usm,283.621705,275.565002,312.796997,395.527954,2048,5a2bef157e634ce9,1080,pipeline,all,16248,76,1046,150464,73.46875,47,0,1,3,12,,,,1788811220.2998455,,,,,,,,,32,0,0,0,32,123.037107,121.075012,145.453003,156.854004,0.0,0.0,0.0,0.0,0.0,0.0,0.0,0.0,1920,,12,0,0,0,12,160.584597,154.119019,171.222961,249.825012,0.0,0.0,0.0,0.0,0.0,0.0,0.0,0.0
baseline,1,0,2296.7029951171876,4703647.734,0,529801.945007,noise,258.454838,250.406006,268.911987,371.781982,2048,33cec3930f1b354b,1080,pipeline,all,16248,76,82,61793,30.17236328125,48,0,1,3,12,,,,1788811220.8896513,,,,,,,,,12,0,0,0,12,94.776281,93.85199,102.820007,111.927002,0.0,0.0,0.0,0.0,0.0,0.0,0.0,0.0,1920,,12,0,0,0,12,163.678557,156.253967,168.737976,270.554993,0.0,0.0,0.0,0.0,0.0,0.0,0.0,0.0
baseline,1,1,998.685150390625,2045307.188,0,278592.633972,zimg,135.835716,129.380981,161.312988,177.134033,2048,8a115e09118c7e24,720,pipeline,all,15468,76,31,48049,23.46142578125,49,0,1,3,8,,,,1788811221.2017245,,,,,,,,,12,0,0,0,12,45.842976,44.015015,53.934021,60.03595,0.0,0.0,0.0,0.0,0.0,0.0,0.0,0.0,1280,,8,0,0,0,8,89.99274,84.755005,107.257996,119.552002,0.0,0.0,0.0,0.0,0.0,0.0,0.0,0.0
baseline,1,1,520.1770249023438,1065322.547,0,404445.586975,wide,197.272015,174.047974,209.677002,997.247009,2048,94b6de246138a657,128,pipeline,all,15468,76,43,35158,17.1669921875,50,0,1,3,2,,,,1788811221.6404119,,,,,,,,,12,0,0,0,12,41.044354,34.566956,46.861023,75.377014,0.0,0.0,0.0,0.0,0.0,0.0,0.0,0.0,4096,,2,0,0,0,2,156.227661,138.990051,163.41803,931.869019,0.0,0.0,0.0,0.0,0.0,0.0,0.0,0.0
baseline,1,1,1722.492810546875,3527665.276,0,629453.039001,placement,307.124609,295.082947,350.029053,472.797974,2048,83dfe3596d415d15,1080,pipeline,local8,15468,76,79,28833,14.07861328125,51,0,1,3,8,,,,1788811222.329244,,,,,,,,,4,0,0,0,4,128.958305,128.038025,137.867004,148.167969,0.0,0.0,0.0,0.0,0.0,0.0,0.0,0.0,1920,,8,0,0,0,8,178.166304,166.263,216.820984,298.619995,0.0,0.0,0.0,0.0,0.0,0.0,0.0,0.0
baseline,1,1,5165.58195703125,10579111.848,0,686195.570007,balanced,334.830021,302.187012,432.349976,970.955017,2048,635eaa6dbdb99686,1080,pipeline,all,17240,76,2209,383140,187.080078125,52,0,1,3,32,,,,1788811223.0958447,,,,,,,,,64,0,0,0,64,176.885394,170.591003,216.219971,261.578003,0.0,0.0,0.0,0.0,0.0,0.0,0.0,0.0,1920,,64,0,0,0,32,157.944627,130.783997,224.255981,753.231995,0.0,0.0,0.0,0.0,0.0,0.0,0.0,0.0
baseline,1,1,542.8528647460937,1111762.667,0,167977.986023,wide,81.817397,76.479004,106.575989,121.596008,2048,a4d8acbe80c9d6cb,128,pipeline,all,15468,76,119,47629,23.25634765625,53,0,1,3,8,,,,1788811223.3112965,,,,,,,,,12,0,0,0,12,35.318192,33.134033,48.174011,57.741943,0.0,0.0,0.0,0.0,0.0,0.0,0.0,0.0,4096,,8,0,0,0,8,46.499206,43.174011,58.492981,73.421997,0.0,0.0,0.0,0.0,0.0,0.0,0.0,0.0
baseline,1,1,1943.9624951171875,3981235.19,0,640371.896973,usm,312.473461,300.914001,379.497009,401.26001,2048,5a2bef157e634ce9,1080,pipeline,all,15496,76,81,41770,20.3955078125,54,0,1,3,12,,,,1788811224.015996,,,,,,,,,4,0,0,0,4,154.380149,147.205994,223.442993,235.867981,0.0,0.0,0.0,0.0,0.0,0.0,0.0,0.0,1920,,12,0,0,0,12,158.093312,152.807007,166.232971,227.291992,0.0,0.0,0.0,0.0,0.0,0.0,0.0,0.0
baseline,1,1,1001.9865268554687,2052068.407,0,277406.333008,usm,135.261541,132.447021,152.385986,221.810974,2048,78444727a6ea1325,720,pipeline,all,15468,76,48,51448,25.12109375,55,0,1,3,12,,,,1788811224.3254135,,,,,,,,,8,0,0,0,8,52.029636,48.394043,66.449036,71.820007,0.0,0.0,0.0,0.0,0.0,0.0,0.0,0.0,1280,,12,0,0,0,12,83.231906,79.674011,98.671997,137.296997,0.0,0.0,0.0,0.0,0.0,0.0,0.0,0.0
baseline,1,1,942.8778481445313,1931013.833,0,631851.729004,usm,308.381991,295.804016,326.934998,464.992981,2048,78444727a6ea1325,720,pipeline,all,15468,76,18,33322,16.2705078125,56,0,1,3,12,,,,1788811225.0124521,,,,,,,,,1,0,0,0,1,214.49393,211.270996,228.513977,240.606995,0.0,0.0,0.0,0.0,0.0,0.0,0.0,0.0,1280,,12,0,0,0,12,93.888061,82.881042,102.097961,245.947998,0.0,0.0,0.0,0.0,0.0,0.0,0.0,0.0
baseline,1,1,2349.1317509765627,4811021.826,0,580775.348022,pin,283.358965,287.909058,323.449036,354.648987,2048,5a2bef157e634ce9,1080,pipeline,all,15712,76,377,64313,31.40283203125,57,0,0,3,12,,,,1788811225.6550062,,,,,,,,,12,0,0,0,12,93.676198,94.27301,107.768982,114.291992,0.0,0.0,0.0,0.0,0.0,0.0,0.0,0.0,1920,,12,0,0,0,12,189.682767,199.20697,223.153015,254.565002,0.0,0.0,0.0,0.0,0.0,0.0,0.0,0.0
baseline,1,1,1987.9954677734374,4071414.718,0,706019.998962,zimg,344.428794,153.869019,1017.807983,3006.802002,2048,f580ef0be18fd8ea,720,pipeline,all,15468,76,243,146067,71.32177734375,58,0,1,3,32,,,,1788811226.4438016,,,,,,,,,12,0,0,0,12,56.562741,54.747009,70.176025,82.570007,0.0,0.0,0.0,0.0,0.0,0.0,0.0,0.0,1280,,32,0,0,0,32,287.866054,97.348999,958.532959,2934.661987,0.0,0.0,0.0,0.0,0.0,0.0,0.0,0.0
baseline,1,1,3105.346173339844,6359748.963,0,509060.338989,zimg,248.335821,244.776001,290.204041,393.445007,2048,513ae7d973f92522,1080,pipeline,all,15468,76,233,108187,52.82568359375,59,0,1,3,24,,,,1788811227.030166,,,,,,,,,12,0,0,0,12,96.719402,100.786011,116.677002,129.231018,0.0,0.0,0.0,0.0,0.0,0.0,0.0,0.0,1920,,24,0,0,0,24,151.616419,144.651001,174.138,290.654968,0.0,0.0,0.0,0.0,0.0,0.0,0.0,0.0
baseline,1,1,8999.278902832031,18430523.193,0,1900084.237,usm,927.357613,890.860962,1116.569031,1833.932983,2048,c72f5b5d2a6053ea,2160,pipeline,all,45024,76,406,79332,38.736328125,60,0,1,3,12,,,,1788811229.1129386,,,,,,,,,16,0,0,0,16,322.46261,315.212036,402.301025,437.901001,0.0,0.0,0.0,0.0,0.0,0.0,0.0,0.0,3840,,12,0,0,0,12,604.895003,569.615967,729.657043,1436.480957,0.0,0.0,0.0,0.0,0.0,0.0,0.0,0.0
baseline,1,1,3734.9851923828123,7649249.674,0,541725.531982,zimg,264.26489,240.978027,340.291992,896.130981,2048,635eaa6dbdb99686,1080,pipeline,all,16456,76,223,143513,70.07470703125,61,0,1,3,32,,,,1788811229.7302134,,,,,,,,,12,0,0,0,12,101.623225,101.958984,120.052979,131.55603,0.0,0.0,0.0,0.0,0.0,0.0,0.0,0.0,1920,,48,0,0,0,32,162.641665,137.557983,238.122986,809.994019,0.0,0.0,0.0,0.0,0.0,0.0,0.0,0.0
baseline,2,1,717.6111801757812,1469667.697,0,205183.756042,wide,99.975183,95.846985,115.393982,169.007996,2048,02f0b8aa1ba5797b,128,pipeline,all,15468,76,37,65851,32.15380859375,62,0,1,3,6,,,,1788811229.9669533,,,,,,,,,12,0,0,0,12,43.00337,41.570007,52.040955,61.008972,0.0,0.0,0.0,0.0,0.0,0.0,0.0,0.0,4096,,12,0,0,0,12,56.971813,53.424011,64.635986,103.401001,0.0,0.0,0.0,0.0,0.0,0.0,0.0,0.0
baseline,1,1,3410.3063432617187,6984307.391,0,765256.333008,balanced,373.397797,251.849976,1006.765991,2875.247009,2048,f580ef0be18fd8ea,720,pipeline,all,15468,76,2878,390090,190.4736328125,63,0,1,3,32,,,,1788811230.7941208,,,,,,,,,64,0,0,0,64,164.939039,154.018982,218.934998,334.969971,0.0,0.0,0.0,0.0,0.0,0.0,0.0,0.0,1280,,64,0,0,0,32,208.458759,89.174011,805.304993,2613.347961,0.0,0.0,0.0,0.0,0.0,0.0,0.0,0.0
baseline,1,1,16225.83684814453,33230513.865,0,2022156.255005,balanced,986.878722,806.19696,2131.039978,3558.062988,2048,fdac8dfb663bdd5e,2160,pipeline,all,47800,76,4542,231453,113.01416015625,64,0,1,3,32,,,,1788811233.035594,,,,,,,,,32,0,0,0,32,362.233902,349.578979,478.869995,554.787964,0.0,0.0,0.0,0.0,0.0,0.0,0.0,0.0,3840,,32,0,0,0,32,624.644821,442.740967,1724.740967,3081.737976,0.0,0.0,0.0,0.0,0.0,0.0,0.0,0.0
baseline,1,1,14729.162430175782,30165324.657,0,2312504.534058,zimg,1128.559418,878.115967,3001.562012,3975.71405,2048,fdac8dfb663bdd5e,2160,pipeline,all,47384,76,1695,143406,70.0224609375,65,0,1,3,32,,,,1788811235.5764103,,,,,,,,,12,0,0,0,12,388.952669,384.015991,492.677979,634.862976,0.0,0.0,0.0,0.0,0.0,0.0,0.0,0.0,3840,,32,0,0,0,32,739.60675,480.333008,2579.521973,3494.08905,0.0,0.0,0.0,0.0,0.0,0.0,0.0,0.0
baseline,1,1,15710.469274414063,32175041.074,0,2254323.047974,zimg,1100.174678,952.971985,2386.718018,3682.625,2048,fdac8dfb663bdd5e,2160,pipeline,all,47176,76,1394,143286,69.9638671875,66,0,1,3,32,,,,1788811238.0613494,,,,,,,,,12,0,0,0,12,421.435245,420.356018,580.557983,691.614014,0.0,0.0,0.0,0.0,0.0,0.0,0.0,0.0,3840,,64,0,0,0,32,678.739433,516.713989,1860.876038,3121.405029,0.0,0.0,0.0,0.0,0.0,0.0,0.0,0.0
baseline,1,1,2506.69271875,5133706.688,0,633532.171021,usm,309.022933,268.180969,384.026001,1250.56897,2048,5a2bef157e634ce9,1080,pipeline,all,15480,76,678,81920,40.0,67,0,1,3,12,,,,1788811238.7578542,,,,,,,,,16,0,0,0,16,106.44071,101.66803,146.734985,167.355957,0.0,0.0,0.0,0.0,0.0,0.0,0.0,0.0,1920,,12,0,0,0,12,202.582223,164.540039,246.249023,1136.146973,0.0,0.0,0.0,0.0,0.0,0.0,0.0,0.0
baseline,1,1,8043.05109375,16472168.64,0,5868264.079041,zimg,2864.744282,2720.385986,3801.425049,4507.578003,2048,05abdee009949698,2160,pipeline,all,42692,76,510,35164,17.169921875,68,0,1,3,2,,,,1788811245.1156166,,,,,,,,,12,0,0,0,12,399.612692,425.427002,455.084045,491.796021,0.0,0.0,0.0,0.0,0.0,0.0,0.0,0.0,3840,,2,0,0,0,2,2465.131589,2309.588013,3388.333984,3996.424011,0.0,0.0,0.0,0.0,0.0,0.0,0.0,0.0
baseline,1,1,7514.271408691407,15389227.845,0,3518538.049988,usm,1717.468672,1612.742981,2180.085999,3986.955994,2048,c72f5b5d2a6053ea,2160,pipeline,all,44492,76,634,36650,17.8955078125,69,0,1,3,12,,,,1788811248.9238381,,,,,,,,,2,0,0,0,2,1102.250174,1069.518005,1354.953003,1539.901978,0.0,0.0,0.0,0.0,0.0,0.0,0.0,0.0,3840,,12,0,0,0,12,615.218498,534.437988,832.507019,2741.365967,0.0,0.0,0.0,0.0,0.0,0.0,0.0,0.0
baseline,1,1,3233.021408203125,6621227.844,0,664650.773987,usm,324.222532,301.346008,410.968018,677.436035,2048,5a2bef157e634ce9,1080,pipeline,all,16280,76,573,114605,55.95947265625,70,0,1,3,12,,,,1788811249.6596024,,,,,,,,,24,0,0,0,24,129.436944,126.36499,175.290955,209.808044,0.0,0.0,0.0,0.0,0.0,0.0,0.0,0.0,1920,,12,0,0,0,12,194.785588,174.217957,236.049011,440.054993,0.0,0.0,0.0,0.0,0.0,0.0,0.0,0.0
baseline,1,1,1192.1095444335938,2441440.347,0,310019.598999,zimg,151.133544,140.083008,184.317993,287.76001,2048,78444727a6ea1325,720,pipeline,all,15468,76,97,64545,31.51611328125,71,0,1,3,12,,,,1788811250.0111828,,,,,,,,,12,0,0,0,12,56.599294,52.421997,73.151978,96.057007,0.0,0.0,0.0,0.0,0.0,0.0,0.0,0.0,1280,,12,0,0,0,12,94.534249,86.927979,109.984009,172.866028,0.0,0.0,0.0,0.0,0.0,0.0,0.0,0.0
baseline,1,1,2115.18381640625,4331896.456,0,622133.31604,zimg,303.476093,286.135986,357.072998,754.025024,2048,83dfe3596d415d15,1080,pipeline,all,15468,76,187,48910,23.8818359375,72,0,1,3,8,,,,1788811250.7030983,,,,,,,,,12,0,0,0,12,90.936858,87.800049,107.007996,138.319031,0.0,0.0,0.0,0.0,0.0,0.0,0.0,0.0,1920,,8,0,0,0,8,212.539235,196.441956,255.96698,615.325989,0.0,0.0,0.0,0.0,0.0,0.0,0.0,0.0
baseline,1,1,1996.2069545898437,4088231.843,0,390469.381042,zimg,190.386165,143.139038,318.227966,1390.241028,2048,f580ef0be18fd8ea,720,pipeline,all,15468,76,163,145815,71.19873046875,73,0,1,3,32,,,,1788811251.1423876,,,,,,,,,12,0,0,0,12,54.862067,54.155029,65.127014,74.505005,0.0,0.0,0.0,0.0,0.0,0.0,0.0,0.0,1280,,48,0,0,0,32,135.524099,88.43103,267.049011,1313.140991,0.0,0.0,0.0,0.0,0.0,0.0,0.0,0.0
baseline,1,1,2403.118150390625,4921585.972,0,909942.579956,placement,443.980331,393.104004,568.274048,1862.33905,2048,83dfe3596d415d15,1080,pipeline,split8,15956,76,6062,140872,68.78515625,74,0,1,3,8,,,,1788811252.1278718,,,,,,,,,32,0,0,0,32,202.313882,182.263977,260.997009,564.768005,0.0,0.0,0.0,0.0,0.0,0.0,0.0,0.0,1920,,8,0,0,0,8,241.666449,209.126038,284.092041,1114.895996,0.0,0.0,0.0,0.0,0.0,0.0,0.0,0.0
baseline,1,1,15171.529749023437,31071292.926,0,2139952.690002,zimg,1044.339028,922.171021,2225.032959,3725.819031,2048,fdac8dfb663bdd5e,2160,pipeline,all,47528,76,1270,143010,69.8291015625,75,0,1,3,32,,,,1788811254.4788175,,,,,,,,,12,0,0,0,12,402.396636,406.899963,541.041016,696.924011,0.0,0.0,0.0,0.0,0.0,0.0,0.0,0.0,3840,,48,0,0,0,32,641.942391,497.897034,1679.092041,3228.802979,0.0,0.0,0.0,0.0,0.0,0.0,0.0,0.0
baseline,1,1,1868.7705659179687,3827242.119,0,647597.482971,placement,315.948422,290.122986,363.807007,852.445984,2048,83dfe3596d415d15,1080,pipeline,local8,15576,76,931,77887,38.03076171875,76,0,1,3,8,,,,1788811255.1946118,,,,,,,,,16,0,0,0,16,123.416766,119.671997,143.248047,185.561035,0.0,0.0,0.0,0.0,0.0,0.0,0.0,0.0,1920,,8,0,0,0,8,192.531656,168.487,233.213013,694.830017,0.0,0.0,0.0,0.0,0.0,0.0,0.0,0.0
baseline,1,1,519.0282993164062,1062969.957,0,636759.555054,wide,310.691878,298.790955,366.020996,442.809998,2048,e6129fbb365f02bc,128,pipeline,all,15468,76,242,30528,14.90625,77,0,1,3,1,,,,1788811255.8877478,,,,,,,,,12,0,0,0,12,42.19818,34.848022,59.716003,84.633972,0.0,0.0,0.0,0.0,0.0,0.0,0.0,0.0,4096,,1,0,0,0,1,268.493698,263.151978,304.060974,345.059998,0.0,0.0,0.0,0.0,0.0,0.0,0.0,0.0
baseline,1,1,2148.1772744140626,4399467.058,0,739766.671021,placement,361.018179,350.430969,419.294983,506.312988,2048,83dfe3596d415d15,1080,pipeline,split8,15468,76,1971,76278,37.2451171875,78,0,1,3,8,,,,1788811256.6936195,,,,,,,,,16,0,0,0,16,147.620158,142.967957,181.552002,219.226013,0.0,0.0,0.0,0.0,0.0,0.0,0.0,0.0,1920,,8,0,0,0,8,213.398021,206.952026,245.737,290.134033,0.0,0.0,0.0,0.0,0.0,0.0,0.0,0.0
baseline,1,1,543.8346860351562,1113773.437,0,253295.937988,wide,123.44702,117.658997,144.541016,169.489014,2048,a65e92c525618463,128,pipeline,all,15468,76,80,42020,20.517578125,79,0,1,3,4,,,,1788811256.9806962,,,,,,,,,12,0,0,0,12,37.450757,36.0,49.005005,57.953003,0.0,0.0,0.0,0.0,0.0,0.0,0.0,0.0,4096,,4,0,0,0,4,85.996262,80.376038,99.29303,124.421997,0.0,0.0,0.0,0.0,0.0,0.0,0.0,0.0
baseline,1,1,10748.172674804688,22012257.638,0,2177782.473022,usm,1062.834313,961.347046,1641.820007,3530.328979,2048,c72f5b5d2a6053ea,2160,pipeline,all,45424,76,718,114673,55.99267578125,80,0,1,3,12,,,,1788811259.3370678,,,,,,,,,24,0,0,0,24,338.709921,325.562012,458.470947,572.692993,0.0,0.0,0.0,0.0,0.0,0.0,0.0,0.0,3840,,12,0,0,0,12,724.124392,622.238953,1181.244995,2962.885986,0.0,0.0,0.0,0.0,0.0,0.0,0.0,0.0
baseline,1,1,1674.9226450195313,3430241.577,0,361734.586975,zimg,176.353643,135.513,236.539001,1061.683044,2048,cfdb256cfd47aa5f,720,pipeline,all,15468,76,306,108796,53.123046875,81,0,1,3,24,,,,1788811259.752546,,,,,,,,,12,0,0,0,12,55.670974,54.216003,69.85498,81.648987,0.0,0.0,0.0,0.0,0.0,0.0,0.0,0.0,1280,,24,0,0,0,24,120.682669,80.557007,168.888,1001.705994,0.0,0.0,0.0,0.0,0.0,0.0,0.0,0.0
baseline,1,1,2055.4131254882814,4209486.081,0,967273.505981,usm,472.002572,437.549988,559.257019,1085.098022,2048,5a2bef157e634ce9,1080,pipeline,all,15484,76,80,37792,18.453125,82,0,1,3,12,,,,1788811260.805527,,,,,,,,,2,0,0,0,2,278.749777,271.91803,326.653992,379.787964,0.0,0.0,0.0,0.0,0.0,0.0,0.0,0.0,1920,,12,0,0,0,12,193.252795,164.51001,230.117004,773.302002,0.0,0.0,0.0,0.0,0.0,0.0,0.0,0.0
baseline,1,1,1993.76712890625,4083235.08,0,1411037.187012,usm,688.686769,644.531982,776.377991,1951.161011,2048,5a2bef157e634ce9,1080,pipeline,all,16504,76,31,34221,16.70947265625,83,0,1,3,12,,,,1788811262.3503566,,,,,,,,,1,0,0,0,1,484.985426,478.369019,528.516968,572.602051,0.0,0.0,0.0,0.0,0.0,0.0,0.0,0.0,1920,,12,0,0,0,12,203.701343,163.667969,236.519043,1477.390015,0.0,0.0,0.0,0.0,0.0,0.0,0.0,0.0
baseline,1,1,998.47947265625,2044885.96,0,767675.614014,zimg,374.588456,352.906006,466.156006,530.070007,2048,78444727a6ea1325,720,pipeline,all,15468,76,49,36606,17.8740234375,84,0,1,3,2,,,,1788811263.187278,,,,,,,,,12,0,0,0,12,51.560021,46.0,68.612976,87.851013,0.0,0.0,0.0,0.0,0.0,0.0,0.0,0.0,1280,,2,0,0,0,2,323.028435,304.58197,403.994995,460.924988,0.0,0.0,0.0,0.0,0.0,0.0,0.0,0.0
baseline,1,1,1078.561751953125,2208894.468,0,617030.693054,usm,301.028621,227.151978,538.967041,2491.561035,2048,78444727a6ea1325,720,pipeline,all,15468,76,56,38664,18.87890625,85,0,1,3,12,,,,1788811263.8546624,,,,,,,,,2,0,0,0,2,137.320072,131.255005,165.370972,215.468994,0.0,0.0,0.0,0.0,0.0,0.0,0.0,0.0,1280,,12,0,0,0,12,163.708549,93.961975,367.753967,2260.661987,0.0,0.0,0.0,0.0,0.0,0.0,0.0,0.0
baseline,1,1,4620.855852539063,9463512.786,0,696141.070007,pin,339.61699,327.987,431.137024,561.049988,2048,635eaa6dbdb99686,1080,pipeline,all,16976,76,5052,236998,115.7216796875,86,0,0,3,32,,,,1788811264.6392553,,,,,,,,,32,0,0,0,32,141.107052,134.070007,185.540039,241.598999,0.0,0.0,0.0,0.0,0.0,0.0,0.0,0.0,1920,,32,0,0,0,32,198.509939,194.919006,255.386963,311.716003,0.0,0.0,0.0,0.0,0.0,0.0,0.0,0.0
baseline,3,1,1114.3936147460938,2282278.123,0,351622.776001,wide,171.424923,109.473022,411.359985,1422.252991,2048,327cf152773a3ccc,128,pipeline,all,15468,76,440,112024,54.69921875,87,0,1,3,8,,,,1788811265.028148,,,,,,,,,12,0,0,0,12,45.069204,42.632996,61.088989,76.127991,0.0,0.0,0.0,0.0,0.0,0.0,0.0,0.0,4096,,24,0,0,0,24,126.355719,64.716003,362.704956,1382.807007,0.0,0.0,0.0,0.0,0.0,0.0,0.0,0.0
baseline,1,1,8019.79967578125,16424549.736,0,5457036.44696,usm,2664.102453,2560.054016,3208.03302,4697.856995,2048,c72f5b5d2a6053ea,2160,pipeline,all,44584,76,143,29168,14.2421875,88,0,1,3,12,,,,1788811270.891306,,,,,,,,,1,0,0,0,1,1957.780845,1913.22699,2228.028992,2507.221008,0.0,0.0,0.0,0.0,0.0,0.0,0.0,0.0,3840,,12,0,0,0,12,706.321608,641.596985,1004.101013,2388.541016,0.0,0.0,0.0,0.0,0.0,0.0,0.0,0.0
baseline,1,1,7477.537505371094,15313996.811,0,2475700.802002,usm,1208.375936,1139.052979,1591.411987,2096.323059,2048,c72f5b5d2a6053ea,2160,pipeline,all,43896,76,351,41004,20.021484375,89,0,1,3,12,,,,1788811273.5885844,,,,,,,,,4,0,0,0,4,621.37139,591.598999,879.879944,1011.335022,0.0,0.0,0.0,0.0,0.0,0.0,0.0,0.0,3840,,12,0,0,0,12,587.004546,540.148987,803.341003,1379.320007,0.0,0.0,0.0,0.0,0.0,0.0,0.0,0.0
baseline,1,1,1977.7354770507814,4050402.257,0,959250.957947,placement,468.113356,430.225952,591.909973,1380.661987,2048,83dfe3596d415d15,1080,pipeline,split8,15468,76,105,30011,14.65380859375,90,0,1,3,8,,,,1788811274.6202652,,,,,,,,,4,0,0,0,4,210.257264,166.052002,295.955017,369.919006,0.0,0.0,0.0,0.0,0.0,0.0,0.0,0.0,1920,,8,0,0,0,8,257.856093,225.357971,302.067017,987.658997,0.0,0.0,0.0,0.0,0.0,0.0,0.0,0.0
baseline,1,1,2645.8946352539065,5418792.213,0,468250.845032,balanced,228.339738,176.233032,439.875,1461.098022,2048,f580ef0be18fd8ea,720,pipeline,all,15468,76,1113,234647,114.57373046875,91,0,1,3,32,,,,1788811275.1434994,,,,,,,,,32,0,0,0,32,90.306776,86.857971,111.366028,136.065002,0.0,0.0,0.0,0.0,0.0,0.0,0.0,0.0,1280,,32,0,0,0,32,138.032962,87.770996,328.809021,1241.161011,0.0,0.0,0.0,0.0,0.0,0.0,0.0,0.0
baseline,1,1,2590.4725063476562,5305287.693,0,568749.664978,usm,277.405555,245.075989,367.844971,1000.924988,2048,78444727a6ea1325,720,pipeline,all,15468,76,3597,308534,150.6513671875,92,0,1,3,12,,,,1788811275.7709842,,,,,,,,,64,0,0,0,64,164.296242,158.808044,213.473999,268.411011,0.0,0.0,0.0,0.0,0.0,0.0,0.0,0.0,1280,,12,0,0,0,12,113.109313,84.894958,132.075989,795.815979,0.0,0.0,0.0,0.0,0.0,0.0,0.0,0.0
baseline,1,1,1998.2782290039063,4092473.813,0,2680863.957031,zimg,1308.533481,1290.778015,1407.835999,1746.643982,2048,f3138462601ef82d,1080,pipeline,all,15468,76,196,29058,14.1884765625,93,0,1,3,1,,,,1788811278.6684885,,,,,,,,,12,0,0,0,12,87.015719,83.452026,100.494995,130.002014,0.0,0.0,0.0,0.0,0.0,0.0,0.0,0.0,1920,,1,0,0,0,1,1221.517762,1206.42395,1306.919006,1595.359985,0.0,0.0,0.0,0.0,0.0,0.0,0.0,0.0
baseline,1,1,1349.9873076171875,2764774.006,0,338594.542969,zimg,165.054532,142.697021,213.004028,767.622009,2048,55674e614925a1f4,720,pipeline,all,15468,76,180,80655,39.38232421875,94,0,1,3,16,,,,1788811279.0506227,,,,,,,,,12,0,0,0,12,62.613945,58.312988,83.683044,111.06604,0.0,0.0,0.0,0.0,0.0,0.0,0.0,0.0,1280,,16,0,0,0,16,102.440587,83.022034,124.401978,695.25,0.0,0.0,0.0,0.0,0.0,0.0,0.0,0.0
baseline,1,1,2572.217462890625,5267901.364,0,573131.632996,usm,279.579548,250.096008,357.174011,995.02301,2048,78444727a6ea1325,720,pipeline,all,15468,76,4361,307167,149.98388671875,0,0,1,4,12,,,,1788811279.6834497,,,,,,,,,64,0,0,0,64,168.807159,162.445007,220.217957,276.646973,0.0,0.0,0.0,0.0,0.0,0.0,0.0,0.0,1280,,12,0,0,0,12,110.772389,86.478027,132.997986,696.794006,0.0,0.0,0.0,0.0,0.0,0.0,0.0,0.0
baseline,1,1,9181.2250703125,18803148.944,0,1951707.728943,usm,952.453142,876.492981,1286.820007,2356.739014,2048,c72f5b5d2a6053ea,2160,pipeline,all,44464,76,833,78108,38.138671875,1,0,1,4,12,,,,1788811281.8125927,,,,,,,,,16,0,0,0,16,320.649274,299.401978,438.301025,542.835022,0.0,0.0,0.0,0.0,0.0,0.0,0.0,0.0,3840,,12,0,0,0,12,631.803868,564.828003,868.247009,2077.015991,0.0,0.0,0.0,0.0,0.0,0.0,0.0,0.0
baseline,1,1,2475.8593276367187,5070559.903,0,566591.733032,usm,276.305724,258.190979,343.226013,660.302979,2048,5a2bef157e634ce9,1080,pipeline,all,15996,76,602,80056,39.08984375,2,0,1,4,12,,,,1788811282.4423313,,,,,,,,,16,0,0,0,16,98.52754,92.940002,133.679993,162.013977,0.0,0.0,0.0,0.0,0.0,0.0,0.0,0.0,1920,,12,0,0,0,12,177.778184,163.478027,208.384949,541.09198,0.0,0.0,0.0,0.0,0.0,0.0,0.0,0.0
baseline,1,1,2039.74912890625,4177406.216,0,703239.761963,usm,343.093128,315.643005,412.822021,992.328003,2048,5a2bef157e634ce9,1080,pipeline,all,15912,76,131,43335,21.15966796875,3,0,1,4,12,,,,1788811283.2127135,,,,,,,,,4,0,0,0,4,158.004628,150.302002,217.742981,249.133972,0.0,0.0,0.0,0.0,0.0,0.0,0.0,0.0,1920,,12,0,0,0,12,185.088499,164.309998,209.987976,835.172974,0.0,0.0,0.0,0.0,0.0,0.0,0.0,0.0
baseline,1,1,1968.5192734375,4031527.472,0,1429978.003052,zimg,697.885138,680.18103,770.497009,960.71698,2048,f3138462601ef82d,1080,pipeline,all,15468,76,93,34943,17.06201171875,4,0,1,4,2,,,,1788811284.7553847,,,,,,,,,12,0,0,0,12,84.347465,82.890991,90.705994,101.948975,0.0,0.0,0.0,0.0,0.0,0.0,0.0,0.0,1920,,2,0,0,0,2,613.537673,596.679016,678.268005,873.857971,0.0,0.0,0.0,0.0,0.0,0.0,0.0,0.0
baseline,1,1,4601.295876953125,9423453.956,0,688518.115967,pin,335.900443,324.130005,428.031006,516.974976,2048,635eaa6dbdb99686,1080,pipeline,all,16740,76,5603,235491,114.98583984375,5,0,0,4,32,,,,1788811285.526118,,,,,,,,,32,0,0,0,32,138.562489,131.927002,180.560974,221.48999,0.0,0.0,0.0,0.0,0.0,0.0,0.0,0.0,1920,,32,0,0,0,32,197.337954,193.015015,254.515015,299.60199,0.0,0.0,0.0,0.0,0.0,0.0,0.0,0.0
baseline,1,1,2084.4874116210935,4269030.219,0,374569.290039,zimg,182.656473,151.494995,277.889038,954.904968,2048,f580ef0be18fd8ea,720,pipeline,all,15468,76,252,142739,69.69677734375,6,0,1,4,32,,,,1788811285.9480362,,,,,,,,,12,0,0,0,12,58.619385,56.991028,68.823975,82.640015,0.0,0.0,0.0,0.0,0.0,0.0,0.0,0.0,1280,,64,0,0,0,32,124.037088,94.05304,214.577026,857.875977,0.0,0.0,0.0,0.0,0.0,0.0,0.0,0.0
baseline,2,1,912.088234375,1867956.704,0,238730.342041,wide,116.335047,105.383972,138.067993,302.989014,2048,a4d8acbe80c9d6cb,128,pipeline,all,15468,76,180,81328,39.7109375,7,0,1,4,8,,,,1788811286.2204137,,,,,,,,,12,0,0,0,12,48.503074,45.809021,66.367981,81.338013,0.0,0.0,0.0,0.0,0.0,0.0,0.0,0.0,4096,,16,0,0,0,16,67.831972,59.205017,72.26001,186.031982,0.0,0.0,0.0,0.0,0.0,0.0,0.0,0.0
baseline,1,1,1274.69653125,2610578.496,0,320964.515991,usm,156.484947,141.554993,183.497009,445.936035,2048,78444727a6ea1325,720,pipeline,all,15468,76,256,82049,40.06298828125,8,0,1,4,12,,,,1788811286.5773869,,,,,,,,,16,0,0,0,16,60.086136,56.599976,75.927979,95.015015,0.0,0.0,0.0,0.0,0.0,0.0,0.0,0.0,1280,,12,0,0,0,12,96.39881,84.314026,106.387024,347.405029,0.0,0.0,0.0,0.0,0.0,0.0,0.0,0.0
baseline,1,1,959.1597055664063,1964359.077,0,639940.307983,usm,312.310794,300.393982,336.232971,513.868042,2048,78444727a6ea1325,720,pipeline,all,15468,76,50,34180,16.689453125,9,0,1,4,12,,,,1788811287.2749677,,,,,,,,,1,0,0,0,1,217.478466,215.598999,231.690979,243.884033,0.0,0.0,0.0,0.0,0.0,0.0,0.0,0.0,1280,,12,0,0,0,12,94.832328,83.863037,105.955994,297.888,0.0,0.0,0.0,0.0,0.0,0.0,0.0,0.0
baseline,1,1,1967.8640732421875,4030185.622,0,954005.979004,placement,465.562625,479.612,563.655029,830.924011,2048,83dfe3596d415d15,1080,pipeline,split8,15468,76,180,30200,14.74609375,10,0,1,4,8,,,,1788811288.3013074,,,,,,,,,4,0,0,0,4,225.649322,258.202026,291.186035,385.890015,0.0,0.0,0.0,0.0,0.0,0.0,0.0,0.0,1920,,8,0,0,0,8,239.913303,224.036011,276.567993,465.223022,0.0,0.0,0.0,0.0,0.0,0.0,0.0,0.0
baseline,1,1,3287.2723959960936,6732333.867,0,746383.771973,usm,364.181719,309.19104,483.609009,2351.007996,2048,5a2bef157e634ce9,1080,pipeline,all,16516,76,1641,152402,74.4150390625,11,0,1,4,12,,,,1788811289.1141522,,,,,,,,,32,0,0,0,32,141.622353,134.822021,179.848999,244.695007,0.0,0.0,0.0,0.0,0.0,0.0,0.0,0.0,1920,,12,0,0,0,12,222.559366,169.319031,296.616028,2115.119019,0.0,0.0,0.0,0.0,0.0,0.0,0.0,0.0
baseline,1,1,2057.8511342773436,4214479.123,0,449024.034973,usm,219.040833,205.840027,262.841003,569.987,2048,78444727a6ea1325,720,pipeline,all,15468,76,3305,232242,113.3994140625,12,0,1,4,12,,,,1788811289.6088157,,,,,,,,,48,0,0,0,48,125.657369,120.624023,160.832031,209.857056,0.0,0.0,0.0,0.0,0.0,0.0,0.0,0.0,1280,,12,0,0,0,12,93.383464,82.329956,103.380981,405.597961,0.0,0.0,0.0,0.0,0.0,0.0,0.0,0.0
baseline,1,1,966.5273041992187,1979447.919,0,416119.830017,zimg,202.957741,197.162964,235.747986,259.153992,2048,78444727a6ea1325,720,pipeline,all,15468,76,121,39181,19.13134765625,13,0,1,4,4,,,,1788811290.0744636,,,,,,,,,12,0,0,0,12,45.634289,44.216003,52.132019,68.94397,0.0,0.0,0.0,0.0,0.0,0.0,0.0,0.0,1280,,4,0,0,0,4,157.323452,152.265991,183.71698,206.651978,0.0,0.0,0.0,0.0,0.0,0.0,0.0,0.0
baseline,1,1,8839.27246142578,18102830.001,0,1808510.994995,zimg,882.658888,825.564026,1214.167969,2448.546997,2048,c3e70d98ebda112a,2160,pipeline,all,44896,76,1257,79549,38.84228515625,14,0,1,4,16,,,,1788811292.0529783,,,,,,,,,12,0,0,0,12,358.54007,357.364014,474.251038,599.904968,0.0,0.0,0.0,0.0,0.0,0.0,0.0,0.0,3840,,16,0,0,0,16,524.118818,464.33197,765.255981,1891.89502,0.0,0.0,0.0,0.0,0.0,0.0,0.0,0.0
baseline,1,1,509.29909765625,1043044.552,0,621316.567993,wide,303.150148,297.097046,333.65802,378.866028,2048,e6129fbb365f02bc,128,pipeline,all,15468,76,41,29727,14.51513671875,15,0,1,4,1,,,,1788811292.7298608,,,,,,,,,12,0,0,0,12,36.779782,34.646973,45.447998,58.69397,0.0,0.0,0.0,0.0,0.0,0.0,0.0,0.0,4096,,1,0,0,0,1,266.370366,261.989014,288.650024,330.833008,0.0,0.0,0.0,0.0,0.0,0.0,0.0,0.0
baseline,1,1,2186.2750234375,4477491.248,0,541846.985962,usm,264.319127,253.672974,304.80304,439.03302,2048,5a2bef157e634ce9,1080,pipeline,all,15640,76,331,64982,31.7294921875,16,0,1,4,12,,,,1788811293.329503,,,,,,,,,12,0,0,0,12,94.748031,95.876038,118.320007,137.046021,0.0,0.0,0.0,0.0,0.0,0.0,0.0,0.0,1920,,12,0,0,0,12,169.571097,159.339966,193.265991,318.047974,0.0,0.0,0.0,0.0,0.0,0.0,0.0,0.0
baseline,1,1,7686.652476074219,15742264.271,0,5281105.270996,usm,2578.314469,2501.950012,3031.379028,4082.440979,2048,c72f5b5d2a6053ea,2160,pipeline,all,44436,76,218,28683,14.00537109375,17,0,1,4,12,,,,1788811299.0097458,,,,,,,,,1,0,0,0,1,1905.074894,1880.393005,2081.964966,2387.16803,0.0,0.0,0.0,0.0,0.0,0.0,0.0,0.0,3840,,12,0,0,0,12,673.239576,617.128967,934.866028,2108.015015,0.0,0.0,0.0,0.0,0.0,0.0,0.0,0.0
baseline,1,1,1093.95733203125,2240424.616,0,417164.079956,usm,203.471916,176.663025,242.240051,972.869995,2048,78444727a6ea1325,720,pipeline,all,15468,76,98,44357,21.65869140625,18,0,1,4,12,,,,1788811299.4688904,,,,,,,,,4,0,0,0,4,80.056123,75.828003,109.924011,118.549988,0.0,0.0,0.0,0.0,0.0,0.0,0.0,0.0,1280,,12,0,0,0,12,123.415793,97.468994,144.531006,884.046997,0.0,0.0,0.0,0.0,0.0,0.0,0.0,0.0
baseline,1,1,13321.32308984375,27282069.688,0,1690756.640015,zimg,825.211953,729.989014,1374.079041,2968.166992,2048,fdac8dfb663bdd5e,2160,pipeline,all,47056,76,1155,141974,69.3232421875,19,0,1,4,32,,,,1788811301.3818624,,,,,,,,,12,0,0,0,12,328.410606,337.955994,432.440002,487.837952,0.0,0.0,0.0,0.0,0.0,0.0,0.0,0.0,3840,,32,0,0,0,32,496.801347,395.459045,1024.069031,2549.713989,0.0,0.0,0.0,0.0,0.0,0.0,0.0,0.0
baseline,1,1,3641.1640302734377,7457103.934,0,756888.747986,usm,369.369916,337.536011,424.875,1000.914978,2048,5a2bef157e634ce9,1080,pipeline,all,17512,76,6047,307790,150.2880859375,20,0,1,4,12,,,,1788811302.2144363,,,,,,,,,64,0,0,0,64,184.781823,181.102051,215.218018,268.210999,0.0,0.0,0.0,0.0,0.0,0.0,0.0,0.0,1920,,12,0,0,0,12,184.588094,155.471985,193.216003,814.712952,0.0,0.0,0.0,0.0,0.0,0.0,0.0,0.0
baseline,1,1,7775.613670410156,15924456.797,0,9758336.309998,zimg,4764.443714,4726.09198,5026.445984,5372.577942,2048,05abdee009949698,2160,pipeline,all,42424,76,679,28096,13.71875,21,0,1,4,1,,,,1788811312.6328576,,,,,,,,,12,0,0,0,12,411.674941,427.761047,442.839966,484.500977,0.0,0.0,0.0,0.0,0.0,0.0,0.0,0.0,3840,,1,0,0,0,1,4352.768772,4307.187012,4618.742981,4927.161987,0.0,0.0,0.0,0.0,0.0,0.0,0.0,0.0
baseline,1,1,2846.0057026367185,5828619.679,0,560340.921021,usm,273.350324,269.233032,312.507996,436.64801,2048,5a2bef157e634ce9,1080,pipeline,all,15724,76,531,113104,55.2265625,22,0,1,4,12,,,,1788811313.2498212,,,,,,,,,24,0,0,0,24,110.108594,109.622986,132.697998,148.348999,0.0,0.0,0.0,0.0,0.0,0.0,0.0,0.0,1920,,12,0,0,0,12,163.241729,158.007019,184.417969,302.267944,0.0,0.0,0.0,0.0,0.0,0.0,0.0,0.0
baseline,4,1,1280.570005859375,2622607.372,0,251559.210999,wide,122.584063,105.735046,163.248047,466.856995,2048,a4d8acbe80c9d6cb,128,pipeline,all,15724,76,231,146364,71.466796875,23,0,1,4,8,,,,1788811313.536726,,,,,,,,,12,0,0,0,12,42.992346,42.242004,52.832031,62.962036,0.0,0.0,0.0,0.0,0.0,0.0,0.0,0.0,4096,,48,0,0,0,32,79.591717,63.302979,114.763,416.439026,0.0,0.0,0.0,0.0,0.0,0.0,0.0,0.0
baseline,1,1,2428.7375434570313,4974054.489,0,493430.440979,zimg,240.695129,237.440979,271.546997,340.520996,2048,b3fd9e69d41b7f75,1080,pipeline,all,15724,76,140,77298,37.7431640625,24,0,1,4,16,,,,1788811314.0837772,,,,,,,,,12,0,0,0,12,99.214173,100.745972,116.867004,122.427979,0.0,0.0,0.0,0.0,0.0,0.0,0.0,0.0,1920,,16,0,0,0,16,141.480957,137.106018,156.364014,236.75,0.0,0.0,0.0,0.0,0.0,0.0,0.0,0.0
baseline,1,1,1767.12610546875,3619074.264,0,568432.117981,placement,277.386622,265.937012,318.39801,361.932983,2048,83dfe3596d415d15,1080,pipeline,local8,15724,76,669,61291,29.92724609375,25,0,1,4,8,,,,1788811314.710126,,,,,,,,,12,0,0,0,12,112.608149,102.598999,147.075989,162.044006,0.0,0.0,0.0,0.0,0.0,0.0,0.0,0.0,1920,,8,0,0,0,8,164.778473,160.832947,189.497986,213.263977,0.0,0.0,0.0,0.0,0.0,0.0,0.0,0.0
baseline,1,1,1946.4476440429687,3986324.775,0,301784.795044,zimg,147.130253,138.208008,168.718018,388.554016,2048,f580ef0be18fd8ea,720,pipeline,all,15724,76,144,145104,70.8515625,26,0,1,4,32,,,,1788811315.0572026,,,,,,,,,12,0,0,0,12,55.190312,55.166992,63.983948,68.572998,0.0,0.0,0.0,0.0,0.0,0.0,0.0,0.0,1280,,48,0,0,0,32,91.939941,82.721008,111.375977,332.165039,0.0,0.0,0.0,0.0,0.0,0.0,0.0,0.0
baseline,1,1,3141.6299404296874,6434058.118,0,505872.560974,balanced,246.819865,216.22998,316.354004,852.234985,2048,f580ef0be18fd8ea,720,pipeline,all,15724,76,2402,387201,189.06298828125,27,0,1,4,32,,,,1788811315.617573,,,,,,,,,64,0,0,0,64,139.411426,136.304993,160.031006,195.018982,0.0,0.0,0.0,0.0,0.0,0.0,0.0,0.0,1280,,64,0,0,0,32,107.408439,79.304016,166.734009,715.440002,0.0,0.0,0.0,0.0,0.0,0.0,0.0,0.0
baseline,1,1,7424.355211914062,15205079.474,0,1841300.414001,usm,898.744373,844.671021,1054.138,1383.22699,2048,c72f5b5d2a6053ea,2160,pipeline,all,44388,76,489,48701,23.77978515625,28,0,1,4,12,,,,1788811317.6451197,,,,,,,,,8,0,0,0,8,376.443475,323.017944,493.900024,523.786987,0.0,0.0,0.0,0.0,0.0,0.0,0.0,0.0,3840,,12,0,0,0,12,522.300898,505.983032,582.261047,980.966003,0.0,0.0,0.0,0.0,0.0,0.0,0.0,0.0
baseline,1,1,16214.328018554688,33206943.782,0,2238544.038025,balanced,1092.634772,798.090027,2976.062012,3986.44397,2048,fdac8dfb663bdd5e,2160,pipeline,all,47912,76,8108,370719,181.01513671875,29,0,1,4,32,,,,1788811320.080962,,,,,,,,,64,0,0,0,64,398.242393,375.790039,520.180969,724.396973,0.0,0.0,0.0,0.0,0.0,0.0,0.0,0.0,3840,,64,0,0,0,32,694.392379,406.76001,2484.437012,3429.071045,0.0,0.0,0.0,0.0,0.0,0.0,0.0,0.0
baseline,1,1,2066.6332998046873,4232464.998,0,555650.189026,usm,271.093394,270.265015,303.980957,415.406982,2048,5a2bef157e634ce9,1080,pipeline,all,16256,76,176,50286,24.5537109375,30,0,1,4,12,,,,1788811320.6968136,,,,,,,,,8,0,0,0,8,110.804035,119.541992,133.669006,142.756958,0.0,0.0,0.0,0.0,0.0,0.0,0.0,0.0,1920,,12,0,0,0,12,160.289358,153.067017,172.997009,298.198975,0.0,0.0,0.0,0.0,0.0,0.0,0.0,0.0
baseline,1,1,3024.2836528320313,6193732.921,0,551827.462036,zimg,269.196934,227.452026,317.487,1629.645996,2048,513ae7d973f92522,1080,pipeline,all,15724,76,512,109495,53.46435546875,31,0,1,4,24,,,,1788811321.3186753,,,,,,,,,12,0,0,0,12,91.159876,91.979004,114.79303,129.010986,0.0,0.0,0.0,0.0,0.0,0.0,0.0,0.0,1920,,24,0,0,0,24,178.037058,135.672974,216.771973,1523.359985,0.0,0.0,0.0,0.0,0.0,0.0,0.0,0.0
baseline,1,1,961.6478720703125,1969454.842,0,1301899.353027,zimg,635.457213,630.764954,698.677002,819.102051,2048,78444727a6ea1325,720,pipeline,all,15724,76,90,31437,15.35009765625,32,0,1,4,1,,,,1788811322.7108793,,,,,,,,,12,0,0,0,12,51.323051,47.302002,65.177002,104.271973,0.0,0.0,0.0,0.0,0.0,0.0,0.0,0.0,1280,,1,0,0,0,1,584.134162,582.902954,633.109985,717.213989,0.0,0.0,0.0,0.0,0.0,0.0,0.0,0.0
baseline,1,1,1068.7361889648437,2188771.715,0,264730.143005,zimg,129.051259,125.002991,143.038025,189.638,2048,78444727a6ea1325,720,pipeline,all,15724,76,51,61686,30.1201171875,33,0,1,4,12,,,,1788811323.007236,,,,,,,,,12,0,0,0,12,48.769683,48.05304,57.310974,63.973999,0.0,0.0,0.0,0.0,0.0,0.0,0.0,0.0,1280,,12,0,0,0,12,80.281577,76.908997,88.471985,119.882996,0.0,0.0,0.0,0.0,0.0,0.0,0.0,0.0
baseline,1,1,1505.334287109375,3082924.62,0,273480.312012,zimg,133.323376,127.578003,145.291992,232.302002,2048,cfdb256cfd47aa5f,720,pipeline,all,15724,76,170,110355,53.88427734375,34,0,1,4,24,,,,1788811323.3179452,,,,,,,,,12,0,0,0,12,50.040455,50.628052,58.382996,65.437012,0.0,0.0,0.0,0.0,0.0,0.0,0.0,0.0,1280,,24,0,0,0,24,83.282921,77.801025,89.463989,174.107971,0.0,0.0,0.0,0.0,0.0,0.0,0.0,0.0
baseline,1,1,1900.50680859375,3892237.944,0,857064.835999,usm,418.299608,408.513977,446.998047,518.427002,2048,5a2bef157e634ce9,1080,pipeline,all,15740,76,29,36773,17.95556640625,35,0,1,4,12,,,,1788811324.2561333,,,,,,,,,2,0,0,0,2,259.051194,256.076965,276.877991,293.549988,0.0,0.0,0.0,0.0,0.0,0.0,0.0,0.0,1920,,12,0,0,0,12,159.248413,152.615967,173.888,235.507019,0.0,0.0,0.0,0.0,0.0,0.0,0.0,0.0
baseline,1,1,1490.4733471679688,3052489.415,0,312038.368958,usm,152.15067,146.575012,172.615051,236.078003,2048,78444727a6ea1325,720,pipeline,all,15724,76,165,112810,55.0830078125,36,0,1,4,12,,,,1788811324.6029437,,,,,,,,,24,0,0,0,24,66.278443,64.876038,76.298035,86.247009,0.0,0.0,0.0,0.0,0.0,0.0,0.0,0.0,1280,,12,0,0,0,12,85.872227,81.086975,102.038025,124.651978,0.0,0.0,0.0,0.0,0.0,0.0,0.0,0.0
baseline,1,1,2612.5521538085936,5350506.811,0,637820.30603,pin,311.228444,305.523987,368.436035,410.337036,2048,5a2bef157e634ce9,1080,pipeline,all,15972,76,303,63660,31.083984375,37,0,0,4,12,,,,1788811325.2996404,,,,,,,,,12,0,0,0,12,122.574406,120.213013,143.539001,158.338013,0.0,0.0,0.0,0.0,0.0,0.0,0.0,0.0,1920,,12,0,0,0,12,188.654037,175.501038,231.969971,251.569031,0.0,0.0,0.0,0.0,0.0,0.0,0.0,0.0
baseline,1,1,5075.052081542969,10393706.663,0,688095.254028,balanced,335.772633,300.393005,433.001038,1015.382019,2048,635eaa6dbdb99686,1080,pipeline,all,17260,76,3463,385736,188.34765625,38,0,1,4,32,,,,1788811326.0707188,,,,,,,,,64,0,0,0,64,174.699861,170.811035,206.731995,246.177979,0.0,0.0,0.0,0.0,0.0,0.0,0.0,0.0,1920,,64,0,0,0,32,161.072772,129.071045,227.733032,800.134033,0.0,0.0,0.0,0.0,0.0,0.0,0.0,0.0
baseline,1,1,2775.3588203125,5683934.864,0,889759.416016,placement,434.270773,400.026978,489.099976,1456.679993,2048,83dfe3596d415d15,1080,pipeline,physical,15724,76,3474,141710,69.1943359375,39,0,1,4,8,,,,1788811327.0294495,,,,,,,,,32,0,0,0,32,178.977095,173.817993,202.764038,255.154968,0.0,0.0,0.0,0.0,0.0,0.0,0.0,0.0,1920,,8,0,0,0,8,255.293677,222.792969,285.674988,1032.615967,0.0,0.0,0.0,0.0,0.0,0.0,0.0,0.0
baseline,1,1,6966.885595703125,14268181.7,0,3167501.93396,usm,1546.313154,1523.830994,1703.30896,2111.972961,2048,c72f5b5d2a6053ea,2160,pipeline,all,43864,76,261,35440,17.3046875,40,0,1,4,12,,,,1788811330.4520156,,,,,,,,,2,0,0,0,2,1027.248043,1013.127991,1118.142029,1221.062012,0.0,0.0,0.0,0.0,0.0,0.0,0.0,0.0,3840,,12,0,0,0,12,519.065111,491.485046,601.007996,989.292053,0.0,0.0,0.0,0.0,0.0,0.0,0.0,0.0
baseline,1,1,9735.071648925781,19937426.737,0,1848263.213013,usm,902.074342,857.285034,1126.627991,2058.629028,2048,c72f5b5d2a6053ea,2160,pipeline,all,45328,76,863,113439,55.39013671875,41,0,1,4,12,,,,1788811332.470749,,,,,,,,,24,0,0,0,24,291.896611,279.723022,387.171997,476.505981,0.0,0.0,0.0,0.0,0.0,0.0,0.0,0.0,3840,,12,0,0,0,12,610.177732,580.597961,750.198059,1492.549011,0.0,0.0,0.0,0.0,0.0,0.0,0.0,0.0
baseline,1,1,3210.405484375,6574910.432,0,666914.135986,usm,325.451395,305.173035,352.825989,710.470032,2048,5a2bef157e634ce9,1080,pipeline,all,16184,76,3154,229367,111.99560546875,42,0,1,4,12,,,,1788811333.2016478,,,,,,,,,48,0,0,0,48,153.949711,151.19397,175.471008,197.653992,0.0,0.0,0.0,0.0,0.0,0.0,0.0,0.0,1920,,12,0,0,0,12,171.501685,152.666016,180.370056,541.622009,0.0,0.0,0.0,0.0,0.0,0.0,0.0,0.0
baseline,1,1,11058.074537109374,22646936.652,0,1631344.237976,zimg,796.179452,744.997009,1024.210022,2553.25,2048,45f54a827efea2f4,2160,pipeline,all,46936,76,1148,106117,51.81494140625,43,0,1,4,24,,,,1788811335.17908,,,,,,,,,12,0,0,0,12,312.886979,330.85199,381.310974,437.73999,0.0,0.0,0.0,0.0,0.0,0.0,0.0,0.0,3840,,24,0,0,0,24,483.292474,426.939026,678.518005,2231.18396,0.0,0.0,0.0,0.0,0.0,0.0,0.0,0.0
baseline,1,1,1070.293529296875,2191961.148,0,390685.64801,zimg,190.499496,161.814026,214.567017,818.791016,2048,8a115e09118c7e24,720,pipeline,all,15724,76,119,50189,24.50634765625,44,0,1,4,8,,,,1788811335.6003923,,,,,,,,,12,0,0,0,12,52.615316,47.872986,69.654968,87.369019,0.0,0.0,0.0,0.0,0.0,0.0,0.0,0.0,1280,,8,0,0,0,8,137.88418,112.127991,146.294006,586.138977,0.0,0.0,0.0,0.0,0.0,0.0,0.0,0.0
baseline,1,0,4803.772053222656,9838125.165,0,2670249.197021,noise,1303.528072,809.532959,3377.520996,3992.195984,2048,abeca2e4aab3b4a6,1080,pipeline,all,16188,76,2719,234215,114.36279296875,45,0,1,4,32,,,,1788811338.5483897,,,,,,,,,32,0,0,0,32,165.207536,141.63501,212.78302,926.841003,0.0,0.0,0.0,0.0,0.0,0.0,0.0,0.0,1920,,32,0,0,0,32,1138.320536,632.517944,3150.23999,3828.738037,0.0,0.0,0.0,0.0,0.0,0.0,0.0,0.0
baseline,1,1,1248.5091264648438,2556946.691,0,451719.625,usm,220.252471,158.22699,385.248962,1838.651978,2048,78444727a6ea1325,720,pipeline,all,15724,76,311,65879,32.16748046875,46,0,1,4,12,,,,1788811339.0415082,,,,,,,,,12,0,0,0,12,62.7995,56.851013,91.64801,136.424988,0.0,0.0,0.0,0.0,0.0,0.0,0.0,0.0,1280,,12,0,0,0,12,157.452971,100.375,284.994019,1784.97699,0.0,0.0,0.0,0.0,0.0,0.0,0.0,0.0
baseline,1,1,2219.2169555664063,4544956.325,0,932764.64801,placement,455.165674,404.737,542.002991,1921.794006,2048,83dfe3596d415d15,1080,pipeline,split8,15724,76,2342,56799,27.73388671875,47,0,1,4,8,,,,1788811340.0534751,,,,,,,,,12,0,0,0,12,165.562408,156.093018,213.375,313.119019,0.0,0.0,0.0,0.0,0.0,0.0,0.0,0.0,1920,,8,0,0,0,8,289.603266,251.237976,326.764038,1291.208008,0.0,0.0,0.0,0.0,0.0,0.0,0.0,0.0
baseline,1,1,4529.493189941406,9276402.053,0,2653382.166992,zimg,1295.147389,902.893982,3306.103027,3986.234009,2048,635eaa6dbdb99686,1080,pipeline,all,16604,76,520,143298,69.9697265625,48,0,1,4,32,,,,1788811342.8325717,,,,,,,,,12,0,0,0,12,139.191658,121.335999,194.318054,517.13501,0.0,0.0,0.0,0.0,0.0,0.0,0.0,0.0,1920,,32,0,0,0,32,1155.955731,749.997009,3129.700012,3829.901001,0.0,0.0,0.0,0.0,0.0,0.0,0.0,0.0
baseline,1,1,1950.7747587890624,3995186.706,0,814597.721008,placement,397.357362,359.177979,450.455017,1439.256042,2048,83dfe3596d415d15,1080,pipeline,local8,15724,76,93,29078,14.1982421875,49,0,1,4,8,,,,1788811343.727123,,,,,,,,,4,0,0,0,4,137.397367,136.414978,148.969971,174.17804,0.0,0.0,0.0,0.0,0.0,0.0,0.0,0.0,1920,,8,0,0,0,8,259.959996,221.911011,304.0,1301.929016,0.0,0.0,0.0,0.0,0.0,0.0,0.0,0.0
baseline,1,1,10964.581533691406,22455462.981,0,2607036.822998,usm,1272.547304,1062.884949,2606.994995,4118.341003,2048,c72f5b5d2a6053ea,2160,pipeline,all,45380,76,4688,152078,74.2568359375,50,0,1,4,12,,,,1788811346.5391173,,,,,,,,,32,0,0,0,32,398.106297,368.595947,549.006042,774.974976,0.0,0.0,0.0,0.0,0.0,0.0,0.0,0.0,3840,,12,0,0,0,12,874.441007,690.320984,2010.494995,3621.595032,0.0,0.0,0.0,0.0,0.0,0.0,0.0,0.0
baseline,1,1,2279.3870986328125,4668184.778,0,813158.700012,placement,396.773694,347.704956,431.208008,2079.809998,2048,83dfe3596d415d15,1080,pipeline,physical,15724,76,622,53055,25.90576171875,51,0,1,4,8,,,,1788811347.432202,,,,,,,,,12,0,0,0,12,112.978088,105.794983,132.917969,164.248962,0.0,0.0,0.0,0.0,0.0,0.0,0.0,0.0,1920,,8,0,0,0,8,283.795606,243.504028,290.113037,1585.510986,0.0,0.0,0.0,0.0,0.0,0.0,0.0,0.0
baseline,1,1,2276.641419433594,4662561.627,0,596681.727966,zimg,291.035842,274.604004,322.96698,583.893982,2048,5a2bef157e634ce9,1080,pipeline,all,15724,76,344,62718,30.6240234375,52,0,1,4,12,,,,1788811348.0950844,,,,,,,,,12,0,0,0,12,95.207592,94.392944,120.174011,146.19397,0.0,0.0,0.0,0.0,0.0,0.0,0.0,0.0,1920,,12,0,0,0,12,195.82825,181.763,205.007996,454.54303,0.0,0.0,0.0,0.0,0.0,0.0,0.0,0.0
baseline,1,1,15459.1255234375,31660289.072,0,3359860.131042,zimg,1640.138848,1040.080017,3228.893005,4108.531982,2048,fdac8dfb663bdd5e,2160,pipeline,all,46992,76,792,140943,68.81982421875,53,0,1,4,32,,,,1788811351.8438349,,,,,,,,,12,0,0,0,12,426.057557,411.528992,539.087036,652.19696,0.0,0.0,0.0,0.0,0.0,0.0,0.0,0.0,3840,,64,0,0,0,32,1214.081291,621.937988,2744.20105,3590.044006,0.0,0.0,0.0,0.0,0.0,0.0,0.0,0.0
baseline,4,1,1523.0429873046876,3119192.038,0,1708449.585022,wide,833.841384,228.764038,3025.177002,3756.809021,2048,a4d8acbe80c9d6cb,128,pipeline,all,15724,76,220,146128,71.3515625,54,0,1,4,8,,,,1788811353.7511399,,,,,,,,,12,0,0,0,12,73.326455,51.179993,81.187012,974.112,0.0,0.0,0.0,0.0,0.0,0.0,0.0,0.0,4096,,64,0,0,0,32,760.514929,175.321045,2954.450012,3566.447998,0.0,0.0,0.0,0.0,0.0,0.0,0.0,0.0
baseline,1,1,2407.0192416992186,4929575.407,0,803769.388,zimg,392.110316,337.024963,458.960999,1871.054016,2048,83dfe3596d415d15,1080,pipeline,all,15724,76,174,50838,24.8232421875,55,0,1,4,8,,,,1788811354.6446087,,,,,,,,,12,0,0,0,12,109.25947,91.869019,160.120972,184.40802,0.0,0.0,0.0,0.0,0.0,0.0,0.0,0.0,1920,,8,0,0,0,8,282.850847,242.341003,306.525024,1711.574951,0.0,0.0,0.0,0.0,0.0,0.0,0.0,0.0
baseline,1,1,1217.9176967773437,2494295.443,0,366939.722961,usm,178.955731,168.66803,195.539001,293.350037,2048,78444727a6ea1325,720,pipeline,all,15724,76,42,52256,25.515625,56,0,1,4,12,,,,1788811355.0513566,,,,,,,,,8,0,0,0,8,65.175973,63.394043,79.705017,89.765015,0.0,0.0,0.0,0.0,0.0,0.0,0.0,0.0,1280,,12,0,0,0,12,113.779759,103.852051,117.868958,199.747986,0.0,0.0,0.0,0.0,0.0,0.0,0.0,0.0
baseline,1,1,2152.8841171875,4409106.672,0,857767.054993,placement,418.58774,358.095947,438.351013,2646.481018,2048,83dfe3596d415d15,1080,pipeline,local8,15732,76,2302,140868,68.783203125,57,0,1,4,8,,,,1788811355.9901013,,,,,,,,,32,0,0,0,32,156.453048,138.248962,169.450012,238.313049,0.0,0.0,0.0,0.0,0.0,0.0,0.0,0.0,1920,,8,0,0,0,8,262.134692,219.625977,266.187012,1705.252991,0.0,0.0,0.0,0.0,0.0,0.0,0.0,0.0
baseline,1,1,8585.91337548828,17583950.593,0,4137399.651978,zimg,2019.862143,1994.655029,2525.235046,3848.477051,2048,cded734ee83df145,2160,pipeline,all,42236,76,310,41693,20.35791015625,58,0,1,4,4,,,,1788811360.493329,,,,,,,,,12,0,0,0,12,380.003578,359.256958,546.84198,615.606018,0.0,0.0,0.0,0.0,0.0,0.0,0.0,0.0,3840,,4,0,0,0,4,1639.858565,1619.154968,2021.067017,3465.521973,0.0,0.0,0.0,0.0,0.0,0.0,0.0,0.0
baseline,1,1,928.6783701171875,1901933.302,0,306684.535034,wide,149.541365,143.419006,167.445007,262.109009,2048,a4d8acbe80c9d6cb,128,pipeline,all,15724,76,22,51093,24.94775390625,59,0,1,4,8,,,,1788811360.8427346,,,,,,,,,12,0,0,0,12,65.312214,63.783997,77.580994,101.187012,0.0,0.0,0.0,0.0,0.0,0.0,0.0,0.0,4096,,8,0,0,0,8,84.229152,78.521973,91.968994,158.939026,0.0,0.0,0.0,0.0,0.0,0.0,0.0,0.0
baseline,1,1,4738.9052568359375,9705277.966,0,2896783.432983,balanced,1414.129297,980.223999,3596.856995,4024.557983,2048,635eaa6dbdb99686,1080,pipeline,all,16480,76,2865,233874,114.1962890625,60,0,1,4,32,,,,1788811363.9820518,,,,,,,,,32,0,0,0,32,170.246119,143.15802,194.968994,980.705017,0.0,0.0,0.0,0.0,0.0,0.0,0.0,0.0,1920,,32,0,0,0,32,1243.883179,833.067993,3380.176025,3847.865051,0.0,0.0,0.0,0.0,0.0,0.0,0.0,0.0
baseline,4,1,1315.0372944335938,2693196.379,0,847081.772034,wide,413.331822,122.598022,2419.239014,3024.184998,2048,a4d8acbe80c9d6cb,128,pipeline,all,15724,76,246,147953,72.24267578125,61,0,1,4,8,,,,1788811364.9234726,,,,,,,,,12,0,0,0,12,46.420634,43.254028,60.718018,76.969971,0.0,0.0,0.0,0.0,0.0,0.0,0.0,0.0,4096,,32,0,0,0,32,366.911189,77.409973,2373.881042,2965.44104,0.0,0.0,0.0,0.0,0.0,0.0,0.0,0.0
baseline,1,0,2313.50003125,4738048.064,0,595124.672974,noise,290.352019,272.098999,342.234985,481.143982,2048,33cec3930f1b354b,1080,pipeline,all,16256,76,163,63823,31.16357421875,62,0,1,4,12,,,,1788811365.5961378,,,,,,,,,12,0,0,0,12,98.661161,98.099976,132.307007,147.155029,0.0,0.0,0.0,0.0,0.0,0.0,0.0,0.0,1920,,12,0,0,0,12,191.690858,177.375,206.580994,382.302002,0.0,0.0,0.0,0.0,0.0,0.0,0.0,0.0
baseline,1,1,1863.5533427734374,3816557.246,0,772418.015991,placement,376.870462,342.654968,434.724976,948.012024,2048,83dfe3596d415d15,1080,pipeline,physical,15724,76,63,29044,14.181640625,63,0,1,4,8,,,,1788811366.4493656,,,,,,,,,4,0,0,0,4,133.974651,129.60199,162.11499,184.108032,0.0,0.0,0.0,0.0,0.0,0.0,0.0,0.0,1920,,8,0,0,0,8,242.895811,213.384033,273.932007,728.094055,0.0,0.0,0.0,0.0,0.0,0.0,0.0,0.0
baseline,1,1,1879.385337890625,3848981.172,0,800052.807983,placement,390.310327,356.763,453.741028,1241.231018,2048,83dfe3596d415d15,1080,pipeline,local8,15724,76,437,38899,18.99365234375,64,0,1,4,8,,,,1788811367.3243918,,,,,,,,,8,0,0,0,8,143.310711,139.340027,183.045959,222.853027,0.0,0.0,0.0,0.0,0.0,0.0,0.0,0.0,1920,,8,0,0,0,8,246.999616,217.132019,271.267029,975.383972,0.0,0.0,0.0,0.0,0.0,0.0,0.0,0.0
baseline,1,1,808.4227734375,1655649.84,0,577644.803955,wide,281.789366,268.752014,321.223999,394.024963,2048,94b6de246138a657,128,pipeline,all,15724,76,72,40037,19.54931640625,65,0,1,4,2,,,,1788811367.9427779,,,,,,,,,12,0,0,0,12,66.276221,66.830017,88.492004,104.233032,0.0,0.0,0.0,0.0,0.0,0.0,0.0,0.0,4096,,2,0,0,0,2,215.513145,209.627014,237.671997,310.041992,0.0,0.0,0.0,0.0,0.0,0.0,0.0,0.0
baseline,1,1,2501.5969521484376,5123270.558,0,1671027.554016,balanced,815.628222,233.232971,3021.780029,3766.947998,2048,f580ef0be18fd8ea,720,pipeline,all,15724,76,1514,239139,116.76708984375,66,0,1,4,32,,,,1788811369.7631674,,,,,,,,,32,0,0,0,32,107.163638,93.311035,131.554993,231.489014,0.0,0.0,0.0,0.0,0.0,0.0,0.0,0.0,1280,,32,0,0,0,32,708.464584,130.55304,2907.758972,3642.786987,0.0,0.0,0.0,0.0,0.0,0.0,0.0,0.0
baseline,1,1,10966.404384765625,22459196.18,0,2294895.23999,usm,1120.205833,1015.603027,1547.094971,3876.23999,2048,c72f5b5d2a6053ea,2160,pipeline,all,45792,76,8606,289077,141.15087890625,67,0,1,4,12,,,,1788811372.2704682,,,,,,,,,64,0,0,0,64,389.838748,378.424988,459.732971,569.426025,0.0,0.0,0.0,0.0,0.0,0.0,0.0,0.0,3840,,12,0,0,0,12,730.367085,633.871033,1041.622986,3422.758972,0.0,0.0,0.0,0.0,0.0,0.0,0.0,0.0
baseline,1,1,1681.652166015625,3444023.636,0,483094.653992,usm,235.624613,188.917053,338.919006,1221.582947,2048,78444727a6ea1325,720,pipeline,all,15724,76,2249,156822,76.5732421875,68,0,1,4,12,,,,1788811372.802857,,,,,,,,,32,0,0,0,32,102.371889,94.593018,129.552002,204.197021,0.0,0.0,0.0,0.0,0.0,0.0,0.0,0.0,1280,,12,0,0,0,12,133.252724,94.352966,183.987,1056.763,0.0,0.0,0.0,0.0,0.0,0.0,0.0,0.0
baseline,1,1,8416.336779785157,17236657.725,0,2055883.712036,zimg,1003.469022,945.246948,1241.250977,2938.076965,2048,c72f5b5d2a6053ea,2160,pipeline,all,43768,76,576,60985,29.77783203125,69,0,1,4,12,,,,1788811375.0589833,,,,,,,,,12,0,0,0,12,332.197548,336.393005,394.927002,499.901001,0.0,0.0,0.0,0.0,0.0,0.0,0.0,0.0,3840,,12,0,0,0,12,671.271474,625.073975,874.729004,2462.032959,0.0,0.0,0.0,0.0,0.0,0.0,0.0,0.0
baseline,1,1,4227.344983886719,8657602.527,0,2893475.038025,zimg,1412.456728,972.990051,3403.221008,3998.327026,2048,635eaa6dbdb99686,1080,pipeline,all,16436,76,611,141105,68.89892578125,70,0,1,4,32,,,,1788811378.1593564,,,,,,,,,12,0,0,0,12,115.220405,104.713989,140.093018,172.706055,0.0,0.0,0.0,0.0,0.0,0.0,0.0,0.0,1920,,48,0,0,0,32,1297.236323,865.070984,3257.899048,3864.265991,0.0,0.0,0.0,0.0,0.0,0.0,0.0,0.0
baseline,2,1,769.2005009765625,1575322.626,0,260722.859009,wide,127.085066,101.036011,124.270996,707.203979,2048,02f0b8aa1ba5797b,128,pipeline,all,15724,76,49,62156,30.349609375,71,0,1,4,6,,,,1788811378.460006,,,,,,,,,12,0,0,0,12,43.98242,41.269958,53.343994,70.436035,0.0,0.0,0.0,0.0,0.0,0.0,0.0,0.0,4096,,12,0,0,0,12,83.102646,57.902039,72.179993,560.75,0.0,0.0,0.0,0.0,0.0,0.0,0.0,0.0
baseline,1,1,2196.6865615234374,4498814.078,0,929050.590027,placement,453.383705,386.510986,580.899048,2839.676025,2048,83dfe3596d415d15,1080,pipeline,split8,15728,76,3521,76074,37.1455078125,72,0,1,4,8,,,,1788811379.464011,,,,,,,,,16,0,0,0,16,180.466791,151.303955,205.698975,856.564026,0.0,0.0,0.0,0.0,0.0,0.0,0.0,0.0,1920,,8,0,0,0,8,272.916914,234.075012,323.026978,1361.794983,0.0,0.0,0.0,0.0,0.0,0.0,0.0,0.0
baseline,1,1,2592.0182861328126,5308453.45,0,1014203.11499,placement,494.949809,388.453979,1002.026978,3090.953979,2048,83dfe3596d415d15,1080,pipeline,physical,15724,76,1783,70190,34.2724609375,73,0,1,4,8,,,,1788811380.547978,,,,,,,,,16,0,0,0,16,150.342748,140.722961,170.752014,394.205994,0.0,0.0,0.0,0.0,0.0,0.0,0.0,0.0,1920,,8,0,0,0,8,344.607061,249.203979,824.490967,2952.786011,0.0,0.0,0.0,0.0,0.0,0.0,0.0,0.0
baseline,1,1,651.2933564453125,1333848.794,0,337224.0,wide,164.447825,147.896973,194.67804,296.335999,2048,a65e92c525618463,128,pipeline,all,15724,76,161,44123,21.54443359375,74,0,1,4,4,,,,1788811380.9294991,,,,,,,,,12,0,0,0,12,49.760857,43.404968,73.703003,84.143982,0.0,0.0,0.0,0.0,0.0,0.0,0.0,0.0,4096,,4,0,0,0,4,114.686968,105.986023,121.776001,191.142029,0.0,0.0,0.0,0.0,0.0,0.0,0.0,0.0
baseline,1,1,1239.628025390625,2538758.196,0,314743.427979,zimg,153.468679,133.018982,158.266968,626.246948,2048,55674e614925a1f4,720,pipeline,all,15724,76,180,79696,38.9140625,75,0,1,4,16,,,,1788811381.288196,,,,,,,,,12,0,0,0,12,54.866614,54.074951,66.028015,73.322021,0.0,0.0,0.0,0.0,0.0,0.0,0.0,0.0,1280,,16,0,0,0,16,98.602065,78.914001,94.374023,434.032959,0.0,0.0,0.0,0.0,0.0,0.0,0.0,0.0
baseline,1,1,8527.892013671875,17465122.844,0,2161283.686951,usm,1054.950205,993.799988,1342.65802,3494.717957,2048,c72f5b5d2a6053ea,2160,pipeline,all,44324,76,435,62133,30.33837890625,76,0,1,4,12,,,,1788811383.6608262,,,,,,,,,12,0,0,0,12,341.75467,351.262024,418.753967,490.663025,0.0,0.0,0.0,0.0,0.0,0.0,0.0,0.0,3840,,12,0,0,0,12,713.195535,646.846985,936.499023,2847.903015,0.0,0.0,0.0,0.0,0.0,0.0,0.0,0.0
baseline,1,1,9064.795303222656,18564700.781,0,7338373.80896,zimg,3582.778141,3660.259949,4070.937988,4611.799011,2048,05abdee009949698,2160,pipeline,all,42792,76,353,35883,17.52099609375,77,0,1,4,2,,,,1788811391.5301375,,,,,,,,,12,0,0,0,12,435.145757,444.093018,569.015015,664.801025,0.0,0.0,0.0,0.0,0.0,0.0,0.0,0.0,3840,,2,0,0,0,2,3147.632384,3235.81604,3590.525024,4019.356995,0.0,0.0,0.0,0.0,0.0,0.0,0.0,0.0
baseline,1,1,2280.093344238281,4669631.169,0,957141.386963,placement,467.165691,379.467041,835.934021,3003.044006,2048,83dfe3596d415d15,1080,pipeline,split8,16040,76,5967,139021,67.88134765625,78,0,1,4,8,,,,1788811392.5570633,,,,,,,,,32,0,0,0,32,202.332121,175.080994,250.145996,871.603027,0.0,0.0,0.0,0.0,0.0,0.0,0.0,0.0,1920,,8,0,0,0,8,264.833571,200.369995,416.949951,2519.383972,0.0,0.0,0.0,0.0,0.0,0.0,0.0,0.0
baseline,1,1,1939.8578125,3972828.8,0,924541.026001,placement,451.232036,428.531982,505.372009,673.747986,2048,83dfe3596d415d15,1080,pipeline,split8,15724,76,544,42420,20.712890625,79,0,1,4,8,,,,1788811393.5557318,,,,,,,,,8,0,0,0,8,228.547593,210.828979,279.141968,336.453979,0.0,0.0,0.0,0.0,0.0,0.0,0.0,0.0,1920,,8,0,0,0,8,222.684443,215.298035,234.916992,391.690002,0.0,0.0,0.0,0.0,0.0,0.0,0.0,0.0
baseline,1,1,1953.464556640625,4000695.412,0,842337.208008,zimg,411.052796,407.570984,451.867981,498.698975,2048,b92327306272b2ac,1080,pipeline,all,15724,76,122,40567,19.80810546875,80,0,1,4,4,,,,1788811394.4673002,,,,,,,,,12,0,0,0,12,86.146919,84.394043,93.382019,107.268005,0.0,0.0,0.0,0.0,0.0,0.0,0.0,0.0,1920,,4,0,0,0,4,324.905878,322.617004,358.95697,402.291016,0.0,0.0,0.0,0.0,0.0,0.0,0.0,0.0
baseline,3,1,1351.0558837890626,2766962.45,0,268129.5,wide,130.717683,125.564026,142.867004,253.792969,2048,327cf152773a3ccc,128,pipeline,all,15724,76,82,108719,53.08544921875,81,0,1,4,8,,,,1788811394.7691927,,,,,,,,,12,0,0,0,12,55.162888,56.809998,64.875977,68.593018,0.0,0.0,0.0,0.0,0.0,0.0,0.0,0.0,4096,,24,0,0,0,24,75.554796,70.526978,81.908997,193.526001,0.0,0.0,0.0,0.0,0.0,0.0,0.0,0.0
baseline,1,1,1970.9952768554688,4036598.327,0,297897.046021,zimg,145.249571,137.457031,160.881958,326.002991,2048,f580ef0be18fd8ea,720,pipeline,all,15724,76,162,142205,69.43603515625,82,0,1,4,32,,,,1788811395.109867,,,,,,,,,12,0,0,0,12,54.180466,53.413025,60.286987,64.976013,0.0,0.0,0.0,0.0,0.0,0.0,0.0,0.0,1280,,32,0,0,0,32,91.069104,83.613037,104.53302,263.863037,0.0,0.0,0.0,0.0,0.0,0.0,0.0,0.0
baseline,1,1,1904.52096875,3900458.944,0,2560377.677002,zimg,1249.935361,1235.890991,1316.336975,1357.677979,2048,f3138462601ef82d,1080,pipeline,all,15724,76,123,29126,14.2216796875,83,0,1,4,1,,,,1788811397.8732488,,,,,,,,,12,0,0,0,12,87.34872,83.612,93.652039,112.058044,0.0,0.0,0.0,0.0,0.0,0.0,0.0,0.0,1920,,1,0,0,0,1,1162.586641,1150.775024,1227.21405,1255.018005,0.0,0.0,0.0,0.0,0.0,0.0,0.0,0.0
baseline,1,1,14705.324867675781,30116505.329,0,1885544.613037,zimg,920.298295,857.494995,1169.231018,3025.427002,2048,fdac8dfb663bdd5e,2160,pipeline,all,47260,76,869,141591,69.13623046875,84,0,1,4,32,,,,1788811399.9366424,,,,,,,,,12,0,0,0,12,392.474966,390.799011,437.039001,465.875,0.0,0.0,0.0,0.0,0.0,0.0,0.0,0.0,3840,,48,0,0,0,32,527.823329,456.265991,764.935974,2586.164001,0.0,0.0,0.0,0.0,0.0,0.0,0.0,0.0
baseline,1,1,3846.467322753906,7877565.077,0,525220.549988,zimg,256.214297,244.915955,305.744019,601.749023,2048,635eaa6dbdb99686,1080,pipeline,all,16716,76,277,142324,69.494140625,85,0,1,4,32,,,,1788811400.5336905,,,,,,,,,12,0,0,0,12,103.023119,104.54303,118.470032,128.059021,0.0,0.0,0.0,0.0,0.0,0.0,0.0,0.0,1920,,64,0,0,0,32,153.191177,139.089966,195.518982,497.546021,0.0,0.0,0.0,0.0,0.0,0.0,0.0,0.0
baseline,1,1,10083.332872070312,20650665.722,0,1748327.902039,usm,853.345741,838.369019,954.27301,1220.742004,2048,c72f5b5d2a6053ea,2160,pipeline,all,45604,76,7250,219825,107.33642578125,86,0,1,4,12,,,,1788811402.4561386,,,,,,,,,48,0,0,0,48,330.146737,326.374023,382.502991,412.219971,0.0,0.0,0.0,0.0,0.0,0.0,0.0,0.0,3840,,12,0,0,0,12,523.199004,509.059021,588.803955,852.356018,0.0,0.0,0.0,0.0,0.0,0.0,0.0,0.0
baseline,1,1,15461.17262109375,31664481.528,0,1508297.426025,balanced,736.11103,703.867004,908.113953,1423.805969,2048,fdac8dfb663bdd5e,2160,pipeline,all,47996,76,3510,228512,111.578125,87,0,1,4,32,,,,1788811404.14222,,,,,,,,,32,0,0,0,32,314.235046,312.176025,376.932007,410.707031,0.0,0.0,0.0,0.0,0.0,0.0,0.0,0.0,3840,,32,0,0,0,32,421.875984,388.995972,566.01001,1013.820007,0.0,0.0,0.0,0.0,0.0,0.0,0.0,0.0
baseline,1,1,1872.3474643554687,3834567.607,0,1289117.994995,usm,629.260674,621.027039,651.957031,766.518982,2048,5a2bef157e634ce9,1080,pipeline,all,16008,76,47,33688,16.44921875,88,0,1,4,12,,,,1788811405.5360832,,,,,,,,,1,0,0,0,1,466.221491,464.201965,484.791992,494.490967,0.0,0.0,0.0,0.0,0.0,0.0,0.0,0.0,1920,,12,0,0,0,12,163.039184,154.590027,180.721008,293.440002,0.0,0.0,0.0,0.0,0.0,0.0,0.0,0.0
baseline,1,1,1792.8972099609375,3671853.486,0,579695.404968,placement,282.87786,277.659973,317.016052,343.406982,2048,83dfe3596d415d15,1080,pipeline,local8,15724,76,858,77953,38.06298828125,89,0,1,4,8,,,,1788811406.1751137,,,,,,,,,16,0,0,0,16,116.797161,115.804993,139.800964,155.171997,0.0,0.0,0.0,0.0,0.0,0.0,0.0,0.0,1920,,8,0,0,0,8,166.080699,161.002991,191.432007,211.251038,0.0,0.0,0.0,0.0,0.0,0.0,0.0,0.0
baseline,1,1,952.8321665039063,1951400.277,0,703912.722961,zimg,343.473767,336.013,361.872986,418.662964,2048,78444727a6ea1325,720,pipeline,all,15724,76,84,35361,17.26611328125,90,0,1,4,2,,,,1788811406.9374623,,,,,,,,,12,0,0,0,12,45.962577,44.807007,49.877014,56.710022,0.0,0.0,0.0,0.0,0.0,0.0,0.0,0.0,1280,,2,0,0,0,2,297.511191,291.106018,313.388977,369.386963,0.0,0.0,0.0,0.0,0.0,0.0,0.0,0.0
baseline,1,1,7579.320369140625,15522448.116,0,2002304.843018,zimg,977.22067,981.47699,1096.52002,1225.390015,2048,857e254922f14a70,2160,pipeline,all,44092,76,397,48438,23.6513671875,91,0,1,4,8,,,,1788811409.1212592,,,,,,,,,12,0,0,0,12,306.734985,307.186951,326.153015,370.018982,0.0,0.0,0.0,0.0,0.0,0.0,0.0,0.0,3840,,8,0,0,0,8,670.485685,675.251953,772.419983,905.197998,0.0,0.0,0.0,0.0,0.0,0.0,0.0,0.0
baseline,1,1,956.4776831054687,1958866.295,0,425467.17804,usm,207.563207,201.622009,224.877014,284.69397,2048,78444727a6ea1325,720,pipeline,all,15724,76,26,38179,18.64208984375,92,0,1,4,12,,,,1788811409.5874226,,,,,,,,,2,0,0,0,2,122.744644,120.564026,132.746948,137.828003,0.0,0.0,0.0,0.0,0.0,0.0,0.0,0.0,1280,,12,0,0,0,12,84.818563,80.70697,94.773987,150.362,0.0,0.0,0.0,0.0,0.0,0.0,0.0,0.0
baseline,1,1,7004.412062988281,14345035.905,0,2186968.429993,usm,1067.491208,1029.880981,1217.996033,1486.798035,2048,c72f5b5d2a6053ea,2160,pipeline,all,44468,76,245,40534,19.7919921875,93,0,1,4,12,,,,1788811411.9867668,,,,,,,,,4,0,0,0,4,546.651721,527.60498,631.71698,751.76001,0.0,0.0,0.0,0.0,0.0,0.0,0.0,0.0,3840,,12,0,0,0,12,520.839487,502.355957,594.164001,915.078003,0.0,0.0,0.0,0.0,0.0,0.0,0.0,0.0
baseline,1,1,1903.1252768554687,3897600.567,0,703455.397034,placement,343.194607,308.709961,392.822998,996.675964,2048,83dfe3596d415d15,1080,pipeline,physical,15724,76,118,38138,18.6220703125,94,0,1,4,8,,,,1788811412.7650402,,,,,,,,,8,0,0,0,8,123.320587,131.275024,152.846985,203.295044,0.0,0.0,0.0,0.0,0.0,0.0,0.0,0.0,1920,,8,0,0,0,8,219.874019,204.907959,245.186035,795.023987,0.0,0.0,0.0,0.0,0.0,0.0,0.0,0.0
detail,1,1,7136.309995605468,14615162.871,1,1512471.618958,trace,738.305358,701.141968,885.830017,1005.33197,2048,c72f5b5d2a6053ea,2160,pipeline,all,44308,76,165,61903,30.22607421875,0,0,1,0,12,,,,1788811764.7371595,,,,,,,,,12,2687235,4561507330,29869,12,247.751865,220.108032,347.285034,399.975952,240.077158,9.34925,16.44568,162.377305,220.231224,179.445649,6.015965,0.0,3840,,12,21875067,9981661612,28096,12,490.553493,478.449036,557.052002,643.148987,490.006236,8.415188,22.58125,373.22366,464.505698,400.430514,6.372959,0.0
detail,1,1,4981.091428222656,10201275.245,1,648126.776978,trace,316.218497,298.730042,367.424011,742.240967,2048,635eaa6dbdb99686,1080,pipeline,all,17472,76,5133,383964,187.482421875,1,0,1,0,32,,,,1788811765.4737391,,,,,,,,,64,712817588,4026149565,276939,64,174.844186,171.362976,199.808044,229.28595,147.281955,44.024883,128.959817,7.959203,26.995142,13.367506,5.246856,0.0,1920,,32,66790873,5971080010,107484,32,141.37431,126.96698,175.280029,492.897034,140.23639,21.095561,54.421429,68.071726,89.152787,79.737051,5.157755,0.0
detail,1,1,1904.140119140625,3899678.964,1,624146.705017,trace,304.618064,299.682007,331.253967,417.621033,2048,5a2bef157e634ce9,1080,pipeline,all,15980,76,266,43648,21.3125,2,0,1,0,12,,,,1788811766.1588285,,,,,,,,,4,756690,1036055091,8493,4,145.835724,143.778992,157.885986,220.497986,144.902042,3.918648,5.696912,116.257453,135.467783,123.22262,4.239051,0.0,1920,,12,17962718,2827226559,31310,12,158.78234,154.940979,166.292969,268.701965,158.396908,7.622186,17.867973,96.464411,137.181138,110.305376,5.704437,0.0
detail,1,1,1098.4909018554688,2249709.367,1,272034.954041,trace,132.716312,127.869019,142.657043,183.176025,2048,78444727a6ea1325,720,pipeline,all,15180,76,196,64637,31.56103515625,3,0,1,0,12,,,,1788811766.4622335,,,,,,,,,12,1162816,743037631,29389,12,49.540306,48.984985,54.885986,65.617981,46.998842,6.249657,11.310299,17.883706,33.717153,25.897019,3.937214,0.0,1280,,12,9726625,1460310208,31342,12,83.176005,78.822998,88.802979,120.042969,82.778065,6.801277,14.895445,48.697338,64.614577,54.925213,4.916734,0.0
detail,1,1,938.1787104492188,1921389.999,1,313357.997009,trace,152.892452,149.290039,158.346985,203.013977,2048,78444727a6ea1325,720,pipeline,all,15180,76,72,45008,21.9765625,4,0,1,0,12,,,,1788811766.8111227,,,,,,,,,4,227730,472262803,8304,4,69.580562,68.312988,74.914978,105.725952,68.782986,3.469584,4.692309,51.612217,60.564802,54.752943,3.697222,0.0,1280,,12,10611682,1416047397,32673,12,83.31189,80.485962,85.867004,99.77301,82.928021,7.199353,14.874782,47.309875,64.92966,53.147915,5.011643,0.0
detail,1,1,1095.342587890625,2243261.62,2,278991.724976,cpu_trace,136.096408,134.030029,149.069031,160.903015,2048,78444727a6ea1325,720,pipeline,all,15180,76,46,63887,31.19482421875,5,0,1,0,12,,,,1788811767.1200855,,,,,,,,,12,386600,723561899,31573,12,55.352886,56.468994,64.656006,68.632996,52.17042,8.49891,14.009175,17.986769,34.63557,23.23384,5.627478,285.503065,1280,,12,5711742,1469116781,28259,12,80.743522,77.880981,86.036987,96.717957,80.329776,6.458246,13.406173,49.269705,63.658158,54.492669,4.651148,660.038526
detail,1,1,2438.87841015625,4994822.984,1,397573.339966,trace,193.965943,158.267029,194.757996,1170.142029,2048,f580ef0be18fd8ea,720,pipeline,all,15180,76,991,231841,113.20361328125,6,0,1,0,32,,,,1788811767.5630827,,,,,,,,,32,67034224,1725583449,121703,32,82.080851,79.39502,95.57605,114.713013,72.952025,21.623603,58.140042,7.295924,19.681596,12.534816,4.909051,0.0,1280,,32,173748583,3151488378,106938,32,111.885092,78.441956,96.247009,1071.080017,110.918654,19.817091,69.073678,28.772055,42.343156,36.052501,5.038303,0.0
detail,1,1,4607.394626464844,9435944.195,1,531704.794006,trace,259.442448,248.862976,290.144043,585.808044,2048,635eaa6dbdb99686,1080,pipeline,all,16512,76,1490,225370,110.0439453125,7,0,1,0,32,,,,1788811768.1683993,,,,,,,,,32,128172701,3220034134,116815,32,120.890655,119.432007,141.64502,154.179016,107.700225,21.510095,77.49268,17.335383,54.530649,36.142759,5.004658,0.0,1920,,32,56919237,6088112370,105807,32,138.551793,129.140991,147.335999,450.234009,137.509936,20.735572,48.066456,69.00866,91.723218,81.061665,5.323962,0.0
detail,1,1,6811.255702148437,13949451.678,1,2140275.286987,trace,1044.787745,1028.117004,1095.737976,1393.406006,2048,c72f5b5d2a6053ea,2160,pipeline,all,44544,76,262,40241,19.64892578125,8,0,1,0,12,,,,1788811770.5101833,,,,,,,,,4,794067,3949111302,8437,4,527.992645,517.655029,563.614014,765.416992,526.855058,4.799083,6.594709,454.76164,515.89017,478.070261,4.866529,0.0,3840,,12,37244276,9959794496,27955,12,516.7951,508.247009,540.158997,779.04303,516.286759,7.601699,24.892132,355.663144,487.790579,400.360129,6.885556,0.0
detail,1,1,2179.0630688476563,4462721.165,2,509900.687988,cpu_trace,248.82826,247.190002,264.013,374.627014,2048,5a2bef157e634ce9,1080,pipeline,all,15444,76,108,62127,30.33544921875,9,0,1,0,12,,,,1788811771.0748446,,,,,,,,,12,1152857,1502151035,28065,12,89.811109,93.751953,101.718018,108.85199,85.779143,7.015358,12.314807,40.507248,70.19866,55.5326,5.135802,672.659369,1920,,12,18281705,2907472697,30064,12,159.017151,153.287964,165.491943,275.716003,158.572054,7.839684,19.630315,100.706412,135.168313,112.498326,5.909898,1356.502389
detail,1,1,15749.214272460937,32254390.83,1,3297553.554993,trace,1609.78923,980.955017,3650.820007,4220.496033,2048,fdac8dfb663bdd5e,2160,pipeline,all,47692,76,2509,230397,112.49853515625,10,0,1,0,32,,,,1788811774.563833,,,,,,,,,32,1515600696,9787041372,118943,32,347.654772,333.407043,422.611023,739.57605,318.93219,29.240515,217.343989,69.22136,186.565417,135.746958,8.880054,0.0,3840,,32,2611334212,22275091061,109688,32,1262.134459,643.198975,3242.145996,3819.669006,1260.768962,26.673573,1010.691068,210.680572,382.709633,329.107169,8.742263,0.0
detail,1,1,2310.821916015625,4732563.284,1,560826.557983,trace,273.637876,251.668945,294.932007,592.661011,2048,5a2bef157e634ce9,1080,pipeline,all,15956,76,189,61179,29.87255859375,11,0,1,0,12,,,,1788811775.1873062,,,,,,,,,12,5369491,1642038549,27049,12,95.183439,92.859985,107.057983,140.632996,91.730832,5.830745,11.912266,40.840456,77.569434,62.578042,4.375714,0.0,1920,,12,46316942,3042542881,30202,12,178.454437,158.39801,189.117004,384.005005,178.052483,7.119166,30.841234,100.904893,145.135183,118.894425,5.121296,0.0
detail,1,1,15960.228544433594,32686548.059,1,3844384.66803,trace,1876.80962,1188.417969,4027.892029,4445.692993,2048,fdac8dfb663bdd5e,2160,pipeline,all,48184,76,6143,372104,181.69140625,12,0,1,0,32,,,,1788811779.405578,,,,,,,,,64,4635585777,10311293041,262361,64,401.169387,381.131042,472.737976,859.900024,340.109601,60.812459,284.2668,31.809144,106.840663,63.012515,6.861621,0.0,3840,,32,3480001070,22055986502,111177,32,1475.640233,777.268982,3601.30304,3918.780945,1474.157368,26.99301,1268.345865,181.847495,381.508514,326.385926,7.060096,0.0
detail,1,1,3124.0627700195314,6398080.553,1,542085.419006,trace,264.516024,215.388977,335.121033,1869.470032,2048,f580ef0be18fd8ea,720,pipeline,all,15180,76,2750,389130,190.0048828125,13,0,1,0,32,,,,1788811780.1600082,,,,,,,,,64,310040461,3077062196,278939,64,139.208949,136.36499,156.975037,180.821045,120.475585,42.848707,109.805589,3.560784,10.330448,5.265645,5.118951,0.0,1280,,32,134912992,3140440459,108523,32,125.307075,78.441956,171.29303,1712.626038,124.280621,19.795676,83.174184,28.81922,42.543579,36.362517,5.068659,0.0
detail,1,1,7601.175358398437,15567207.134,2,1664796.411987,cpu_trace,812.641021,812.838013,880.660034,1052.133972,2048,c72f5b5d2a6053ea,2160,pipeline,all,43320,76,372,59895,29.24560546875,14,0,1,0,12,,,,1788811781.9959009,,,,,,,,,12,8487652,5367442314,29062,12,312.205996,323.297974,351.453003,376.952026,306.93874,8.623136,15.972163,161.906225,287.655856,211.861466,5.889342,2546.493524,3840,,12,29616166,10136980254,27100,12,500.435026,488.708984,543.726013,688.91803,499.88436,7.955356,22.314827,371.392423,472.614892,406.119784,7.654629,4880.845305
detail,1,1,1134.6979770507812,2323861.457,2,278630.709961,cpu_trace,135.924961,130.754028,147.005005,211.921997,2048,78444727a6ea1325,720,pipeline,all,15180,76,212,63961,31.23095703125,0,0,1,1,12,,,,1788811782.3062718,,,,,,,,,12,1701359,777468369,28852,12,50.605468,49.416016,61.619995,69.575012,48.139896,6.746238,12.135484,18.337816,33.437109,26.401942,4.477544,322.711845,1280,,12,18146530,1500259135,31209,12,85.319493,80.735962,87.449036,157.286011,84.955479,7.709764,16.449471,49.355951,64.750135,55.649834,5.530648,673.844326
detail,1,1,2209.0336875,4524100.992,1,517381.01001,trace,252.495913,249.734985,294.711975,387.531982,2048,5a2bef157e634ce9,1080,pipeline,all,16088,76,90,60961,29.76611328125,1,0,1,1,12,,,,1788811782.8856192,,,,,,,,,12,858814,1402768609,28299,12,90.54424,95.525024,112.768982,129.792053,85.72092,8.504344,13.846539,40.91528,68.795666,51.855365,5.007219,0.0,1920,,12,12587139,3059692800,28652,12,161.951674,155.572021,184.407959,258.010986,161.442,8.425661,18.772483,101.456942,139.332135,119.055174,5.844501,0.0
detail,1,1,5001.580952148437,10243237.79,1,632580.625,trace,308.667528,294.10199,357.974976,696.062012,2048,635eaa6dbdb99686,1080,pipeline,all,17448,76,3701,383639,187.32373046875,2,0,1,1,32,,,,1788811783.5967963,,,,,,,,,64,624355510,4034899510,276212,64,170.17018,166.873962,192.44397,231.208984,143.907738,43.978988,127.659731,8.069301,24.314734,13.303552,4.920032,0.0,1920,,32,59192329,6008713227,106717,32,138.497348,126.475952,157.626038,475.874023,137.465453,20.387841,51.037307,68.621538,89.465362,80.074493,5.145446,0.0
detail,1,1,2222.90375390625,4552506.888,2,515370.123962,cpu_trace,251.499225,248.171997,262.77002,345.621033,2048,5a2bef157e634ce9,1080,pipeline,all,16244,76,236,61141,29.85400390625,3,0,1,1,12,,,,1788811784.166524,,,,,,,,,12,2518328,1613282317,26968,12,93.815657,93.541016,100.765991,109.822998,90.431082,6.24606,11.518767,41.015058,75.928091,60.600684,4.80934,733.177324,1920,,12,15113834,2890458935,30305,12,157.683568,154.47998,164.109009,239.455017,157.287138,7.546762,16.994581,99.971493,136.273394,112.158691,5.988299,1352.180296
detail,1,1,1109.230171875,2271703.392,1,276164.339966,trace,134.735648,130.211975,145.531982,201.391052,2048,78444727a6ea1325,720,pipeline,all,15180,76,121,63177,30.84814453125,4,0,1,1,12,,,,1788811784.4733357,,,,,,,,,12,1276954,750267166,28537,12,50.369374,49.115967,57.813049,67.089966,47.669401,6.642387,11.954988,18.06709,33.554495,25.978982,4.117334,0.0,1280,,12,10583494,1472370658,30659,12,84.366274,80.335999,88.531982,112.389038,83.957733,7.503142,15.261007,48.744673,65.543673,55.225798,4.872616,0.0
detail,1,1,940.4675639648437,1926077.571,1,312989.666992,trace,152.70256,149.639954,160.450989,193.465027,2048,78444727a6ea1325,720,pipeline,all,15180,76,25,44446,21.7021484375,5,0,1,1,12,,,,1788811784.8184626,,,,,,,,,4,63682,480101609,8241,4,70.906598,69.455017,74.755005,108.279968,70.082945,3.408171,4.145772,52.197841,62.309853,55.753208,3.814767,0.0,1280,,12,13402571,1414585195,32129,12,81.795961,79.653992,84.373962,96.567993,81.457215,6.849605,13.940668,47.923512,64.198526,53.103049,4.942076,0.0
detail,1,1,6809.23618359375,13945315.704,1,2121909.77002,trace,1035.888709,1017.836975,1105.296997,1432.411011,2048,c72f5b5d2a6053ea,2160,pipeline,all,44892,76,142,40649,19.84814453125,6,0,1,1,12,,,,1788811787.1490314,,,,,,,,,4,1415178,3981584839,8409,4,530.368039,521.242981,567.382019,706.812988,528.485609,5.399329,6.919442,460.425376,516.592488,481.990388,5.330853,0.0,3840,,12,27663164,9920524455,28268,12,505.520671,498.958984,547.883972,726.059998,505.023928,8.029733,21.978987,359.641524,479.942272,398.495263,6.308131,0.0
detail,1,1,7543.961072753907,15450032.277,1,1648577.233032,trace,804.73421,799.302002,933.654053,1194.599976,2048,c72f5b5d2a6053ea,2160,pipeline,all,44508,76,289,61858,30.2041015625,7,0,1,1,12,,,,1788811788.9796038,,,,,,,,,12,4829416,4989982775,30137,12,290.498555,305.142029,360.651001,427.709961,283.701822,9.267872,16.542009,163.235785,263.893509,196.921433,5.890198,0.0,3840,,12,41154771,10392555482,27897,12,514.235654,495.291992,603.031006,781.498047,513.708754,7.76513,28.601284,375.734312,482.840271,417.288583,6.130366,0.0
detail,1,1,4636.172934082031,9494882.169,1,573316.216003,trace,279.747682,250.796997,360.26001,930.046997,2048,635eaa6dbdb99686,1080,pipeline,all,16508,76,1026,226456,110.57421875,8,0,1,1,32,,,,1788811789.6241689,,,,,,,,,32,124100990,3251627364,117115,32,121.936871,119.712952,146.203979,176.973999,108.73415,22.288592,77.41414,17.561638,55.224027,36.505183,5.103703,0.0,1920,,32,115988032,6112900245,106174,32,157.810811,130.332947,217.55304,806.506958,156.772982,20.883803,68.77199,67.747146,93.053082,81.659143,5.602879,0.0
detail,1,1,15512.525870605468,31769652.983,1,1631883.338989,trace,796.467801,721.090027,1298.302002,1755.198975,2048,fdac8dfb663bdd5e,2160,pipeline,all,47728,76,2856,228953,111.79345703125,9,0,1,1,32,,,,1788811791.4618685,,,,,,,,,32,752780012,10158533405,118779,32,321.241441,316.204041,393.144043,450.744995,294.839738,26.716669,185.247225,77.731149,196.264339,142.034663,6.811954,0.0,3840,,32,455014560,21432247346,108677,32,475.22636,398.223999,975.894958,1409.90802,473.823919,25.219986,161.596501,263.079844,354.492205,315.935913,7.142512,0.0
detail,1,1,2537.08325,5195946.496,1,481967.028992,trace,235.12133,164.919983,602.339966,1827.088013,2048,f580ef0be18fd8ea,720,pipeline,all,15180,76,761,233972,114.244140625,10,0,1,1,32,,,,1788811792.010967,,,,,,,,,32,75032856,1784120301,121954,32,85.048202,81.940002,107.638977,129.541992,75.460714,22.758913,60.647055,7.248031,20.455825,12.673877,4.994076,0.0,1280,,32,225041932,3288010211,108537,32,150.073128,82.219971,502.536011,1690.864014,149.050186,20.902598,106.382491,29.157008,46.145037,38.542606,5.256181,0.0
detail,1,1,1998.202615234375,4092318.956,1,671077.644043,trace,327.480855,304.651978,388.64502,817.727966,2048,5a2bef157e634ce9,1080,pipeline,all,15732,76,113,42456,20.73046875,11,0,1,1,12,,,,1788811792.7512696,,,,,,,,,4,370519,1073550749,8401,4,149.89779,145.212036,179.097961,233.774048,148.709384,4.555707,6.421011,119.649173,137.811391,127.33265,5.04041,0.0,1920,,12,52440670,2978672097,30034,12,177.583065,157.505981,198.455017,649.101013,177.10518,8.017651,33.257271,100.282708,141.309169,116.144686,6.190688,0.0
detail,1,1,7845.515580566406,16067615.909,2,1746714.664001,cpu_trace,852.610005,830.763977,1019.94104,1571.060974,2048,c72f5b5d2a6053ea,2160,pipeline,all,45356,76,330,61210,29.8876953125,12,0,1,1,12,,,,1788811794.6862488,,,,,,,,,12,8160414,5272398568,29437,12,306.340133,322.647034,378.114014,404.776001,298.262365,10.004352,18.930645,165.860504,275.514011,207.240403,6.777187,2492.830838,3840,,12,69355263,10722475480,27968,12,546.269872,509.859985,661.473999,1241.731995,545.697489,9.010302,42.719453,385.441826,502.554282,429.179736,7.495385,5158.201341
detail,1,1,15951.735476074218,32669154.255,1,1745958.692993,trace,852.116144,763.461975,1375.591003,2368.26001,2048,fdac8dfb663bdd5e,2160,pipeline,all,48560,76,8579,369346,180.3447265625,13,0,1,1,32,,,,1788811796.62256,,,,,,,,,64,3670683129,10946621690,264947,64,372.574897,367.333008,436.627991,488.038025,320.627553,51.743587,265.700349,34.010818,119.104635,67.845246,5.899661,0.0,3840,,32,422202559,21444562220,108387,32,479.541247,389.31604,967.429016,1872.878052,478.104682,23.93685,171.674106,263.639231,347.865433,316.018087,6.540549,0.0
detail,1,1,3141.248439453125,6433276.804,1,547908.559021,trace,267.333221,218.584045,450.844971,1171.094971,2048,f580ef0be18fd8ea,720,pipeline,all,15180,76,2522,389137,190.00830078125,14,0,1,1,32,,,,1788811797.229451,,,,,,,,,64,299503889,3020196891,278332,64,143.079044,138.098999,171.882996,227.521973,123.699325,44.873401,113.520825,3.567377,10.232044,5.275391,4.984671,0.0,1280,,32,149325412,3226242295,108912,32,124.254177,80.196045,258.613037,971.70697,123.197147,20.289593,81.461158,29.280535,43.994028,37.577267,5.364308,0.0
detail,1,1,2253.494175292969,4615156.071,2,553068.709961,cpu_trace,269.882536,250.47699,292.958008,832.91803,2048,5a2bef157e634ce9,1080,pipeline,all,15700,76,204,62157,30.35009765625,0,0,1,2,12,,,,1788811797.8332872,,,,,,,,,12,8045389,1643309063,27706,12,97.475014,94.674011,107.698975,156.403992,93.790514,6.74426,14.1106,40.483533,76.956052,61.670341,5.005878,746.317929,1920,,12,45962954,2920726419,30525,12,172.407522,155.561951,177.786011,727.733032,171.976063,7.848632,31.285112,99.942629,137.702502,113.322566,6.015962,1366.131829
detail,1,1,3157.0798334960937,6465699.499,1,602971.424988,trace,294.18781,218.593994,617.910034,2045.752991,2048,f580ef0be18fd8ea,720,pipeline,all,15180,76,2003,388417,189.65673828125,1,0,1,2,32,,,,1788811798.5281916,,,,,,,,,64,301801637,3040401378,277709,64,142.937608,137.395996,170.862,237.341003,123.955451,44.995701,114.054236,3.558788,9.730578,5.262447,4.845359,0.0,1280,,32,215073908,3238551438,108373,32,151.250201,80.436035,433.692017,1876.674011,150.24483,20.625701,108.896196,29.079884,44.431423,37.792391,5.215899,0.0
detail,1,1,15689.976296386718,32133071.455,1,1677167.862,trace,818.574726,730.047974,1407.132996,2132.291016,2048,fdac8dfb663bdd5e,2160,pipeline,all,47680,76,3101,228754,111.6962890625,2,0,1,2,32,,,,1788811800.4101071,,,,,,,,,32,803014863,10328131235,118806,32,325.306482,320.09198,402.151001,462.197998,299.151289,26.867779,188.881584,77.4883,199.59007,144.533071,6.960043,0.0,3840,,32,475693740,21626483510,108669,32,493.268244,401.950989,1042.454041,1818.561035,491.931228,24.440116,178.916951,262.023299,358.800874,319.020166,7.193513,0.0
detail,1,1,7025.26369921875,14387740.056,1,2192148.078003,trace,1070.079353,1032.625,1289.574036,1580.75,2048,c72f5b5d2a6053ea,2160,pipeline,all,44240,76,237,40550,19.7998046875,3,0,1,2,12,,,,1788811802.8026004,,,,,,,,,4,1937871,4062074276,8407,4,548.686893,523.988037,634.381958,893.825989,547.302102,4.998009,7.09574,462.455627,535.423622,491.853573,5.391792,0.0,3840,,12,47453369,10282735261,28263,12,521.39246,501.304016,585.437012,936.378052,520.809852,7.753242,32.063994,372.016047,487.850556,413.118582,6.743007,0.0
detail,1,1,7779.776580078125,15932982.436,1,1746532.536011,trace,852.462093,823.018005,1013.609009,1691.114014,2048,c72f5b5d2a6053ea,2160,pipeline,all,45052,76,619,60621,29.60009765625,4,0,1,2,12,,,,1788811804.737014,,,,,,,,,12,15943042,5194751703,29750,12,304.999761,320.131042,369.738037,415.497009,297.278337,9.225955,17.99032,165.34457,276.685004,205.524202,5.99685,0.0,3840,,12,76199849,10667952235,27335,12,547.462332,512.765991,674.280029,1410.108948,546.866966,8.159731,44.483379,382.080645,502.752376,428.391473,6.313119,0.0
detail,1,1,2259.5304760742188,4627518.415,1,546728.273987,trace,266.744962,255.30603,316.915039,561.330017,2048,5a2bef157e634ce9,1080,pipeline,all,16484,76,207,64119,31.30810546875,5,0,1,2,12,,,,1788811805.3413484,,,,,,,,,12,1929616,1474280922,30489,12,96.695141,95.726013,126.546021,137.205994,91.927049,8.934425,14.802233,40.862308,74.48381,54.437391,5.256162,0.0,1920,,12,29757733,3094026877,29680,12,170.049821,159.098999,196.702026,436.017029,169.622946,7.638328,22.650162,102.538759,145.359625,120.459684,5.012023,0.0
detail,1,1,2015.5958491210938,4127940.299,1,658470.653015,trace,321.336472,305.132996,392.140991,516.934021,2048,5a2bef157e634ce9,1080,pipeline,all,15764,76,69,42608,20.8046875,6,0,1,2,12,,,,1788811806.07212,,,,,,,,,4,268113,1091094079,8338,4,153.337119,147.085999,215.749023,235.536987,152.249432,4.233981,5.916127,119.127195,141.880565,129.661894,4.90839,0.0,1920,,12,26941345,2998727140,30221,12,167.999353,156.513,192.86499,334.650024,167.594566,7.664168,21.922599,99.256187,142.670035,117.142131,5.846628,0.0
detail,1,1,1151.9679125976563,2359230.285,2,334378.299988,cpu_trace,163.098759,136.325012,191.671997,783.281006,2048,78444727a6ea1325,720,pipeline,all,15180,76,370,65776,32.1171875,7,0,1,2,12,,,,1788811806.4497879,,,,,,,,,12,1813786,751775514,32181,12,55.285915,52.58197,73.432983,82.760986,52.184816,9.373009,15.705767,18.201232,33.40644,23.863076,5.675896,292.914813,1280,,12,59397281,1554220031,29773,12,107.812844,83.080994,123.328979,693.536987,107.397775,7.90439,36.163082,50.087277,68.659813,57.33608,5.276647,694.330313
detail,1,1,1059.2822094726562,2169409.965,1,374550.36499,trace,182.723552,161.92395,201.582031,715.088989,2048,78444727a6ea1325,720,pipeline,all,15180,76,69,41997,20.50634765625,8,0,1,2,12,,,,1788811806.8879077,,,,,,,,,4,248932,517541690,8279,4,75.516966,73.171997,87.130005,113.531006,74.465674,4.213999,6.277866,54.575431,64.528196,59.528987,4.335988,0.0,1280,,12,50213180,1614592740,29668,12,107.206587,86.968994,112.919006,637.447998,106.786048,7.844746,31.321101,49.408445,73.316536,60.881931,4.867017,0.0
detail,1,1,4603.850426269531,9428685.673,1,573252.313965,trace,279.731835,252.138977,408.213013,883.054993,2048,635eaa6dbdb99686,1080,pipeline,all,16980,76,1165,226249,110.47314453125,9,0,1,2,32,,,,1788811807.5368967,,,,,,,,,32,139377476,3170816754,117353,32,123.041848,120.705017,147.305969,169.559021,109.899763,22.143032,79.540187,17.186481,53.609272,35.469603,5.745643,0.0,1920,,32,116942902,6127887449,105890,32,156.689987,130.662964,264.233032,719.877991,155.691225,20.976728,67.640212,67.822528,93.803899,81.957082,5.423791,0.0
detail,1,1,15982.022153320313,32731181.37,1,1858831.820007,trace,907.245726,772.841003,1585.489014,2970.368042,2048,fdac8dfb663bdd5e,2160,pipeline,all,48640,76,8296,370429,180.87353515625,10,0,1,2,32,,,,1788811809.600241,,,,,,,,,64,3667487834,10884243496,265237,64,377.716517,369.307007,447.950012,531.011047,322.902939,52.484668,268.404369,33.862042,118.450847,67.276121,6.477424,0.0,3840,,32,582106586,21559331366,108773,32,529.529209,396.158997,1185.401978,2561.744995,528.081021,24.726589,227.859791,257.65458,353.001155,317.964388,7.640816,0.0
detail,1,1,5086.321729980469,10416786.903,1,723562.080994,trace,353.023243,307.586975,592.460999,1139.481995,2048,635eaa6dbdb99686,1080,pipeline,all,17276,76,3225,385260,188.115234375,11,0,1,2,32,,,,1788811810.455491,,,,,,,,,64,642181156,4073417822,276534,64,179.706933,174.769958,217.171997,263.762024,151.61728,46.603136,135.080324,7.994712,25.263408,13.380223,5.179051,0.0,1920,,32,177462382,6132151675,107431,32,173.31631,131.60498,374.507019,915.788025,172.204785,21.664065,87.201919,67.134889,93.258036,82.111609,5.461271,0.0
detail,1,1,2483.3012563476564,5085800.973,1,427527.107971,trace,208.555361,159.480042,427.440002,1276.528992,2048,f580ef0be18fd8ea,720,pipeline,all,15180,76,842,233051,113.79443359375,12,0,1,2,32,,,,1788811810.9322698,,,,,,,,,32,71537972,1748461922,122446,32,84.007606,79.945007,101.507996,127.728027,74.574519,22.189807,59.482152,7.259128,19.679223,12.490573,5.363108,0.0,1280,,32,153320666,3217638811,107253,32,124.547755,79.203979,290.444031,1125.305969,123.571455,20.081105,81.600664,29.040428,44.191081,37.423462,5.117059,0.0
detail,1,1,8293.919427734376,16985946.988,2,1815973.210999,cpu_trace,886.342629,841.564026,1095.92804,1853.25,2048,c72f5b5d2a6053ea,2160,pipeline,all,44584,76,628,60472,29.52734375,13,0,1,2,12,,,,1788811812.9222183,,,,,,,,,12,43577029,6318609943,28438,12,344.279838,337.255005,386.580017,532.604004,339.601566,8.085625,26.948151,168.431541,313.567081,250.530749,6.703939,3010.800202,3840,,12,98654583,10604994882,28501,12,542.062792,502.987,660.291992,1435.83905,541.425684,8.720866,55.00099,389.189604,486.795891,424.619489,7.794526,5103.291222
detail,1,1,1104.6276904296874,2262277.51,1,282778.288025,trace,137.930247,132.506958,161.153015,200.299011,2048,78444727a6ea1325,720,pipeline,all,15180,76,77,66011,32.23193359375,14,0,1,2,12,,,,1788811813.2425926,,,,,,,,,12,1463033,721040902,33100,12,54.979556,53.254028,67.640991,74.494995,51.86637,9.051779,15.605838,18.106702,34.291032,23.6826,4.862365,0.0,1280,,12,8916055,1488859827,28870,12,82.950691,79.374023,97.078003,117.838989,82.536506,6.586309,13.835595,49.675525,66.416636,55.922733,4.151007,0.0
detail,1,1,3123.592756347656,6397117.965,1,531601.934021,trace,259.362793,216.731018,409.995972,999.460999,2048,f580ef0be18fd8ea,720,pipeline,all,15180,76,2423,387748,189.330078125,0,0,1,3,32,,,,1788811813.8323991,,,,,,,,,64,313499893,2997165824,277319,64,140.870806,136.424988,164.669983,205.630005,122.039241,44.13362,112.004915,3.563357,10.063124,5.258093,4.882993,0.0,1280,,32,139008984,3216693196,108477,32,118.491987,79.714966,250.05603,853.42804,117.462566,19.957028,76.093218,29.297085,43.717505,37.422409,5.014284,0.0
detail,1,1,7125.599580566406,14593227.941,1,2263093.944031,trace,1104.710443,1047.965027,1428.19397,2087.134033,2048,c72f5b5d2a6053ea,2160,pipeline,all,43836,76,258,41010,20.0244140625,1,0,1,3,12,,,,1788811816.295309,,,,,,,,,4,1734607,4121498494,8413,4,559.443077,534.869019,692.294006,926.799988,558.106059,5.168774,7.309435,466.938071,546.08969,498.938223,5.412722,0.0,3840,,12,98804715,10428091246,28714,12,545.267366,504.5,685.149963,1401.731995,544.667364,8.357099,54.692073,377.58498,492.023315,418.746041,6.795307,0.0
detail,1,1,4713.956266601563,9654182.434,1,733479.877991,trace,357.910013,266.19696,896.862,2336.246948,2048,635eaa6dbdb99686,1080,pipeline,all,16748,76,1223,226859,110.77099609375,2,0,1,3,32,,,,1788811817.1184127,,,,,,,,,32,189411898,3167268721,118576,32,130.372324,125.494019,163.136963,191.682983,116.352997,23.959423,86.571421,16.885619,53.809016,35.177315,5.332624,0.0,1920,,32,324601348,6346483424,105239,32,227.537689,140.232971,729.907959,2104.145996,226.453843,23.557958,141.060281,64.476833,95.436601,82.646356,5.460727,0.0
detail,1,1,7982.033240722656,16347204.077,1,1750832.236023,trace,854.603022,827.356018,1041.522034,1596.330017,2048,c72f5b5d2a6053ea,2160,pipeline,all,44488,76,556,60525,29.55322265625,3,0,1,3,12,,,,1788811819.0446222,,,,,,,,,12,26528294,5707440061,28834,12,316.150403,329.04895,377.603943,473.350037,309.721572,8.536324,21.091916,167.011827,287.907273,226.525968,5.908835,0.0,3840,,12,75086741,10571347711,28090,12,538.452619,504.479004,684.067993,1223.677002,537.848261,8.52738,44.921787,384.511807,493.447764,424.355053,6.945308,0.0
detail,1,1,5024.570205566406,10290319.781,1,659084.437012,trace,321.578065,298.390015,404.825989,910.497986,2048,635eaa6dbdb99686,1080,pipeline,all,17520,76,2511,384184,187.58984375,4,0,1,3,32,,,,1788811819.7836392,,,,,,,,,64,566828027,4031011072,275320,64,173.293265,169.187988,199.557983,230.968994,146.633066,43.795616,129.083957,8.047915,24.509426,13.400942,6.839428,0.0,1920,,32,92983162,6054845816,106991,32,148.284801,127.759033,194.979004,688.187012,147.251163,20.607939,60.970716,68.456494,90.747384,80.934786,5.214601,0.0
detail,1,1,948.9536596679687,1943457.095,1,319924.645996,trace,156.081822,148.597961,188.877014,325.261963,2048,78444727a6ea1325,720,pipeline,all,15180,76,75,43676,21.326171875,5,0,1,3,12,,,,1788811820.1394136,,,,,,,,,4,499145,487224293,8308,4,72.014135,68.752991,104.722961,116.635986,71.114576,3.990001,5.690382,52.971972,61.616301,56.27976,4.170722,0.0,1280,,12,16587201,1421387955,31339,12,84.067688,78.973022,86.538025,216.401001,83.661082,7.25835,17.192512,48.51157,63.473514,53.202498,4.969867,0.0
detail,1,1,2304.4093579101564,4719430.365,1,546763.546021,trace,266.805449,252.390015,298.400024,557.833984,2048,5a2bef157e634ce9,1080,pipeline,all,16492,76,166,61243,29.90380859375,6,0,1,3,12,,,,1788811820.7459562,,,,,,,,,12,8094389,1700628311,28129,12,100.701114,97.830017,114.822998,148.799011,96.465041,7.410072,14.313646,41.552096,79.178961,64.745642,5.10432,0.0,1920,,12,27332637,2962499709,29158,12,166.104335,154.880005,178.637024,369.346985,165.586958,7.437605,23.454552,101.676542,139.50357,115.984956,5.458663,0.0
detail,1,1,15423.247392089845,31586810.659,1,1774755.360962,trace,866.238339,718.35498,1676.305969,3024.69397,2048,fdac8dfb663bdd5e,2160,pipeline,all,48004,76,2624,229147,111.88818359375,7,0,1,3,32,,,,1788811822.7374868,,,,,,,,,32,852415188,9917217083,118387,32,321.690022,313.948975,402.531982,464.552002,294.565979,27.033968,190.362678,75.359342,189.348518,138.218274,6.070578,0.0,3840,,32,669870497,21488039676,109009,32,544.548317,397.983032,1332.296997,2639.346008,543.079385,25.250289,237.436241,259.254208,355.654453,316.725917,6.842995,0.0
detail,1,1,2278.876449707031,4667138.969,2,555667.455994,cpu_trace,271.107385,254.533997,331.354004,656.86499,2048,5a2bef157e634ce9,1080,pipeline,all,16440,76,464,63510,31.0107421875,8,0,1,3,12,,,,1788811823.3608043,,,,,,,,,12,9510951,1637894117,29788,12,100.499631,98.902039,118.369995,155.460999,96.032752,8.763524,16.064016,41.083487,77.068656,60.779505,5.697714,735.247981,1920,,12,42101908,2970815814,29991,12,170.607754,155.502014,202.963989,523.215942,170.115974,8.4441,29.701658,101.68259,138.103603,115.01868,6.101804,1386.799453
detail,1,1,1975.82090625,4046481.216,1,662794.369995,trace,323.471558,302.65802,396.390015,759.724976,2048,5a2bef157e634ce9,1080,pipeline,all,15372,76,115,41466,20.2470703125,9,0,1,3,12,,,,1788811824.08525,,,,,,,,,4,1393357,1084176456,8489,4,154.221887,146.604004,226.820984,240.427002,152.855711,5.02182,7.111975,119.348001,141.412148,128.623405,5.023717,0.0,1920,,12,35246636,2921431751,28980,12,169.249671,154.950989,186.562988,581.679016,168.798629,7.990277,27.361569,99.516618,138.87377,113.934434,5.603535,0.0
detail,1,1,2495.2012236328123,5110172.106,1,365741.151978,trace,178.413524,158.41803,247.760986,654.822021,2048,f580ef0be18fd8ea,720,pipeline,all,15180,76,212,232664,113.60546875,10,0,1,3,32,,,,1788811824.5004117,,,,,,,,,32,34912922,1767568719,121707,32,80.20906,78.723022,93.080994,114.382019,70.981084,21.804917,56.737994,7.327145,19.596106,12.752323,4.837611,0.0,1280,,32,83387781,3224433770,107022,32,98.204464,79.234009,157.526001,559.71698,97.234987,19.703195,55.148962,29.139357,43.601823,37.190493,5.04152,0.0
detail,1,1,16065.222958984376,32901576.62,1,2028109.577026,trace,989.833206,801.307007,1941.921021,3230.815002,2048,fdac8dfb663bdd5e,2160,pipeline,all,48340,76,7425,371298,181.2978515625,11,0,1,3,32,,,,1788811826.7358656,,,,,,,,,64,3744172247,10789454563,264365,64,384.945126,375.628967,470.934021,540.710022,326.338065,54.830149,271.060056,34.002568,115.505112,66.473115,6.397602,0.0,3840,,32,908217170,21808772948,109682,32,604.88808,412.029968,1501.205994,2801.841003,603.297147,25.601134,310.439978,249.658072,363.365842,321.99684,7.776415,0.0
detail,1,1,1162.9427846679687,2381706.823,2,343000.228027,cpu_trace,167.264354,136.164978,250.997009,902.442993,2048,78444727a6ea1325,720,pipeline,all,15180,76,333,63889,31.19580078125,12,0,1,3,12,,,,1788811827.1134608,,,,,,,,,12,13739093,798905461,29454,12,58.045844,52.671997,74.725037,100.14502,55.291455,7.529895,17.474287,18.270225,35.66308,26.800001,4.930536,327.809322,1280,,12,62585488,1532105768,30591,12,109.21851,83.032043,161.322998,783.099976,108.741879,8.125589,38.296125,49.696732,67.500183,56.641916,5.963004,686.105774
detail,1,1,1110.1421176757813,2273571.057,1,293186.757996,trace,142.981921,131.916016,166.123047,406.148987,2048,78444727a6ea1325,720,pipeline,all,15180,76,201,64199,31.34716796875,13,0,1,3,12,,,,1788811827.4368334,,,,,,,,,12,3335908,715297151,30681,12,50.960182,49.876953,65.22699,75.717041,48.111304,7.35164,13.421246,18.269705,32.575161,23.85136,4.39734,0.0,1280,,12,25362783,1507750068,29584,12,92.021738,81.108032,104.372986,354.028015,91.582818,7.213724,21.93215,49.890364,67.243052,56.613046,4.732798,0.0
detail,1,1,7986.430465820313,16356209.594,2,1781472.96698,cpu_trace,869.526164,834.0,1037.966003,1685.02301,2048,c72f5b5d2a6053ea,2160,pipeline,all,44052,76,493,60291,29.43896484375,14,0,1,3,12,,,,1788811829.416158,,,,,,,,,12,22741172,5602945805,29180,12,326.95256,331.113037,380.778992,438.903015,320.153665,9.247208,21.547796,166.174381,296.820189,221.037957,6.485342,2656.789444,3840,,12,70549998,10684870425,27470,12,542.573604,506.002991,661.784973,1294.954956,541.919193,8.557154,44.018819,386.914881,497.696852,427.818598,7.617322,5141.784578
detail,1,1,7343.7256640625,15039950.16,1,1595956.125,trace,779.063993,757.361023,926.169006,1017.215027,2048,c72f5b5d2a6053ea,2160,pipeline,all,43720,76,222,60813,29.69384765625,0,0,1,4,12,,,,1788811831.1831868,,,,,,,,,12,2887126,4872757288,28932,12,271.882639,246.157959,347.074036,367.372986,264.746353,8.951026,16.066273,162.873148,245.419251,192.188089,5.841647,0.0,3840,,12,33363162,10096805461,27993,12,507.181353,485.151978,602.150024,722.131958,506.641846,8.59425,28.517467,374.464621,474.998723,405.070703,6.76328,0.0
detail,1,1,7463.15741015625,15284546.376,2,1604689.764038,cpu_trace,783.205187,789.161987,883.626038,1017.515991,2048,c72f5b5d2a6053ea,2160,pipeline,all,44580,76,243,61630,30.0927734375,1,0,1,4,12,,,,1788811832.9721882,,,,,,,,,12,2591389,4854880615,30001,12,273.381771,273.750977,344.839966,365.879944,266.061195,9.584358,17.049092,163.664372,245.160415,190.372498,6.451186,2291.36221,3840,,12,23962544,10361721572,27758,12,509.823415,500.071045,561.770996,731.008972,509.327693,8.224185,22.135121,376.428484,484.328288,414.742277,6.86359,4984.709356
detail,1,1,1286.7363876953125,2635236.122,2,322550.101013,cpu_trace,157.355787,154.419983,171.282043,227.922974,2048,78444727a6ea1325,720,pipeline,all,15180,76,68,61954,30.2509765625,2,0,1,4,12,,,,1788811833.332181,,,,,,,,,12,369369,956168756,29536,12,65.636778,65.636963,74.303955,79.434998,62.362134,8.977154,13.659065,17.942035,45.191404,32.943514,5.132561,403.335594,1280,,12,17255147,1626904538,28373,12,91.719009,87.009033,100.546021,161.624023,91.270733,7.763362,16.618731,49.366969,72.11414,60.860416,4.622914,736.606925
detail,1,1,15968.941206542968,32704391.591,1,1659077.994019,trace,809.720575,758.002014,1142.900024,1699.089966,2048,fdac8dfb663bdd5e,2160,pipeline,all,48320,76,7954,369381,180.36181640625,3,0,1,4,32,,,,1788811835.1985283,,,,,,,,,64,3467171911,11052470187,264144,64,371.710067,366.761963,432.679993,492.927002,319.962083,50.811751,266.440836,34.059335,120.948842,68.669814,5.745799,0.0,3840,,32,284396711,21376135755,108498,32,438.010508,386.752014,729.606995,1328.670044,436.606863,24.061364,122.179197,269.145732,345.387123,314.894891,6.161055,0.0
detail,1,1,7027.69619921875,14392721.816,1,2239696.587952,trace,1093.284192,1031.30304,1402.042969,1815.906006,2048,c72f5b5d2a6053ea,2160,pipeline,all,44864,76,338,40049,19.55517578125,4,0,1,4,12,,,,1788811837.6512518,,,,,,,,,4,2303381,4112142841,8517,4,559.293216,524.588013,846.072998,918.453979,557.976423,5.070233,7.157938,462.480186,545.785716,497.859434,5.684275,0.0,3840,,12,91276317,10238134403,27748,12,533.990976,501.904968,609.003052,1219.137024,533.431645,7.933255,45.098757,368.991131,489.164651,411.317402,6.537822,0.0
detail,1,1,3146.598908203125,6444234.564,1,535982.600952,trace,261.481993,217.211975,441.257019,1248.665039,2048,f580ef0be18fd8ea,720,pipeline,all,15180,76,1998,387857,189.38330078125,5,0,1,4,32,,,,1788811838.252027,,,,,,,,,64,309162067,3049544654,277005,64,141.339783,136.985962,166.453979,203.39502,122.296116,44.420931,112.359091,3.572957,9.779373,5.259977,4.902623,0.0,1280,,32,148106962,3209723993,108512,32,120.14221,79.684998,250.415955,1080.869019,119.146898,20.080603,76.908499,29.156841,44.51594,37.303296,5.124411,0.0
detail,1,1,5113.523260253906,10472495.637,1,806950.22699,trace,393.766717,309.281006,787.981018,2433.906982,2048,635eaa6dbdb99686,1080,pipeline,all,16960,76,4359,384828,187.904296875,6,0,1,4,32,,,,1788811839.148352,,,,,,,,,64,710939534,4086623132,277022,64,181.960071,176.382996,219.916992,268.260986,153.106439,46.716867,135.252673,7.992334,26.131436,13.420999,5.563246,0.0,1920,,32,273057929,6172035435,107610,32,211.806646,132.177002,570.507996,2227.705994,210.622542,21.786988,126.69175,66.745307,94.390854,82.89709,5.227771,0.0
detail,1,1,2327.590609375,4766905.568,1,560358.628967,trace,273.399928,256.498047,316.664978,722.062012,2048,5a2bef157e634ce9,1080,pipeline,all,15712,76,210,62813,30.67041015625,7,0,1,4,12,,,,1788811839.766712,,,,,,,,,12,7753408,1713809895,28825,12,101.001754,98.731995,118.530029,151.05304,96.665037,7.736345,15.086141,41.796217,79.391286,65.080095,5.069496,0.0,1920,,12,42698692,2995516968,30032,12,172.398174,157.174988,194.838013,619.191956,171.870053,7.847514,29.44997,101.537248,140.69274,117.08192,5.686439,0.0
detail,1,1,2479.0646704101564,5077124.445,1,429065.606018,trace,209.301747,161.572998,464.312012,1218.435974,2048,f580ef0be18fd8ea,720,pipeline,all,15180,76,642,234251,114.38037109375,8,0,1,4,32,,,,1788811840.2550712,,,,,,,,,32,58772548,1733229470,122351,32,84.373519,80.116028,102.047974,133.268982,74.829478,22.501982,60.353961,7.277727,19.327179,12.265209,4.842076,0.0,1280,,32,161671772,3221719107,108318,32,124.928228,80.796997,368.906006,1043.03595,123.920721,20.58676,81.721051,28.735166,44.414044,37.389427,5.74863,0.0
detail,1,1,1114.0340541992186,2281541.743,1,294295.619019,trace,143.5294,131.404968,169.439026,505.873047,2048,78444727a6ea1325,720,pipeline,all,15180,76,104,63662,31.0849609375,9,0,1,4,12,,,,1788811840.5830946,,,,,,,,,12,2670477,760875970,29623,12,52.122558,50.739014,62.570984,75.065979,49.280275,7.719983,13.750648,18.357446,33.01508,25.546101,4.424029,0.0,1280,,12,28256132,1470004607,30019,12,91.406841,79.894958,107.348999,426.308044,90.961491,7.136934,23.147236,49.607136,65.235882,55.149237,4.847164,0.0
detail,1,1,4546.056922363281,9310324.577,1,613466.174988,trace,299.326777,253.983032,535.039001,1346.254028,2048,635eaa6dbdb99686,1080,pipeline,all,16512,76,1429,228218,111.4345703125,10,0,1,4,32,,,,1788811841.2818441,,,,,,,,,32,169450334,3028477342,118731,32,123.643902,121.385986,147.847046,177.184021,110.049103,23.034942,81.790849,16.881215,51.002651,33.475624,5.265348,0.0,1920,,32,182106201,6148072505,106654,32,175.682875,131.085022,383.654968,1218.145996,174.558261,21.416648,89.007803,67.146313,93.370104,82.215894,5.419613,0.0
detail,1,1,999.0217026367187,2045996.447,1,339695.906982,trace,165.682896,154.559998,189.90802,296.11499,2048,78444727a6ea1325,720,pipeline,all,15180,76,118,43291,21.13818359375,11,0,1,4,12,,,,1788811841.656269,,,,,,,,,4,637339,501860440,8334,4,74.702157,71.127991,102.950012,110.804993,73.831904,3.939395,5.47755,53.512037,64.586372,58.069432,4.161526,0.0,1280,,12,26403033,1508989669,30943,12,90.980739,82.309998,99.573975,205.367981,90.565347,7.577212,20.924697,49.161473,66.995708,56.685815,5.074127,0.0
detail,1,1,2004.293130859375,4104792.332,1,688603.112,trace,336.060352,303.950012,397.140991,1069.327026,2048,5a2bef157e634ce9,1080,pipeline,all,15704,76,109,41807,20.41357421875,12,0,1,4,12,,,,1788811842.4196498,,,,,,,,,4,2463811,1086601029,8440,4,153.867299,147.135986,218.585022,240.307007,152.445131,5.141376,7.833336,119.69753,140.055408,128.792148,5.217088,0.0,1920,,12,64743482,2976331587,29352,12,182.193054,155.382019,205.73999,868.627014,181.704343,8.050454,38.124379,99.96128,141.169257,116.064893,5.791116,0.0
detail,1,1,2165.3067993164063,4434548.325,2,513801.823975,cpu_trace,250.710555,247.291016,269.29303,355.309998,2048,5a2bef157e634ce9,1080,pipeline,all,15268,76,92,62132,30.337890625,13,0,1,4,12,,,,1788811842.9903765,,,,,,,,,12,810139,1532121054,28657,12,95.026234,95.795959,104.462952,116.557007,90.961569,7.530584,13.124466,40.74964,74.513565,56.52843,5.240957,684.958944,1920,,12,15389216,2848269000,29450,12,155.684321,150.461975,166.864014,240.226013,155.221649,7.72501,18.443619,101.451418,133.151688,110.271117,5.885021,1329.724201
detail,1,1,15484.176728515626,31711593.94,1,1627392.768982,trace,794.2534,721.83197,1236.560974,1749.958008,2048,fdac8dfb663bdd5e,2160,pipeline,all,47832,76,3436,229224,111.92578125,14,0,1,4,32,,,,1788811844.7982674,,,,,,,,,32,790262316,10098223413,119228,32,319.502945,314.280029,393.374023,444.643982,293.479164,26.499741,187.41008,76.745522,195.722282,141.191627,6.187845,0.0,3840,,32,417140424,21436157127,109030,32,474.750455,398.444031,890.359009,1406.500977,473.414325,25.204596,164.707458,262.380294,353.198667,315.957989,6.771138,0.0
empty,,,16.404888671875,33597.212,0,20521.382019,empty,9.918246477050781,9.523498499999999,11.020996,13.275024,2048,,,empty,all,,,0,10246,5.0029296875,0,,0,0,,0,0,0,1788811929.5099576,0.0,0.0,0.0,0.0,0.0,0.0,0.0,0.0,,,,,,,,,,,,,,,,,,,4,,,,,,,,,,,,,,,,,
empty,,,62.46827294921875,127935.023,1,28815.047974,empty,14.021179743652343,13.9825135,16.702026,18.424988,2048,,,empty,all,,,4,30214,14.7529296875,1,,0,0,,102242,115105563,28169,1788811929.5513587,13.860784860351563,3.8607829853515625,10.32732033984375,0.06854446630859375,0.10706287060546875,0.0851867431640625,3.4495555244140625,0.0,,,,,,,,,,,,,,,,,,,12,,,,,,,,,,,,,,,,,
empty,,,538.1867817382813,1102206.529,1,115994.30603,empty,56.55790096875,52.9775085,69.304993,83.79303,2048,,,empty,all,,,440,123692,60.396484375,2,,0,0,,19261509,1050218758,122047,1788811929.6877854,56.20170688916016,22.24414661767578,51.590947538085935,0.02455531640625,0.25634942041015624,0.0929651103515625,4.496609360351562,0.0,,,,,,,,,,,,,,,,,,,32,,,,,,,,,,,,,,,,,
empty,,,163.981515625,335834.144,0,55497.894958,empty,26.978893813476564,25.665039,32.002014,37.872986,2048,,,empty,all,,,36,52447,25.60888671875,3,,0,0,,0,0,0,1788811929.755437,0.0,0.0,0.0,0.0,0.0,0.0,0.0,0.0,,,,,,,,,,,,,,,,,,,16,,,,,,,,,,,,,,,,,
empty,,,886.1969375,1814931.328,1,400848.541992,empty,195.64061718164064,117.172974,337.133972,905.578979,2048,,,empty,all,,,3983,261404,127.638671875,4,,1,0,,457099538,1721158392,262356,1788811930.2013488,195.1068291171875,45.84491917333985,190.2953965,0.023782125,0.4437665859375,0.11231125537109375,4.7031721826171875,0.0,,,,,,,,,,,,,,,,,,,64,,,,,,,,,,,,,,,,,
empty,,,929.5186782226563,1903654.253,0,395013.229004,empty,192.79878697460938,117.103027,334.08905,840.342041,2048,,,empty,all,,,4213,263093,128.46337890625,5,,1,0,,0,0,0,1788811930.633368,0.0,0.0,0.0,0.0,0.0,0.0,0.0,0.0,,,,,,,,,,,,,,,,,,,64,,,,,,,,,,,,,,,,,
empty,,,12.34910009765625,25290.957,0,20709.937988,empty,10.008970552734375,9.619019,11.401978,14.66803,2048,,,empty,all,,,0,6147,3.00146484375,6,,0,0,,0,0,0,1788811930.6643872,0.0,0.0,0.0,0.0,0.0,0.0,0.0,0.0,,,,,,,,,,,,,,,,,,,2,,,,,,,,,,,,,,,,,
empty,,,1210.6906538085937,2479494.459,0,233732.509033,empty,114.01339555664063,108.62600699999999,134.941956,241.448975,2048,,,empty,all,,,3551,278230,135.8544921875,7,,0,0,,0,0,0,1788811930.9228826,0.0,0.0,0.0,0.0,0.0,0.0,0.0,0.0,,,,,,,,,,,,,,,,,,,64,,,,,,,,,,,,,,,,,
empty,,,106.150576171875,217396.38,1,44366.697998,empty,21.606641264648438,18.385498,25.139038,37.272949,2048,,,empty,all,,,6,31713,15.48486328125,8,,1,0,,7445667,198583527,29666,1788811930.9853165,21.38290997705078,5.796972564941406,17.31042843408203,0.06711652001953125,0.1522308759765625,0.0896224521484375,3.98787019140625,0.0,,,,,,,,,,,,,,,,,,,12,,,,,,,,,,,,,,,,,
empty,,,13.20814892578125,27050.289,0,13227.307007,empty,6.3936888178710936,6.0465085,7.705017,10.030029,2048,,,empty,all,,,0,10297,5.02783203125,9,,1,0,,0,0,0,1788811931.0079947,0.0,0.0,0.0,0.0,0.0,0.0,0.0,0.0,,,,,,,,,,,,,,,,,,,4,,,,,,,,,,,,,,,,,
empty,,,7.72634619140625,15823.557,0,11843.018005,empty,5.693014779296875,5.721008,6.322998,7.403992,2048,,,empty,all,,,0,6143,2.99951171875,10,,1,0,,0,0,0,1788811931.0287874,0.0,0.0,0.0,0.0,0.0,0.0,0.0,0.0,,,,,,,,,,,,,,,,,,,2,,,,,,,,,,,,,,,,,
empty,,,691.9728100585937,1417160.315,1,280322.855042,empty,136.7819681225586,82.626007,261.307007,850.552002,2048,,,empty,all,,,3371,193884,94.669921875,11,,1,0,,325272373,1343037751,194379,1788811931.3452132,136.3547554526367,33.5023501899414,130.36976695507812,0.0199598466796875,0.2768649189453125,0.069553548828125,5.919425451660156,0.0,,,,,,,,,,,,,,,,,,,48,,,,,,,,,,,,,,,,,
empty,,,0.0925751953125,189.594,0,188.787048,empty,0.026183060546875,0.029968,0.031006,0.039978,2048,,,empty,all,,,0,0,0.0,12,,1,0,,0,0,0,1788811931.3530161,0.0,0.0,0.0,0.0,0.0,0.0,0.0,0.0,,,,,,,,,,,,,,,,,,,1,,,,,,,,,,,,,,,,,
empty,,,165.8421181640625,339644.658,1,47831.175964,empty,23.297090462402345,22.548492500000002,28.466003,32.632996,2048,,,empty,all,,,9,48479,23.67138671875,13,,0,0,,1224099,315473665,46437,1788811931.4151247,23.06284195410156,8.824009631347657,19.17146422705078,0.07342524462890625,0.23548806591796875,0.11913687841796874,3.786514354980469,0.0,,,,,,,,,,,,,,,,,,,16,,,,,,,,,,,,,,,,,
empty,,,314.1148041992187,643307.119,0,78264.526001,empty,38.08739737011719,35.428985499999996,45.447998,55.166992,2048,,,empty,all,,,35,84273,41.14892578125,14,,0,0,,0,0,0,1788811931.506462,0.0,0.0,0.0,0.0,0.0,0.0,0.0,0.0,,,,,,,,,,,,,,,,,,,24,,,,,,,,,,,,,,,,,
empty,,,318.331650390625,651943.22,1,83988.471985,empty,40.948865955566404,35.859009,49.958008,118.210022,2048,,,empty,all,,,47,83791,40.91357421875,15,,1,0,,14030492,612929101,81743,1788811931.6101847,40.61743244824219,15.910972863769532,36.107763791503906,0.06507697900390624,0.12963416357421875,0.08522649609375,4.425542731933594,0.0,,,,,,,,,,,,,,,,,,,24,,,,,,,,,,,,,,,,,
empty,,,170.5741552734375,349335.87,1,50434.050964,empty,24.56843658984375,22.959503,28.494995,34.197021,2048,,,empty,all,,,4,47623,23.25341796875,16,,1,0,,3235718,323333872,45576,1788811931.675363,24.316218363769533,9.45351923486328,20.243279716796874,0.06903138916015625,0.18604318994140626,0.095422509765625,3.98635039453125,0.0,,,,,,,,,,,,,,,,,,,16,,,,,,,,,,,,,,,,,
empty,,,0.15410205078125,315.601,1,315.002014,empty,0.10910300390625,0.101013,0.111023,0.20105,2048,,,empty,all,,,0,0,0.0,17,,1,0,,0,1113524,0,1788811931.6848798,0.06895553466796875,0.02504054931640625,0.02504054931640625,0.02212692578125,0.02212692578125,0.02212692578125,0.02178824462890625,0.0,,,,,,,,,,,,,,,,,,,1,,,,,,,,,,,,,,,,,
empty,,,0.1447333984375,296.414,1,295.884033,empty,0.102291697265625,0.100037,0.110046,0.111023,2048,,,empty,all,,,0,0,0.0,18,,0,0,,0,686795,0,1788811931.6943405,0.06368726318359375,0.02146733251953125,0.02146733251953125,0.02133339208984375,0.02133339208984375,0.02133339208984375,0.02088670458984375,0.0,,,,,,,,,,,,,,,,,,,1,,,,,,,,,,,,,,,,,
empty,,,186.14589697265626,381226.797,0,50805.310974,empty,24.69100875097656,23.826477,29.847961,36.409973,2048,,,empty,all,,,6,48695,23.77685546875,19,,1,0,,0,0,0,1788811931.7587001,0.0,0.0,0.0,0.0,0.0,0.0,0.0,0.0,,,,,,,,,,,,,,,,,,,16,,,,,,,,,,,,,,,,,
empty,,,488.25260693359377,999941.339,0,162327.473022,empty,79.18462745898438,47.412017500000005,145.362,590.075989,2048,,,empty,all,,,455,118014,57.6240234375,20,,1,0,,0,0,0,1788811931.93939,0.0,0.0,0.0,0.0,0.0,0.0,0.0,0.0,,,,,,,,,,,,,,,,,,,32,,,,,,,,,,,,,,,,,
empty,,,0.0679931640625,139.25,0,138.629028,empty,0.01900930126953125,0.02002,0.02002,0.020996,2048,,,empty,all,,,0,0,0.0,21,,0,0,,0,0,0,1788811931.947168,0.0,0.0,0.0,0.0,0.0,0.0,0.0,0.0,,,,,,,,,,,,,,,,,,,1,,,,,,,,,,,,,,,,,
empty,,,622.2837446289062,1274437.109,0,268550.643982,empty,131.04915296777344,79.5549925,238.46405,631.164978,2048,,,empty,all,,,2866,191972,93.736328125,22,,1,0,,0,0,0,1788811932.242933,0.0,0.0,0.0,0.0,0.0,0.0,0.0,0.0,,,,,,,,,,,,,,,,,,,48,,,,,,,,,,,,,,,,,
empty,,,111.5829951171875,228521.974,0,41571.309998,empty,20.18835727685547,19.442535,24.727966,34.877991,2048,,,empty,all,,,13,32801,16.01611328125,23,,1,0,,0,0,0,1788811932.2977605,0.0,0.0,0.0,0.0,0.0,0.0,0.0,0.0,,,,,,,,,,,,,,,,,,,12,,,,,,,,,,,,,,,,,
empty,,,19.29169384765625,39509.389,1,22324.854004,empty,10.850057779296876,10.429993,12.583984,15.809998,2048,,,empty,all,,,1,10281,5.02001953125,24,,0,0,,298716,26966739,8233,1788811932.3321128,10.66401816015625,4.054050630859375,6.101981473632812,0.071334767578125,0.110609462890625,0.085223470703125,4.474188835449219,0.0,,,,,,,,,,,,,,,,,,,4,,,,,,,,,,,,,,,,,
empty,,,1178.9877265625,2414566.864,1,221881.223999,empty,108.2474151171875,103.31097399999999,129.0,280.494995,2048,,,empty,all,,,2429,275373,134.45947265625,25,,0,0,,122938839,2320666965,275486,1788811932.5810814,107.69239835351563,42.81813058349609,102.44904644482422,0.02956967724609375,0.5202127548828125,0.1505821923828125,5.079164778808594,0.0,,,,,,,,,,,,,,,,,,,64,,,,,,,,,,,,,,,,,
empty,,,366.02911572265623,749627.629,1,78519.981995,empty,38.25918148779297,36.751495500000004,46.991028,53.374023,2048,,,empty,all,,,83,82109,40.09228515625,26,,0,0,,2623961,711541627,80133,1788811932.676354,37.9470613828125,15.668972150390625,33.711774883300784,0.068615853515625,0.22280033544921876,0.102211837890625,4.12101112890625,0.0,,,,,,,,,,,,,,,,,,,24,,,,,,,,,,,,,,,,,
empty,,,847.4880087890625,1735655.442,1,170155.584961,empty,82.98724996044922,80.551483,99.021973,120.454041,2048,,,empty,all,,,1755,203793,99.50830078125,27,,0,0,,60802325,1661013934,203331,1788811932.8698695,82.52669006787109,33.319855513671875,77.58102136376954,0.02085783935546875,0.3461733349609375,0.10579661181640625,4.8090676357421875,0.0,,,,,,,,,,,,,,,,,,,48,,,,,,,,,,,,,,,,,
empty,,,13.40682080078125,27457.169,1,13274.950012,empty,6.436516614746094,6.1114809999999995,7.705017,10.630981,2048,,,empty,all,,,1,10318,5.0380859375,28,,1,0,,168163,20703642,8271,1788811932.8939018,6.3474187280273435,2.742489928222656,3.5504331997070313,0.03303860400390625,0.08071466162109375,0.0599581318359375,2.727069533203125,0.0,,,,,,,,,,,,,,,,,,,4,,,,,,,,,,,,,,,,,
empty,,,9.218986328125,18880.484,1,15013.445007,empty,7.279497571289062,6.643005,9.669006,11.352051,2048,,,empty,all,,,3,6146,3.0009765625,29,,0,0,,21470,11198781,4099,1788811932.9199128,7.190901524902344,2.95399851171875,3.5889566147460936,0.05411702197265625,0.068686015625,0.06140154150390625,3.5355458989257813,0.0,,,,,,,,,,,,,,,,,,,2,,,,,,,,,,,,,,,,,
empty,,,493.0873286132813,1009842.849,1,182025.36499,empty,88.7945941850586,48.083008,148.799011,801.97699,2048,,,empty,all,,,507,118127,57.67919921875,30,,1,0,,95439276,963165791,116095,1788811933.1287115,88.46441945263672,20.722191575683595,83.25768038476562,0.033234669921875,0.213298669921875,0.0951875029296875,5.108205003417969,0.0,,,,,,,,,,,,,,,,,,,32,,,,,,,,,,,,,,,,,
empty,,,11.9879931640625,24551.41,1,21635.534973,empty,10.511189541503906,9.367981,10.571045,13.265991,2048,,,empty,all,,,0,6145,3.00048828125,31,,1,0,,1692127,14230603,4097,1788811933.161924,10.3812844765625,4.514883864746094,5.636575300292969,0.07179790869140625,0.0926877822265625,0.0822429140625,4.654199202148438,0.0,,,,,,,,,,,,,,,,,,,2,,,,,,,,,,,,,,,,,
empty,,,849.3508266601563,1739470.493,0,167402.778992,empty,81.62901583154297,78.9134825,96.416992,128.640015,2048,,,empty,all,,,1589,202667,98.95849609375,32,,0,0,,0,0,0,1788811933.3486755,0.0,0.0,0.0,0.0,0.0,0.0,0.0,0.0,,,,,,,,,,,,,,,,,,,48,,,,,,,,,,,,,,,,,
empty,,,106.41086328125,217929.448,0,41168.167053,empty,19.991143203125,19.553009,24.727966,28.095032,2048,,,empty,all,,,28,36221,17.68603515625,33,,0,0,,0,0,0,1788811933.400573,0.0,0.0,0.0,0.0,0.0,0.0,0.0,0.0,,,,,,,,,,,,,,,,,,,12,,,,,,,,,,,,,,,,,
empty,,,467.710630859375,957871.372,0,106484.828003,empty,51.86756342529297,48.679474,63.233032,81.307983,2048,,,empty,all,,,530,122601,59.86376953125,34,,0,0,,0,0,0,1788811933.5219207,0.0,0.0,0.0,0.0,0.0,0.0,0.0,0.0,,,,,,,,,,,,,,,,,,,32,,,,,,,,,,,,,,,,,
empty,,,31.03255126953125,63554.665,1,20731.328979,empty,10.073893792480469,8.526978,11.513,18.005005,2048,,,empty,all,,,7,20167,9.84716796875,35,,1,0,,1683489,54244936,18119,1788811933.5552735,9.951575131347656,3.1383680263671874,6.712337216796875,0.06026922509765625,0.08473285888671875,0.075323845703125,3.1687015703125,0.0,,,,,,,,,,,,,,,,,,,8,,,,,,,,,,,,,,,,,
empty,,,29.9592041015625,61356.45,1,21281.46698,empty,10.333683884277344,8.761993499999999,12.565002,16.202026,2048,,,empty,all,,,6,19103,9.32763671875,36,,0,0,,1322990,51012896,17056,1788811933.5889592,10.2034522109375,3.3734280620117185,6.79303246484375,0.0685886396484375,0.10194372412109375,0.0821552666015625,3.324646356933594,0.0,,,,,,,,,,,,,,,,,,,8,,,,,,,,,,,,,,,,,
empty,,,317.768755859375,650790.412,0,85652.783997,empty,41.71621221337891,34.978027,64.986023,170.952026,2048,,,empty,all,,,96,83376,40.7109375,37,,1,0,,0,0,0,1788811933.6909084,0.0,0.0,0.0,0.0,0.0,0.0,0.0,0.0,,,,,,,,,,,,,,,,,,,24,,,,,,,,,,,,,,,,,
empty,,,27.64362646484375,56614.147,0,17875.002991,empty,8.645137226074219,8.024963,11.822998,12.374023,2048,,,empty,all,,,1,19061,9.30712890625,38,,0,0,,0,0,0,1788811933.7180214,0.0,0.0,0.0,0.0,0.0,0.0,0.0,0.0,,,,,,,,,,,,,,,,,,,8,,,,,,,,,,,,,,,,,
empty,,,28.75841064453125,58897.225,0,18460.229004,empty,8.91240338623047,8.1559755,10.901001,12.503967,2048,,,empty,all,,,0,20107,9.81787109375,39,,1,0,,0,0,0,1788811933.7496026,0.0,0.0,0.0,0.0,0.0,0.0,0.0,0.0,,,,,,,,,,,,,,,,,,,8,,,,,,,,,,,,,,,,,
empty,,,13.367076171875,27375.772,1,13106.552979,empty,6.3504294594726565,6.161987,7.033997,9.708008,2048,,,empty,all,,,0,10291,5.02490234375,0,,0,1,,16281,20239835,8243,1788811933.7737556,6.264687603027344,2.8193754711914063,3.509044894042969,0.0353059736328125,0.08480414111328125,0.0641647421875,2.6789442670898436,0.0,,,,,,,,,,,,,,,,,,,4,,,,,,,,,,,,,,,,,
empty,,,82.790263671875,169554.46,0,33563.459045,empty,16.284938505371095,16.126495,19.497986,22.432983,2048,,,empty,all,,,23,32651,15.94287109375,1,,1,1,,0,0,0,1788811933.8187673,0.0,0.0,0.0,0.0,0.0,0.0,0.0,0.0,,,,,,,,,,,,,,,,,,,12,,,,,,,,,,,,,,,,,
empty,,,473.178587890625,969069.748,0,97949.393982,empty,47.709737959472655,46.370514,54.626038,59.945984,2048,,,empty,all,,,254,120522,58.8486328125,2,,0,1,,0,0,0,1788811933.9315126,0.0,0.0,0.0,0.0,0.0,0.0,0.0,0.0,,,,,,,,,,,,,,,,,,,32,,,,,,,,,,,,,,,,,
empty,,,107.597576171875,220359.836,1,41222.161987,empty,20.066936950195313,19.7179875,24.396973,28.304993,2048,,,empty,all,,,8,34778,16.9814453125,3,,0,1,,153769,197480403,32733,1788811933.9880054,19.842236844238283,7.79973691796875,15.46782848046875,0.06980311376953124,0.23536217138671875,0.1246726552734375,4.264226524902344,0.0,,,,,,,,,,,,,,,,,,,12,,,,,,,,,,,,,,,,,
empty,,,477.35506982421873,977623.183,0,146325.067017,empty,71.36498281835938,46.880981,147.125,348.175964,2048,,,empty,all,,,480,118379,57.80224609375,4,,1,1,,0,0,0,1788811934.1537204,0.0,0.0,0.0,0.0,0.0,0.0,0.0,0.0,,,,,,,,,,,,,,,,,,,32,,,,,,,,,,,,,,,,,
empty,,,184.681455078125,378227.62,1,57332.778015,empty,27.93756362011719,24.0920105,30.328979,47.412048,2048,,,empty,all,,,2,48304,23.5859375,5,,1,1,,8862578,352400890,46256,1788811934.2271082,27.679631930664062,9.345192252441406,23.493614611328123,0.051936953613281246,0.08814613720703125,0.07640138916015625,4.117034967285156,0.0,,,,,,,,,,,,,,,,,,,16,,,,,,,,,,,,,,,,,
empty,,,507.0195146484375,1038375.966,1,134717.947021,empty,65.6944990703125,47.732483,140.352966,260.154968,2048,,,empty,all,,,397,117788,57.513671875,6,,1,1,,42129176,992812404,115747,1788811934.3822916,65.37528632763672,20.169450791015624,60.706178489746094,0.03118125048828125,0.20760297900390626,0.09194901513671876,4.571780826660156,0.0,,,,,,,,,,,,,,,,,,,32,,,,,,,,,,,,,,,,,
empty,,,12.8651201171875,26347.766,0,12669.404053,empty,6.127067498046875,5.841003,7.304016,9.738953,2048,,,empty,all,,,2,10339,5.04833984375,7,,1,1,,0,0,0,1788811934.4040396,0.0,0.0,0.0,0.0,0.0,0.0,0.0,0.0,,,,,,,,,,,,,,,,,,,4,,,,,,,,,,,,,,,,,
empty,,,306.60684716796874,627930.823,1,81828.045959,empty,39.88471065673828,33.4400025,95.11499,107.067993,2048,,,empty,all,,,243,81908,39.994140625,8,,1,1,,16332644,593738231,79867,1788811934.5048773,39.64499121728515,14.1547195625,35.13630648486328,0.05634272607421875,0.22211715673828125,0.107600626953125,4.412024376464844,0.0,,,,,,,,,,,,,,,,,,,24,,,,,,,,,,,,,,,,,
empty,,,151.3514072265625,309967.682,1,50767.627991,empty,24.735197951660155,24.406982,28.64502,31.742004,2048,,,empty,all,,,10,51516,25.154296875,9,,0,1,,450165,280468522,49477,1788811934.570354,24.47971287792969,11.428702363769531,19.98912126513672,0.073399650390625,0.21532872021484376,0.11164802978515626,4.3946788583984375,0.0,,,,,,,,,,,,,,,,,,,16,,,,,,,,,,,,,,,,,
empty,,,10.92290234375,22370.104,0,18594.640015,empty,8.970330327148437,8.827026,9.838989,12.114014,2048,,,empty,all,,,1,6144,3.0,10,,0,1,,0,0,0,1788811934.5984905,0.0,0.0,0.0,0.0,0.0,0.0,0.0,0.0,,,,,,,,,,,,,,,,,,,2,,,,,,,,,,,,,,,,,
empty,,,696.421685546875,1426271.612,0,286807.326965,empty,139.95595721289064,79.133972,271.888,1001.315002,2048,,,empty,all,,,3191,194021,94.73681640625,11,,1,1,,0,0,0,1788811934.9138231,0.0,0.0,0.0,0.0,0.0,0.0,0.0,0.0,,,,,,,,,,,,,,,,,,,48,,,,,,,,,,,,,,,,,
empty,,,33.139146484375,67868.972,0,30432.458984,empty,14.755820314941406,12.3440245,28.705994,30.929993,2048,,,empty,all,,,134,20200,9.86328125,12,,1,1,,0,0,0,1788811934.9540226,0.0,0.0,0.0,0.0,0.0,0.0,0.0,0.0,,,,,,,,,,,,,,,,,,,8,,,,,,,,,,,,,,,,,
empty,,,810.925841796875,1660776.124,1,165185.172974,empty,80.57203817138672,77.389984,92.849976,175.950989,2048,,,empty,all,,,2243,200700,97.998046875,13,,0,1,,52947850,1589340912,200691,1788811935.1423285,80.12735230322265,31.80301980078125,74.73691810205078,0.029868740234375,0.49669548388671875,0.1530977646484375,5.229597243164062,0.0,,,,,,,,,,,,,,,,,,,48,,,,,,,,,,,,,,,,,
empty,,,13.28279541015625,27203.165,1,13175.837036,empty,6.383074586914063,5.981018,7.104004,9.959045,2048,,,empty,all,,,0,10332,5.044921875,14,,1,1,,224501,20499051,8284,1788811935.1663868,6.292084447753906,2.7237071357421874,3.492463775390625,0.03215394384765625,0.07728908886718751,0.05772396337890625,2.7280482119140625,0.0,,,,,,,,,,,,,,,,,,,4,,,,,,,,,,,,,,,,,
empty,,,0.15009521484375,307.395,1,306.835999,empty,0.10735296875,0.100037,0.111023,0.111023,2048,,,empty,all,,,0,0,0.0,15,,0,1,,0,1088246,0,1788811935.176015,0.0682119638671875,0.0253218125,0.0253218125,0.021661333984375,0.021661333984375,0.021661333984375,0.02122902099609375,0.0,,,,,,,,,,,,,,,,,,,1,,,,,,,,,,,,,,,,,
empty,,,0.06399658203125,131.065,0,130.513977,empty,0.018498279296875,0.02002,0.020996,0.039978,2048,,,empty,all,,,0,0,0.0,16,,1,1,,0,0,0,1788811935.1836863,0.0,0.0,0.0,0.0,0.0,0.0,0.0,0.0,,,,,,,,,,,,,,,,,,,1,,,,,,,,,,,,,,,,,
empty,,,656.7246372070313,1344972.057,1,297036.911987,empty,144.9521919140625,79.4444885,254.945007,1002.086975,2048,,,empty,all,,,2946,192254,93.8740234375,17,,1,1,,350660578,1273395670,192349,1788811935.5088413,144.52599063574218,33.609751737304684,139.79404383007812,0.021751654296875,0.3830325087890625,0.1031452783203125,4.655905750488281,0.0,,,,,,,,,,,,,,,,,,,48,,,,,,,,,,,,,,,,,
empty,,,1156.123138671875,2367740.188,0,216325.916016,empty,105.51329227246094,102.69946300000001,121.927002,143.487976,2048,,,empty,all,,,1857,275314,134.4306640625,18,,0,1,,0,0,0,1788811935.7484043,0.0,0.0,0.0,0.0,0.0,0.0,0.0,0.0,,,,,,,,,,,,,,,,,,,64,,,,,,,,,,,,,,,,,
empty,,,156.76299072265624,321050.605,0,46174.41803,empty,22.429836508789062,21.140991,26.762024,33.18396,2048,,,empty,all,,,27,47649,23.26611328125,19,,0,1,,0,0,0,1788811935.8063097,0.0,0.0,0.0,0.0,0.0,0.0,0.0,0.0,,,,,,,,,,,,,,,,,,,16,,,,,,,,,,,,,,,,,
empty,,,317.7339248046875,650719.078,0,71339.828979,empty,34.71868099609375,33.925964,39.796997,44.046021,2048,,,empty,all,,,70,81399,39.74560546875,20,,0,1,,0,0,0,1788811935.8916094,0.0,0.0,0.0,0.0,0.0,0.0,0.0,0.0,,,,,,,,,,,,,,,,,,,24,,,,,,,,,,,,,,,,,
empty,,,7.92920556640625,16239.013,1,11620.916992,empty,5.6248325922851565,5.2510075,6.994019,8.988037,2048,,,empty,all,,,3,6145,3.00048828125,21,,1,1,,69509,9961021,4099,1788811935.913608,5.559820896484375,2.5569104848632813,2.7818457939453123,0.02780980859375,0.0515018310546875,0.03965576904296875,2.72751922265625,0.0,,,,,,,,,,,,,,,,,,,2,,,,,,,,,,,,,,,,,
empty,,,291.13252392578124,596239.409,0,92510.260986,empty,45.06820335986328,33.760498,100.244995,238.934021,2048,,,empty,all,,,214,82964,40.509765625,22,,1,1,,0,0,0,1788811936.020212,0.0,0.0,0.0,0.0,0.0,0.0,0.0,0.0,,,,,,,,,,,,,,,,,,,24,,,,,,,,,,,,,,,,,
empty,,,92.72556005859374,189901.947,1,38508.170959,empty,18.74316957861328,17.563995499999997,23.534973,36.571045,2048,,,empty,all,,,4,33415,16.31591796875,23,,1,1,,2469892,171442081,31367,1788811936.0730424,18.526188495117186,5.2677377939453125,14.251357791503906,0.0645670625,0.08970998779296875,0.07709523046875,4.2005605625,0.0,,,,,,,,,,,,,,,,,,,12,,,,,,,,,,,,,,,,,
empty,,,313.8579423828125,642781.066,1,75078.478943,empty,36.587334837402345,35.75,43.755005,52.091003,2048,,,empty,all,,,55,83928,40.98046875,24,,0,1,,1498172,604268743,81924,1788811936.164789,36.25891125244141,15.881145765625,31.794093389648438,0.07283538525390625,0.285712236328125,0.124487296875,4.3501586381835935,0.0,,,,,,,,,,,,,,,,,,,24,,,,,,,,,,,,,,,,,
empty,,,39.8743798828125,81662.73,1,29108.708008,empty,14.16267403515625,13.0350035,18.455994,23.205017,2048,,,empty,all,,,3,19741,9.63916015625,25,,0,1,,950898,65325220,17693,1788811936.2065437,13.958407132324218,5.110808276855469,9.458261099609375,0.06922792578125,0.13239724951171875,0.08718209912109375,4.410015103515625,0.0,,,,,,,,,,,,,,,,,,,8,,,,,,,,,,,,,,,,,
empty,,,9.0234462890625,18480.018,0,14289.419006,empty,6.86633491015625,5.851013,9.919983,12.324036,2048,,,empty,all,,,16,6157,3.00634765625,26,,1,1,,0,0,0,1788811936.2304268,0.0,0.0,0.0,0.0,0.0,0.0,0.0,0.0,,,,,,,,,,,,,,,,,,,2,,,,,,,,,,,,,,,,,
empty,,,839.1446811523438,1718568.307,0,168681.872986,empty,82.25209718505859,78.753021,96.548035,122.587952,2048,,,empty,all,,,979,202179,98.72021484375,27,,0,1,,0,0,0,1788811936.4190583,0.0,0.0,0.0,0.0,0.0,0.0,0.0,0.0,,,,,,,,,,,,,,,,,,,48,,,,,,,,,,,,,,,,,
empty,,,0.15775146484375,323.075,1,322.506042,empty,0.11269745263671875,0.110046,0.120972,0.121033,2048,,,empty,all,,,0,0,0.0,28,,1,1,,0,899443,0,1788811936.4299207,0.0702297177734375,0.02373212890625,0.02373212890625,0.02351231640625,0.02351231640625,0.02351231640625,0.022985583984375,0.0,,,,,,,,,,,,,,,,,,,1,,,,,,,,,,,,,,,,,
empty,,,952.397310546875,1950509.692,1,420650.684998,empty,205.30095047705078,120.1180115,367.28302,1257.091003,2048,,,empty,all,,,4538,264612,129.205078125,29,,1,1,,548206959,1855552793,266090,1788811936.8886807,204.7874452714844,46.43820835839844,199.70317211523437,0.02067659619140625,0.4333780053710937,0.091864330078125,4.9791552734375,0.0,,,,,,,,,,,,,,,,,,,64,,,,,,,,,,,,,,,,,
empty,,,11.57964794921875,23715.119,1,20120.843994,empty,9.770314391113281,9.268005,10.830994,14.247986,2048,,,empty,all,,,5,6144,3.0,30,,0,1,,495156,13738069,4098,1788811936.92037,9.646187564941407,3.569363328613281,5.080717524902344,0.07596712060546876,0.089421015625,0.08269410693359375,4.477590037597656,0.0,,,,,,,,,,,,,,,,,,,2,,,,,,,,,,,,,,,,,
empty,,,0.06061669921875,124.143,0,123.549988,empty,0.0180420205078125,0.02002,0.02002,0.020996,2048,,,empty,all,,,0,0,0.0,31,,0,1,,0,0,0,1788811936.9287987,0.0,0.0,0.0,0.0,0.0,0.0,0.0,0.0,,,,,,,,,,,,,,,,,,,1,,,,,,,,,,,,,,,,,
empty,,,93.6177236328125,191729.098,0,40401.758972,empty,19.61500707861328,19.3819885,23.555969,26.452026,2048,,,empty,all,,,7,35473,17.32080078125,32,,0,1,,0,0,0,1788811936.9809613,0.0,0.0,0.0,0.0,0.0,0.0,0.0,0.0,,,,,,,,,,,,,,,,,,,12,,,,,,,,,,,,,,,,,
empty,,,1269.4850263671874,2599905.334,1,226852.045959,empty,110.67919361523437,106.245972,127.377991,249.564026,2048,,,empty,all,,,2608,277990,135.7373046875,33,,0,1,,153200072,2505281662,278386,1788811937.2351794,110.18592839794921,42.92026090185547,105.1860646850586,0.020417248046875,0.4092406396484375,0.111219083984375,4.860657903808594,0.0,,,,,,,,,,,,,,,,,,,64,,,,,,,,,,,,,,,,,
empty,,,522.4697221679687,1070017.991,1,106677.412964,empty,52.01300271044922,50.062011999999996,64.125,72.110046,2048,,,empty,all,,,519,123683,60.39208984375,34,,0,1,,10340565,1020648917,122095,1788811937.361222,51.665300067871094,20.98831964550781,47.065201588378905,0.034722787109375,0.300241755859375,0.11662194677734375,4.467708754882812,0.0,,,,,,,,,,,,,,,,,,,32,,,,,,,,,,,,,,,,,
empty,,,926.86509375,1898219.712,0,414837.39502,empty,202.45468852978516,117.9140015,346.942993,1001.334045,2048,,,empty,all,,,4446,263669,128.74462890625,35,,1,1,,0,0,0,1788811937.8093672,0.0,0.0,0.0,0.0,0.0,0.0,0.0,0.0,,,,,,,,,,,,,,,,,,,64,,,,,,,,,,,,,,,,,
empty,,,16.5539453125,33902.48,0,20238.722046,empty,9.774124791015625,9.619019,11.130981,13.406006,2048,,,empty,all,,,1,10252,5.005859375,36,,0,1,,0,0,0,1788811937.8395298,0.0,0.0,0.0,0.0,0.0,0.0,0.0,0.0,,,,,,,,,,,,,,,,,,,4,,,,,,,,,,,,,,,,,
empty,,,172.16425,352592.384,0,50446.784973,empty,24.521723779296874,22.914001,29.015991,48.323975,2048,,,empty,all,,,21,47236,23.064453125,37,,1,1,,0,0,0,1788811937.9052339,0.0,0.0,0.0,0.0,0.0,0.0,0.0,0.0,,,,,,,,,,,,,,,,,,,16,,,,,,,,,,,,,,,,,
empty,,,43.9805419921875,90072.15,0,29050.825012,empty,14.079508967773437,13.4560245,18.085022,21.872009,2048,,,empty,all,,,7,20560,10.0390625,38,,0,1,,0,0,0,1788811937.9449708,0.0,0.0,0.0,0.0,0.0,0.0,0.0,0.0,,,,,,,,,,,,,,,,,,,8,,,,,,,,,,,,,,,,,
empty,,,36.6416513671875,75042.102,1,29450.420959,empty,14.3304615078125,13.356018,16.742004,24.367004,2048,,,empty,all,,,11,19259,9.40380859375,39,,1,1,,1196931,56873534,17211,1788811937.9872968,14.117151251464843,6.125508189941407,9.446577975097656,0.066910625,0.1232970673828125,0.0844751513671875,4.591233690917969,0.0,,,,,,,,,,,,,,,,,,,8,,,,,,,,,,,,,,,,,
empty,,,298.11927490234376,610548.275,0,85344.535034,empty,41.550617814453126,34.501983499999994,63.333008,149.881042,2048,,,empty,all,,,65,83117,40.58447265625,0,,1,2,,0,0,0,1788811938.08767,0.0,0.0,0.0,0.0,0.0,0.0,0.0,0.0,,,,,,,,,,,,,,,,,,,24,,,,,,,,,,,,,,,,,
empty,,,346.5908232421875,709818.006,1,77701.732971,empty,37.885202645996095,36.782043,46.339966,52.872986,2048,,,empty,all,,,22,83867,40.95068359375,1,,0,2,,1606688,671166441,81840,1788811938.1832738,37.56227123828125,15.95848134375,33.27717697802734,0.07013319921875,0.20134004541015624,0.09728289453125,4.182928976074218,0.0,,,,,,,,,,,,,,,,,,,24,,,,,,,,,,,,,,,,,
empty,,,0.063673828125,130.404,0,129.85199,empty,0.0179674189453125,0.02002,0.02002,0.020996,2048,,,empty,all,,,0,0,0.0,2,,1,2,,0,0,0,1788811938.191569,0.0,0.0,0.0,0.0,0.0,0.0,0.0,0.0,,,,,,,,,,,,,,,,,,,1,,,,,,,,,,,,,,,,,
empty,,,0.1467392578125,300.522,1,300.002991,empty,0.1037464736328125,0.100037,0.110962,0.111023,2048,,,empty,all,,,0,0,0.0,3,,0,2,,0,528008,0,1788811938.2016637,0.0646996123046875,0.0218094775390625,0.0218094775390625,0.021656391601562498,0.021656391601562498,0.021656391601562498,0.02123392919921875,0.0,,,,,,,,,,,,,,,,,,,1,,,,,,,,,,,,,,,,,
empty,,,93.1916396484375,190856.478,0,41911.851013,empty,20.358454588867186,20.1089785,24.22699,26.491028,2048,,,empty,all,,,3,38011,18.56005859375,4,,0,2,,0,0,0,1788811938.2552013,0.0,0.0,0.0,0.0,0.0,0.0,0.0,0.0,,,,,,,,,,,,,,,,,,,12,,,,,,,,,,,,,,,,,
empty,,,908.6168754882813,1860847.361,0,415605.987,empty,202.8366935673828,117.863495,336.633057,989.722046,2048,,,empty,all,,,4254,263985,128.89892578125,5,,1,2,,0,0,0,1788811938.7056859,0.0,0.0,0.0,0.0,0.0,0.0,0.0,0.0,,,,,,,,,,,,,,,,,,,64,,,,,,,,,,,,,,,,,
empty,,,498.51166943359374,1020951.899,0,101567.149048,empty,49.46401007714844,48.3134765,58.925049,69.36499,2048,,,empty,all,,,284,122870,59.9951171875,6,,0,2,,0,0,0,1788811938.8223507,0.0,0.0,0.0,0.0,0.0,0.0,0.0,0.0,,,,,,,,,,,,,,,,,,,32,,,,,,,,,,,,,,,,,
empty,,,1156.8192451171874,2369165.814,1,227311.880005,empty,110.90089013867187,104.6629945,124.922058,220.697998,2048,,,empty,all,,,2563,274073,133.82470703125,7,,0,2,,149236548,2272767555,274386,1788811939.0780056,110.35873985107422,43.874573134765626,104.0932549272461,0.02933062548828125,0.5099418349609375,0.14795690625,6.105688633789063,0.0,,,,,,,,,,,,,,,,,,,64,,,,,,,,,,,,,,,,,
empty,,,18.98786181640625,38887.141,0,22338.380005,empty,10.801584006835938,10.059021,13.506042,16.271973,2048,,,empty,all,,,2,10366,5.0615234375,8,,0,2,,0,0,0,1788811939.109639,0.0,0.0,0.0,0.0,0.0,0.0,0.0,0.0,,,,,,,,,,,,,,,,,,,4,,,,,,,,,,,,,,,,,
empty,,,174.35661767578125,357082.353,0,48115.227966,empty,23.3878694921875,23.11499,27.594055,30.759033,2048,,,empty,all,,,24,47139,23.01708984375,9,,0,2,,0,0,0,1788811939.168614,0.0,0.0,0.0,0.0,0.0,0.0,0.0,0.0,,,,,,,,,,,,,,,,,,,16,,,,,,,,,,,,,,,,,
empty,,,0.16092138671875,329.567,1,328.957947,empty,0.1146018427734375,0.110046,0.121033,0.160034,2048,,,empty,all,,,0,0,0.0,10,,1,2,,0,403495,0,1788811939.17832,0.07169081689453125,0.0249429599609375,0.0249429599609375,0.02354567041015625,0.02354567041015625,0.02354567041015625,0.02320246484375,0.0,,,,,,,,,,,,,,,,,,,1,,,,,,,,,,,,,,,,,
empty,,,83.67153466796876,171359.303,1,38767.455017,empty,18.876634518066407,16.5220035,21.420959,51.981018,2048,,,empty,all,,,10,32388,15.814453125,11,,1,2,,5278704,153788247,30340,1788811939.2301471,18.65543650488281,5.187441650390625,14.509517458984375,0.06536692919921874,0.1712478134765625,0.09239395166015625,4.060223022949219,0.0,,,,,,,,,,,,,,,,,,,12,,,,,,,,,,,,,,,,,
empty,,,166.214380859375,340407.052,0,47199.419006,empty,22.93087735595703,22.203003,26.932007,36.419983,2048,,,empty,all,,,28,47385,23.13720703125,12,,1,2,,0,0,0,1788811939.2889445,0.0,0.0,0.0,0.0,0.0,0.0,0.0,0.0,,,,,,,,,,,,,,,,,,,16,,,,,,,,,,,,,,,,,
empty,,,69.12307421875,141564.056,1,32477.139038,empty,15.802566740722657,13.846985,22.083008,25.028992,2048,,,empty,all,,,17,32288,15.765625,13,,0,2,,1041898,124576815,30251,1788811939.3343382,15.623683627929687,5.4923606245117185,11.885732650878905,0.0699641142578125,0.11036163818359375,0.08578767919921874,3.6507489658203123,0.0,,,,,,,,,,,,,,,,,,,12,,,,,,,,,,,,,,,,,
empty,,,1052.1928178710937,2154890.891,0,252090.65802,empty,122.94495335546875,111.236023,149.960999,299.502014,2048,,,empty,all,,,1772,277206,135.3544921875,14,,0,2,,0,0,0,1788811939.6099792,0.0,0.0,0.0,0.0,0.0,0.0,0.0,0.0,,,,,,,,,,,,,,,,,,,64,,,,,,,,,,,,,,,,,
empty,,,486.073087890625,995477.684,1,413527.260986,empty,201.81925579296876,54.800995,824.661011,2990.387024,2048,,,empty,all,,,581,120312,58.74609375,15,,1,2,,439080257,944042523,118280,1788811940.0646787,201.44064834228516,22.977063955078126,196.37369796191408,0.03709212060546875,0.24560309423828125,0.10082238134765625,4.969983961914062,0.0,,,,,,,,,,,,,,,,,,,32,,,,,,,,,,,,,,,,,
empty,,,481.03568017578124,985161.073,1,107682.114014,empty,52.50604308251953,49.640991,62.281006,129.029968,2048,,,empty,all,,,301,123195,60.15380859375,16,,0,2,,12901423,935357303,121414,1788811940.19046,52.160990362792965,21.250819557128906,47.567261131835934,0.04020893505859375,0.39795924072265626,0.14210465625,4.4590026411132815,0.0,,,,,,,,,,,,,,,,,,,32,,,,,,,,,,,,,,,,,
empty,,,37.47890576171875,76756.799,1,28825.146973,empty,14.024177666015625,13.305999499999999,17.844971,22.783997,2048,,,empty,all,,,4,19385,9.46533203125,17,,0,2,,100759,57842680,17341,1788811940.232741,13.806310805664063,6.367817704589844,9.166243110839844,0.07135630322265625,0.125103025390625,0.0868451171875,4.556804040527344,0.0,,,,,,,,,,,,,,,,,,,8,,,,,,,,,,,,,,,,,
empty,,,19.71584814453125,40378.057,1,22871.875977,empty,11.117113086425782,10.610962,12.794006,15.940979,2048,,,empty,all,,,0,10366,5.0615234375,18,,1,2,,472846,27476934,8318,1788811940.2692194,10.9264841640625,4.941289662109375,6.290618024902344,0.0711282685546875,0.1100686630859375,0.0854625703125,4.553993630859375,0.0,,,,,,,,,,,,,,,,,,,4,,,,,,,,,,,,,,,,,
empty,,,17.5328837890625,35907.346,1,21061.931946,empty,10.228538171875,9.898987,12.212952,15.179993,2048,,,empty,all,,,2,10262,5.0107421875,19,,0,2,,12161,24156701,8214,1788811940.301902,10.092561092285155,3.7835444853515625,5.6386454423828125,0.07072826806640625,0.08388725732421876,0.07690210888671875,4.377123920898438,0.0,,,,,,,,,,,,,,,,,,,4,,,,,,,,,,,,,,,,,
empty,,,891.7594697265625,1826323.394,1,517051.208984,empty,252.37202392626952,131.530487,731.371033,1949.416016,2048,,,empty,all,,,4371,262285,128.06884765625,20,,1,2,,687832740,1730029738,263590,1788811940.8578467,251.83606788867186,47.100068813964846,246.61507907470704,0.02237771728515625,0.5520985478515625,0.10521617529296876,5.0828758671875,0.0,,,,,,,,,,,,,,,,,,,64,,,,,,,,,,,,,,,,,
empty,,,7.65933154296875,15686.311,0,11759.515991,empty,5.651370779296875,5.721008,5.992004,7.60498,2048,,,empty,all,,,0,6144,3.0,21,,1,2,,0,0,0,1788811940.8791175,0.0,0.0,0.0,0.0,0.0,0.0,0.0,0.0,,,,,,,,,,,,,,,,,,,2,,,,,,,,,,,,,,,,,
empty,,,37.88774755859375,77594.107,0,30730.497009,empty,14.904793165527344,12.975037,17.894958,33.736023,2048,,,empty,all,,,2,19470,9.5068359375,22,,1,2,,0,0,0,1788811940.9221919,0.0,0.0,0.0,0.0,0.0,0.0,0.0,0.0,,,,,,,,,,,,,,,,,,,8,,,,,,,,,,,,,,,,,
empty,,,38.41433056640625,78672.549,0,27330.595032,empty,13.236768461914062,12.3384705,17.695007,21.983032,2048,,,empty,all,,,2,19786,9.6611328125,23,,0,2,,0,0,0,1788811940.9590864,0.0,0.0,0.0,0.0,0.0,0.0,0.0,0.0,,,,,,,,,,,,,,,,,,,8,,,,,,,,,,,,,,,,,
empty,,,332.607625,681180.416,0,75619.088013,empty,36.79962491015625,35.263519,44.94696,53.574036,2048,,,empty,all,,,30,83390,40.7177734375,24,,0,2,,0,0,0,1788811941.0506177,0.0,0.0,0.0,0.0,0.0,0.0,0.0,0.0,,,,,,,,,,,,,,,,,,,24,,,,,,,,,,,,,,,,,
empty,,,36.82123095703125,75409.881,1,27567.143982,empty,13.41423394921875,12.88501,16.020996,17.653992,2048,,,empty,all,,,0,19399,9.47216796875,25,,1,2,,96835,57902166,17351,1788811941.0903335,13.198324672851562,5.919212888671875,8.736853904296876,0.0627655849609375,0.08239091259765625,0.07393967041015626,4.39378037890625,0.0,,,,,,,,,,,,,,,,,,,8,,,,,,,,,,,,,,,,,
empty,,,861.5309409179688,1764415.367,0,164263.703003,empty,80.0902762602539,77.866486,93.942993,110.835022,2048,,,empty,all,,,847,201558,98.4169921875,26,,0,2,,0,0,0,1788811941.275015,0.0,0.0,0.0,0.0,0.0,0.0,0.0,0.0,,,,,,,,,,,,,,,,,,,48,,,,,,,,,,,,,,,,,
empty,,,221.94229443359376,454537.819,1,62107.480042,empty,30.27255185449219,26.270996,34.536987,86.598022,2048,,,empty,all,,,31,46730,22.8173828125,27,,1,2,,9127568,428097191,44688,1788811941.3562691,30.027321871582032,9.698889126464843,25.857044098632812,0.066302583984375,0.08894028662109375,0.077792693359375,4.09241855078125,0.0,,,,,,,,,,,,,,,,,,,16,,,,,,,,,,,,,,,,,
empty,,,295.8233779296875,605846.278,1,133706.602051,empty,65.20772489111329,34.677002,120.203003,741.159973,2048,,,empty,all,,,133,83716,40.876953125,28,,1,2,,81499840,567553541,81675,1788811941.5129244,64.88414395263672,15.7011377890625,60.24237523779297,0.063567859375,0.22763626953125,0.1057238330078125,4.550857216796875,0.0,,,,,,,,,,,,,,,,,,,24,,,,,,,,,,,,,,,,,
empty,,,156.52756201171874,320568.447,1,52836.366028,empty,25.724125541503906,25.088989,31.281006,40.609009,2048,,,empty,all,,,6,51948,25.365234375,29,,0,2,,451900,289721531,49902,1788811941.5811956,25.432739942382813,11.936977030273438,20.818313689453124,0.07484029736328125,0.22853330810546874,0.11352813623046876,4.515810904296875,0.0,,,,,,,,,,,,,,,,,,,16,,,,,,,,,,,,,,,,,
empty,,,682.6840009765625,1398136.834,1,305953.557007,empty,149.30108568164061,80.79702800000001,297.738037,1003.247986,2048,,,empty,all,,,3218,193652,94.556640625,30,,1,2,,399701801,1325519539,194019,1788811941.9741538,148.84487625683593,34.14919742529297,144.17300527490235,0.0199688349609375,0.25917097509765624,0.06655418603515625,4.611687279785157,0.0,,,,,,,,,,,,,,,,,,,48,,,,,,,,,,,,,,,,,
empty,,,834.9160688476562,1709908.109,1,169442.859985,empty,82.64835496240234,80.3559875,95.325012,110.434021,2048,,,empty,all,,,779,203523,99.37646484375,31,,0,2,,58985168,1634504864,202169,1788811942.1672869,82.18908837011719,33.40934464746094,77.22970957666016,0.02033881103515625,0.40234352490234376,0.10509155322265624,4.823711937988281,0.0,,,,,,,,,,,,,,,,,,,48,,,,,,,,,,,,,,,,,
empty,,,89.0049033203125,182282.042,0,38271.460999,empty,18.574828801757814,17.324036,22.973999,52.072021,2048,,,empty,all,,,31,33413,16.31494140625,32,,1,2,,0,0,0,1788811942.2194097,0.0,0.0,0.0,0.0,0.0,0.0,0.0,0.0,,,,,,,,,,,,,,,,,,,12,,,,,,,,,,,,,,,,,
empty,,,0.06541015625,133.96,0,133.328979,empty,0.018944427734374998,0.02002,0.02002,0.020996,2048,,,empty,all,,,0,0,0.0,33,,0,2,,0,0,0,1788811942.2278783,0.0,0.0,0.0,0.0,0.0,0.0,0.0,0.0,,,,,,,,,,,,,,,,,,,1,,,,,,,,,,,,,,,,,
empty,,,459.96474755859373,942007.803,0,139125.525024,empty,67.84193131298828,46.149506,143.979004,296.495972,2048,,,empty,all,,,539,117272,57.26171875,34,,1,2,,0,0,0,1788811942.3877125,0.0,0.0,0.0,0.0,0.0,0.0,0.0,0.0,,,,,,,,,,,,,,,,,,,32,,,,,,,,,,,,,,,,,
empty,,,8.00185791015625,16387.805,1,11685.471985,empty,5.654396907714844,5.4150085,6.472046,7.674988,2048,,,empty,all,,,0,6144,3.0,35,,1,2,,75461,10106835,4096,1788811942.4113088,5.5884771850585935,2.57375687890625,2.8250311806640624,0.0264627119140625,0.0527958427734375,0.0396292275390625,2.711180487792969,0.0,,,,,,,,,,,,,,,,,,,2,,,,,,,,,,,,,,,,,
empty,,,661.7141513671875,1355190.582,0,248238.857971,empty,121.13549319238281,76.29303,225.688049,527.664001,2048,,,empty,all,,,3065,193187,94.32958984375,36,,1,2,,0,0,0,1788811942.6880937,0.0,0.0,0.0,0.0,0.0,0.0,0.0,0.0,,,,,,,,,,,,,,,,,,,48,,,,,,,,,,,,,,,,,
empty,,,19.02861669921875,38970.607,0,21750.348022,empty,10.51802170263672,10.190002,13.295959,14.528992,2048,,,empty,all,,,1,10446,5.1005859375,37,,1,2,,0,0,0,1788811942.719723,0.0,0.0,0.0,0.0,0.0,0.0,0.0,0.0,,,,,,,,,,,,,,,,,,,4,,,,,,,,,,,,,,,,,
empty,,,10.87576123046875,22273.559,0,18384.020996,empty,8.87551671923828,8.776978,9.598022,11.010986,2048,,,empty,all,,,1,6144,3.0,38,,0,2,,0,0,0,1788811942.7473614,0.0,0.0,0.0,0.0,0.0,0.0,0.0,0.0,,,,,,,,,,,,,,,,,,,2,,,,,,,,,,,,,,,,,
empty,,,11.98908935546875,24553.655,1,19951.804993,empty,9.6875289609375,9.268005,10.359985,12.384033,2048,,,empty,all,,,1,6144,3.0,39,,0,2,,3657,14063848,4096,1788811942.7793167,9.554366696289062,4.452087813476562,4.648303061035156,0.07363826953125,0.0796975498046875,0.076667970703125,4.8288876679687505,0.0,,,,,,,,,,,,,,,,,,,2,,,,,,,,,,,,,,,,,
empty,,,301.6663706054687,617812.727,0,93508.678955,empty,45.568130671875,33.525024,99.834045,114.182007,2048,,,empty,all,,,314,82548,40.306640625,0,,1,3,,0,0,0,1788811942.8874872,0.0,0.0,0.0,0.0,0.0,0.0,0.0,0.0,,,,,,,,,,,,,,,,,,,24,,,,,,,,,,,,,,,,,
empty,,,762.9820205078125,1562587.178,0,166771.822021,empty,81.31107679541016,76.958984,98.080994,129.452026,2048,,,empty,all,,,751,200943,98.11669921875,1,,0,3,,0,0,0,1788811943.074618,0.0,0.0,0.0,0.0,0.0,0.0,0.0,0.0,,,,,,,,,,,,,,,,,,,48,,,,,,,,,,,,,,,,,
empty,,,0.1602705078125,328.234,1,327.71698,empty,0.11063314208984375,0.109985,0.119995,0.219971,2048,,,empty,all,,,0,0,0.0,2,,0,3,,0,667348,0,1788811943.0846894,0.06898766552734376,0.0232651796875,0.0232651796875,0.02301107373046875,0.02301107373046875,0.02301107373046875,0.0227116630859375,0.0,,,,,,,,,,,,,,,,,,,1,,,,,,,,,,,,,,,,,
empty,,,18.25908251953125,37394.601,1,21536.973022,empty,10.46653144921875,10.280029,11.742981,14.417969,2048,,,empty,all,,,0,10256,5.0078125,3,,0,3,,39654,25163652,8208,1788811943.1179662,10.278248923828125,4.005017905761719,5.782504590332032,0.0714098466796875,0.08240875,0.0772649677734375,4.418199588378906,0.0,,,,,,,,,,,,,,,,,,,4,,,,,,,,,,,,,,,,,
empty,,,648.4156748046875,1327955.302,1,244957.906006,empty,119.52194369287109,78.20700049999999,230.899048,594.914978,2048,,,empty,all,,,2994,191832,93.66796875,4,,1,3,,245843496,1255265189,191952,1788811943.3947,119.09855443261719,33.28156536816406,114.43404982080078,0.02163794677734375,0.379165064453125,0.1005986171875,4.584659461425781,0.0,,,,,,,,,,,,,,,,,,,48,,,,,,,,,,,,,,,,,
empty,,,43.28767578125,88653.16,1,31670.912964,empty,15.416775760253906,13.54599,18.065002,21.521973,2048,,,empty,all,,,3,20235,9.88037109375,5,,0,3,,2700211,71836917,18189,1788811943.4393494,15.201274720214844,5.286401431640625,10.798462334960938,0.07029126611328125,0.14682644384765625,0.08999676123046875,4.3132643227539065,0.0,,,,,,,,,,,,,,,,,,,8,,,,,,,,,,,,,,,,,
empty,,,311.3337197265625,637611.458,1,75454.869995,empty,36.782868615722656,36.3349915,43.454041,48.865051,2048,,,empty,all,,,25,85188,41.595703125,6,,0,3,,901929,598466819,83162,1788811943.5320349,36.454913318359374,16.068937541503907,32.028726690429686,0.07355147509765625,0.28750577783203124,0.1277297197265625,4.309113085449218,0.0,,,,,,,,,,,,,,,,,,,24,,,,,,,,,,,,,,,,,
empty,,,322.6623061523438,660812.403,0,70421.404968,empty,34.26829382763672,33.644989,40.699036,46.128967,2048,,,empty,all,,,18,81402,39.7470703125,7,,0,3,,0,0,0,1788811943.6155362,0.0,0.0,0.0,0.0,0.0,0.0,0.0,0.0,,,,,,,,,,,,,,,,,,,24,,,,,,,,,,,,,,,,,
empty,,,1229.0452749023439,2517084.723,0,222543.307983,empty,108.55676555566406,105.00799549999999,125.823975,168.857971,2048,,,empty,all,,,1883,277852,135.669921875,8,,0,3,,0,0,0,1788811943.8616543,0.0,0.0,0.0,0.0,0.0,0.0,0.0,0.0,,,,,,,,,,,,,,,,,,,64,,,,,,,,,,,,,,,,,
empty,,,167.42793994140624,342892.421,1,50910.966003,empty,24.798139896484376,24.422516,30.348999,34.477051,2048,,,empty,all,,,65,50809,24.80908203125,9,,0,3,,1022975,315375954,48816,1788811943.9268844,24.547316286621093,10.395365889160157,20.424947560058595,0.07093643798828125,0.2139425771484375,0.10631994580078125,4.027691546875,0.0,,,,,,,,,,,,,,,,,,,16,,,,,,,,,,,,,,,,,
empty,,,909.63821484375,1862939.064,1,362540.184998,empty,176.93770184228515,110.464508,322.366028,550.227966,2048,,,empty,all,,,4111,261858,127.8603515625,10,,1,3,,412148107,1769680880,262873,1788811944.32538,176.38947240576172,45.608723849609376,171.60075326074218,0.0227218447265625,0.4136237060546875,0.10211716943359375,4.694596771972656,0.0,,,,,,,,,,,,,,,,,,,64,,,,,,,,,,,,,,,,,
empty,,,28.87941796875,59145.048,0,18780.280029,empty,9.070392658691405,8.185974,11.000977,19.347961,2048,,,empty,all,,,4,20174,9.8505859375,11,,1,3,,0,0,0,1788811944.3533857,0.0,0.0,0.0,0.0,0.0,0.0,0.0,0.0,,,,,,,,,,,,,,,,,,,8,,,,,,,,,,,,,,,,,
empty,,,11.573990234375,23703.532,0,19084.671021,empty,9.215872558105469,9.057983,10.330017,12.623962,2048,,,empty,all,,,0,6145,3.00048828125,12,,1,3,,0,0,0,1788811944.3822222,0.0,0.0,0.0,0.0,0.0,0.0,0.0,0.0,,,,,,,,,,,,,,,,,,,2,,,,,,,,,,,,,,,,,
empty,,,522.8785458984376,1070855.262,1,104828.901978,empty,51.11075327392578,49.416016,59.745972,72.820984,2048,,,empty,all,,,213,122278,59.7060546875,13,,0,3,,10010674,1022137295,120412,1788811944.505655,50.768774200683595,20.560627913085938,46.195380210449215,0.02821378125,0.2689570107421875,0.10245634228515625,4.460741995605469,0.0,,,,,,,,,,,,,,,,,,,32,,,,,,,,,,,,,,,,,
empty,,,90.314279296875,184963.644,1,38582.055054,empty,18.784189692871095,17.484009,22.653992,36.02002,2048,,,empty,all,,,11,33586,16.3994140625,14,,1,3,,4491154,166996688,31537,1788811944.5576112,18.562753290039062,5.068604480957031,14.295151471679688,0.06753753076171874,0.09096178125,0.0776817724609375,4.1892813427734374,0.0,,,,,,,,,,,,,,,,,,,12,,,,,,,,,,,,,,,,,
empty,,,0.184681640625,378.228,1,377.473022,empty,0.13231638818359376,0.111023,0.169983,0.209961,2048,,,empty,all,,,0,0,0.0,15,,1,3,,0,725017,0,1788811944.5686235,0.08246987109375,0.02779841162109375,0.02779841162109375,0.02764126513671875,0.02764126513671875,0.02764126513671875,0.02702993017578125,0.0,,,,,,,,,,,,,,,,,,,1,,,,,,,,,,,,,,,,,
empty,,,81.96455810546875,167863.415,0,33328.162048,empty,16.159507188964845,16.010986,19.747986,22.03302,2048,,,empty,all,,,0,32591,15.91357421875,16,,1,3,,0,0,0,1788811944.6130364,0.0,0.0,0.0,0.0,0.0,0.0,0.0,0.0,,,,,,,,,,,,,,,,,,,12,,,,,,,,,,,,,,,,,
empty,,,299.28222314453126,612929.993,1,95644.617004,empty,46.622889967285154,32.9035035,102.018005,246.329041,2048,,,empty,all,,,370,82090,40.0830078125,17,,1,3,,33313593,579610533,80062,1788811944.7262847,46.39677268505859,14.00823226513672,41.912529890625,0.04844904052734375,0.2220158427734375,0.10499486962890625,4.391982706054687,0.0,,,,,,,,,,,,,,,,,,,24,,,,,,,,,,,,,,,,,
empty,,,18.66263330078125,38221.073,0,21473.571045,empty,10.392231465820313,10.01947,12.725037,15.660034,2048,,,empty,all,,,2,10338,5.0478515625,18,,0,3,,0,0,0,1788811944.7566447,0.0,0.0,0.0,0.0,0.0,0.0,0.0,0.0,,,,,,,,,,,,,,,,,,,4,,,,,,,,,,,,,,,,,
empty,,,30.0931689453125,61630.81,1,18758.979004,empty,9.110534730957031,8.456482000000001,11.140991,12.083984,2048,,,empty,all,,,0,20137,9.83251953125,19,,1,3,,86684,52622907,18089,1788811944.7872388,8.97943247314453,3.0979706381835936,5.787015399414063,0.0623373779296875,0.10380149560546875,0.08132497119140625,3.1184190336914064,0.0,,,,,,,,,,,,,,,,,,,8,,,,,,,,,,,,,,,,,
empty,,,0.06862939453125,140.553,0,140.001953,empty,0.01771376513671875,0.02002,0.02002,0.020996,2048,,,empty,all,,,0,0,0.0,20,,1,3,,0,0,0,1788811944.795633,0.0,0.0,0.0,0.0,0.0,0.0,0.0,0.0,,,,,,,,,,,,,,,,,,,1,,,,,,,,,,,,,,,,,
empty,,,808.0097104492188,1654803.887,1,168735.645996,empty,82.29735741259766,76.684021,98.612,223.453979,2048,,,empty,all,,,1861,199670,97.4951171875,21,,0,3,,54459787,1582556395,199248,1788811944.988374,81.83108165771485,32.268100466796874,76.8327575288086,0.029307580078125,0.4823556875,0.14796860302734374,4.837933919921875,0.0,,,,,,,,,,,,,,,,,,,48,,,,,,,,,,,,,,,,,
empty,,,13.73934228515625,28138.173,1,14478.988037,empty,7.0213188862304685,6.062012,10.059998,17.805054,2048,,,empty,all,,,153,10594,5.1728515625,22,,1,3,,764893,20864926,8545,1788811945.0136733,6.939349629394531,2.9552139013671876,4.064468125488281,0.03393620751953125,0.08659659912109376,0.06424242822265624,2.7967047490234376,0.0,,,,,,,,,,,,,,,,,,,4,,,,,,,,,,,,,,,,,
empty,,,110.57491748046876,226457.431,1,43946.051025,empty,21.404413464355468,20.630005,24.627991,27.572998,2048,,,empty,all,,,21,34549,16.86962890625,23,,0,3,,972282,201623102,32513,1788811945.0707364,21.15229526074219,8.663683504882812,16.438737272460937,0.0732685439453125,0.20232616259765626,0.10762679150390625,4.620763444335937,0.0,,,,,,,,,,,,,,,,,,,12,,,,,,,,,,,,,,,,,
empty,,,161.9374921875,331647.984,0,47180.612,empty,22.920791268066406,22.45401,28.574951,34.015991,2048,,,empty,all,,,46,50334,24.5771484375,24,,0,3,,0,0,0,1788811945.1291895,0.0,0.0,0.0,0.0,0.0,0.0,0.0,0.0,,,,,,,,,,,,,,,,,,,16,,,,,,,,,,,,,,,,,
empty,,,477.441408203125,977800.004,0,104098.354004,empty,50.69990453369141,47.221985,60.627991,73.232056,2048,,,empty,all,,,163,121122,59.1416015625,25,,0,3,,0,0,0,1788811945.2498176,0.0,0.0,0.0,0.0,0.0,0.0,0.0,0.0,,,,,,,,,,,,,,,,,,,32,,,,,,,,,,,,,,,,,
empty,,,30.39832763671875,62255.775,0,22953.493958,empty,11.109280315429688,10.6009825,13.666016,17.052979,2048,,,empty,all,,,1,18789,9.17431640625,26,,0,3,,0,0,0,1788811945.2828176,0.0,0.0,0.0,0.0,0.0,0.0,0.0,0.0,,,,,,,,,,,,,,,,,,,8,,,,,,,,,,,,,,,,,
empty,,,1224.9859702148437,2508771.267,1,243228.156982,empty,118.66538563378906,110.19897449999999,141.63501,219.687012,2048,,,empty,all,,,2596,279394,136.4228515625,27,,0,3,,189866577,2406420644,279801,1788811945.5564907,118.10893864501953,46.41742595507812,112.44549577734375,0.020493603515625,0.3746525244140625,0.104061341796875,5.539153132324219,0.0,,,,,,,,,,,,,,,,,,,64,,,,,,,,,,,,,,,,,
empty,,,663.5537451171875,1358958.07,0,318747.822998,empty,155.52800964746095,84.699524,318.308044,1004.520996,2048,,,empty,all,,,3287,193288,94.37890625,28,,1,3,,0,0,0,1788811945.927379,0.0,0.0,0.0,0.0,0.0,0.0,0.0,0.0,,,,,,,,,,,,,,,,,,,48,,,,,,,,,,,,,,,,,
empty,,,438.536890625,898123.552,0,143981.676025,empty,70.22068661279297,45.4029845,142.515991,303.609985,2048,,,empty,all,,,490,117784,57.51171875,29,,1,3,,0,0,0,1788811946.0940044,0.0,0.0,0.0,0.0,0.0,0.0,0.0,0.0,,,,,,,,,,,,,,,,,,,32,,,,,,,,,,,,,,,,,
empty,,,508.4234443359375,1041251.214,1,143868.895996,empty,70.16552707373047,48.078002999999995,143.388977,253.062012,2048,,,empty,all,,,408,117793,57.51611328125,30,,1,3,,50038601,995623526,115750,1788811946.2623315,69.85190847314453,20.332213462890625,65.1578900703125,0.03612974169921875,0.21721112207031248,0.094446154296875,4.5973473251953125,0.0,,,,,,,,,,,,,,,,,,,32,,,,,,,,,,,,,,,,,
empty,,,11.10065869140625,22734.149,1,19432.806946,empty,9.439097341308594,9.177979,10.401001,13.144958,2048,,,empty,all,,,0,6144,3.0,31,,0,3,,13435,12929886,4096,1788811946.2934616,9.319678534179687,3.547483560058594,4.8288197504882815,0.073266642578125,0.08011793798828125,0.0766923193359375,4.417274770996094,0.0,,,,,,,,,,,,,,,,,,,2,,,,,,,,,,,,,,,,,
empty,,,0.05756884765625,117.901,0,117.357971,empty,0.0171781630859375,0.019958,0.02002,0.020996,2048,,,empty,all,,,0,0,0.0,32,,0,3,,0,0,0,1788811946.3026633,0.0,0.0,0.0,0.0,0.0,0.0,0.0,0.0,,,,,,,,,,,,,,,,,,,1,,,,,,,,,,,,,,,,,
empty,,,865.6052114257812,1772759.473,0,382044.200012,empty,186.45611715625,111.306,319.559998,643.940002,2048,,,empty,all,,,3891,262422,128.1357421875,33,,1,3,,0,0,0,1788811946.7219646,0.0,0.0,0.0,0.0,0.0,0.0,0.0,0.0,,,,,,,,,,,,,,,,,,,64,,,,,,,,,,,,,,,,,
empty,,,179.28468359375,367175.032,0,50344.686951,empty,24.468283415039064,23.25,29.387024,40.578003,2048,,,empty,all,,,1,48061,23.46728515625,34,,1,3,,0,0,0,1788811946.7864783,0.0,0.0,0.0,0.0,0.0,0.0,0.0,0.0,,,,,,,,,,,,,,,,,,,16,,,,,,,,,,,,,,,,,
empty,,,175.46044677734375,359342.995,1,53050.631958,empty,25.840190694335938,23.214996499999998,29.577026,72.05896,2048,,,empty,all,,,11,47144,23.01953125,35,,1,3,,6160361,333200425,45100,1788811946.855024,25.590072997070312,9.5319369140625,21.475720196777345,0.06151630908203125,0.2014925048828125,0.09836827587890624,4.030568818847656,0.0,,,,,,,,,,,,,,,,,,,16,,,,,,,,,,,,,,,,,
empty,,,18.96047607421875,38831.055,0,22695.021973,empty,10.973198162109375,10.51001,13.505981,15.811035,2048,,,empty,all,,,0,10441,5.09814453125,36,,1,3,,0,0,0,1788811946.8878891,0.0,0.0,0.0,0.0,0.0,0.0,0.0,0.0,,,,,,,,,,,,,,,,,,,4,,,,,,,,,,,,,,,,,
empty,,,10.875826171875,22273.692,0,18597.986023,empty,8.980912631835938,8.777039,10.150024,12.192993,2048,,,empty,all,,,0,6144,3.0,37,,0,3,,0,0,0,1788811946.9160466,0.0,0.0,0.0,0.0,0.0,0.0,0.0,0.0,,,,,,,,,,,,,,,,,,,2,,,,,,,,,,,,,,,,,
empty,,,92.8673916015625,190192.418,0,42284.364014,empty,20.537799063964844,19.73349,24.256958,28.325012,2048,,,empty,all,,,7,36473,17.80908203125,38,,0,3,,0,0,0,1788811946.969901,0.0,0.0,0.0,0.0,0.0,0.0,0.0,0.0,,,,,,,,,,,,,,,,,,,12,,,,,,,,,,,,,,,,,
empty,,,8.88448779296875,18195.431,1,12781.551025,empty,6.191190033203125,6.162048,6.393005,7.585022,2048,,,empty,all,,,0,6144,3.0,39,,1,3,,24005,11014069,4096,1788811946.9939399,6.113638983886719,2.8354665688476564,3.060637219238281,0.03049929833984375,0.07587252099609375,0.05318586474609375,3.0197442392578124,0.0,,,,,,,,,,,,,,,,,,,2,,,,,,,,,,,,,,,,,
empty,,,195.96810400390626,401342.677,0,53982.742004,empty,26.23756398095703,24.3169865,29.897949,43.294006,2048,,,empty,all,,,0,47891,23.38427734375,0,,1,4,,0,0,0,1788811947.0621421,0.0,0.0,0.0,0.0,0.0,0.0,0.0,0.0,,,,,,,,,,,,,,,,,,,16,,,,,,,,,,,,,,,,,
empty,,,1173.6158916015625,2403565.346,0,215363.835999,empty,105.05472356640625,100.925995,123.088989,180.921021,2048,,,empty,all,,,1841,275339,134.44287109375,1,,0,4,,0,0,0,1788811947.3005965,0.0,0.0,0.0,0.0,0.0,0.0,0.0,0.0,,,,,,,,,,,,,,,,,,,64,,,,,,,,,,,,,,,,,
empty,,,495.84397509765626,1015488.461,1,151307.730957,empty,73.80051942578125,48.229004,147.836975,326.644043,2048,,,empty,all,,,535,117872,57.5546875,2,,1,4,,61524076,968619019,115844,1788811947.474529,73.4777982944336,20.839463501464845,68.78209597119141,0.03593995751953125,0.21840674902343749,0.09572663818359375,4.597765799316406,0.0,,,,,,,,,,,,,,,,,,,32,,,,,,,,,,,,,,,,,
empty,,,11.08959228515625,22711.485,0,18520.666992,empty,8.945597404296874,8.837036,11.111023,13.97699,2048,,,empty,all,,,39,6180,3.017578125,3,,1,4,,0,0,0,1788811947.5029223,0.0,0.0,0.0,0.0,0.0,0.0,0.0,0.0,,,,,,,,,,,,,,,,,,,2,,,,,,,,,,,,,,,,,
empty,,,0.14901904296875,305.191,1,304.642029,empty,0.10532361669921875,0.109985,0.111023,0.111023,2048,,,empty,all,,,0,0,0.0,4,,0,4,,0,759701,0,1788811947.5135708,0.065633251953125,0.02217508056640625,0.02217508056640625,0.02187513134765625,0.02187513134765625,0.02187513134765625,0.0215832470703125,0.0,,,,,,,,,,,,,,,,,,,1,,,,,,,,,,,,,,,,,
empty,,,28.5991728515625,58571.106,0,19198.182007,empty,9.270119847167969,8.226013,11.091003,28.716003,2048,,,empty,all,,,26,20214,9.8701171875,5,,1,4,,0,0,0,1788811947.5429225,0.0,0.0,0.0,0.0,0.0,0.0,0.0,0.0,,,,,,,,,,,,,,,,,,,8,,,,,,,,,,,,,,,,,
empty,,,101.798294921875,208482.908,1,46202.161987,empty,22.49845889501953,19.227020500000002,27.482971,65.617981,2048,,,empty,all,,,60,34353,16.77392578125,6,,1,4,,6866396,186029902,32306,1788811947.6054435,22.279801276367188,7.640540150878906,17.839166169921874,0.059088232421875,0.1935301708984375,0.0977212470703125,4.360389920898437,0.0,,,,,,,,,,,,,,,,,,,12,,,,,,,,,,,,,,,,,
empty,,,1169.8641997070313,2395881.881,1,227709.039001,empty,111.08712860595703,104.993958,131.635986,180.019958,2048,,,empty,all,,,1736,274619,134.09130859375,7,,0,4,,141565116,2295977176,274200,1788811947.8613737,110.53797530908203,45.224229303710935,104.9208580234375,0.02814175439453125,0.46038427490234374,0.13629185400390625,5.478224043457031,0.0,,,,,,,,,,,,,,,,,,,64,,,,,,,,,,,,,,,,,
empty,,,7.8372470703125,16050.682,1,11547.44397,empty,5.585981775878906,5.481018,6.041992,6.963013,2048,,,empty,all,,,1,6145,3.00048828125,8,,1,4,,72085,9948436,4097,1788811947.8835576,5.516415783203125,2.52647975,2.7803849912109375,0.02429695849609375,0.046190626953125,0.03524374072265625,2.690733203125,0.0,,,,,,,,,,,,,,,,,,,2,,,,,,,,,,,,,,,,,
empty,,,698.746294921875,1431032.412,1,241137.31604,empty,117.6676489921875,76.353516,223.493958,495.492004,2048,,,empty,all,,,3176,192416,93.953125,9,,1,4,,260424646,1361608636,192809,1788811948.155724,117.2544265727539,32.42592558154297,112.77978662255859,0.0199736318359375,0.29739460986328126,0.0718781259765625,4.409509627929688,0.0,,,,,,,,,,,,,,,,,,,48,,,,,,,,,,,,,,,,,
empty,,,175.8597119140625,360160.69,1,54926.394043,empty,26.761243739746092,26.130493,32.802979,35.499023,2048,,,empty,all,,,19,51100,24.951171875,10,,0,4,,616237,328400970,49065,1788811948.2255337,26.505661247558592,11.669662807617188,21.998420440429687,0.06840375634765625,0.12872213916015626,0.08661939892578124,4.418991471191406,0.0,,,,,,,,,,,,,,,,,,,16,,,,,,,,,,,,,,,,,
empty,,,645.9300712890625,1322864.786,0,251347.362976,empty,122.64035734814453,76.333008,226.049011,582.841003,2048,,,empty,all,,,2856,192534,94.0107421875,11,,1,4,,0,0,0,1788811948.5003989,0.0,0.0,0.0,0.0,0.0,0.0,0.0,0.0,,,,,,,,,,,,,,,,,,,48,,,,,,,,,,,,,,,,,
empty,,,320.6064892578125,656602.09,1,74390.261963,empty,36.27007043310547,36.049988,40.958984,43.68396,2048,,,empty,all,,,20,85039,41.52294921875,12,,0,4,,485795,618295462,83011,1788811948.5913973,35.93220348388672,15.678627013671875,31.69317171777344,0.07066384375,0.2129112470703125,0.09823399755859374,4.133999100585937,0.0,,,,,,,,,,,,,,,,,,,24,,,,,,,,,,,,,,,,,
empty,,,18.28975146484375,37457.411,1,21706.874023,empty,10.549714836914063,10.200012,11.322021,14.286987,2048,,,empty,all,,,1,10284,5.021484375,13,,0,4,,348703,25554653,8236,1788811948.6255524,10.371056080566406,3.970684742675781,5.855415282226563,0.07129017578124999,0.10301704833984375,0.08249936279296875,4.426745408691406,0.0,,,,,,,,,,,,,,,,,,,4,,,,,,,,,,,,,,,,,
empty,,,18.6298193359375,38153.87,0,21114.593018,empty,10.214246738769532,9.958984,12.914978,13.916992,2048,,,empty,all,,,0,10475,5.11474609375,14,,1,4,,0,0,0,1788811948.6563199,0.0,0.0,0.0,0.0,0.0,0.0,0.0,0.0,,,,,,,,,,,,,,,,,,,4,,,,,,,,,,,,,,,,,
empty,,,502.85921875,1029855.68,0,127423.741028,empty,62.14362004101562,46.721008,138.108032,149.549988,2048,,,empty,all,,,386,118180,57.705078125,15,,1,4,,0,0,0,1788811948.8015163,0.0,0.0,0.0,0.0,0.0,0.0,0.0,0.0,,,,,,,,,,,,,,,,,,,32,,,,,,,,,,,,,,,,,
empty,,,868.3679624023438,1778417.587,1,411130.894043,empty,200.65836945410157,117.352997,360.22998,1043.626038,2048,,,empty,all,,,4243,261780,127.822265625,16,,1,4,,483100705,1685007268,262973,1788811949.2509534,200.13818184130858,45.70823666015625,195.23243382177733,0.02232998486328125,0.41782014697265624,0.0992175888671875,4.809211522460937,0.0,,,,,,,,,,,,,,,,,,,64,,,,,,,,,,,,,,,,,
empty,,,107.02988525390624,219197.205,1,41559.515991,empty,20.23380365625,19.5630185,25.30896,31.862,2048,,,empty,all,,,16,34997,17.08837890625,17,,0,4,,648967,196845682,32963,1788811949.3063169,20.01206252050781,7.390602636230469,15.738148806152344,0.06450629541015625,0.101701271484375,0.08089460302734375,4.1941387421875,0.0,,,,,,,,,,,,,,,,,,,12,,,,,,,,,,,,,,,,,
empty,,,317.70758251953123,650665.129,1,88902.114014,empty,43.3540083125,35.27301,51.971008,184.749023,2048,,,empty,all,,,49,82408,40.23828125,18,,1,4,,20382678,612305417,80368,1788811949.4147556,43.01995089160156,15.598360305175781,38.40658346337891,0.07021927001953125,0.2294805869140625,0.10847816162109375,4.51515302734375,0.0,,,,,,,,,,,,,,,,,,,24,,,,,,,,,,,,,,,,,
empty,,,0.15120068359375,309.659,1,309.130005,empty,0.10698726708984375,0.109985,0.111023,0.111023,2048,,,empty,all,,,0,0,0.0,19,,1,4,,0,677307,0,1788811949.4256527,0.06666161328125,0.02247725830078125,0.02247725830078125,0.02228572705078125,0.02228572705078125,0.02228572705078125,0.0218988466796875,0.0,,,,,,,,,,,,,,,,,,,1,,,,,,,,,,,,,,,,,
empty,,,26.7102626953125,54702.618,0,18251.113037,empty,8.832077202148438,7.920502,11.392029,12.714966,2048,,,empty,all,,,1,18995,9.27490234375,20,,0,4,,0,0,0,1788811949.4535074,0.0,0.0,0.0,0.0,0.0,0.0,0.0,0.0,,,,,,,,,,,,,,,,,,,8,,,,,,,,,,,,,,,,,
empty,,,32.425552734375,66407.532,1,23092.515015,empty,11.226598416015625,10.865997499999999,13.346008,15.880981,2048,,,empty,all,,,2,19268,9.408203125,21,,0,4,,115336,54334310,17222,1788811949.4901927,11.075657986328125,3.9744450708007815,6.82039987890625,0.0658842998046875,0.08380652734375,0.077464310546875,4.182713416503907,0.0,,,,,,,,,,,,,,,,,,,8,,,,,,,,,,,,,,,,,
empty,,,0.0745830078125,152.746,0,152.13501,empty,0.0293056328125,0.029968,0.030029,0.031006,2048,,,empty,all,,,0,0,0.0,22,,1,4,,0,0,0,1788811949.4979582,0.0,0.0,0.0,0.0,0.0,0.0,0.0,0.0,,,,,,,,,,,,,,,,,,,1,,,,,,,,,,,,,,,,,
empty,,,100.9940517578125,206835.818,0,38027.105957,empty,18.450020757324218,18.090485,22.612976,26.871948,2048,,,empty,all,,,3,34238,16.7177734375,23,,0,4,,0,0,0,1788811949.5473936,0.0,0.0,0.0,0.0,0.0,0.0,0.0,0.0,,,,,,,,,,,,,,,,,,,12,,,,,,,,,,,,,,,,,
empty,,,786.8768393554687,1611523.767,1,172394.830994,empty,84.08655316210937,78.060974,97.929993,162.846008,2048,,,empty,all,,,1146,200695,97.99560546875,24,,0,4,,59642332,1535379820,199695,1788811949.7425537,83.61580526855468,33.83975842871094,78.15241109277343,0.027952060546875,0.4097111401367187,0.131219943359375,5.32873546875,0.0,,,,,,,,,,,,,,,,,,,48,,,,,,,,,,,,,,,,,
empty,,,501.7870190429687,1027659.815,1,113979.310974,empty,55.576185609375,51.9009705,64.60498,145.652039,2048,,,empty,all,,,701,125830,61.4404296875,25,,0,4,,17569028,976090021,124412,1788811949.8756475,55.22775920507812,21.83874366845703,50.48899924462891,0.025174689453125,0.26918825537109375,0.10324666162109375,4.618559036132813,0.0,,,,,,,,,,,,,,,,,,,32,,,,,,,,,,,,,,,,,
empty,,,307.263251953125,629275.14,0,72491.595032,empty,35.268570170898435,34.6920165,40.669006,45.277954,2048,,,empty,all,,,57,83933,40.98291015625,26,,0,4,,0,0,0,1788811949.9613948,0.0,0.0,0.0,0.0,0.0,0.0,0.0,0.0,,,,,,,,,,,,,,,,,,,24,,,,,,,,,,,,,,,,,
empty,,,98.631828125,201997.984,0,47236.822021,empty,22.96379568359375,18.7669985,28.264954,72.991028,2048,,,empty,all,,,67,34377,16.78564453125,27,,1,4,,0,0,0,1788811950.0246139,0.0,0.0,0.0,0.0,0.0,0.0,0.0,0.0,,,,,,,,,,,,,,,,,,,12,,,,,,,,,,,,,,,,,
empty,,,10.8027587890625,22124.05,0,18671.117981,empty,9.0163199921875,8.888,10.190002,12.04303,2048,,,empty,all,,,0,6144,3.0,28,,0,4,,0,0,0,1788811950.0536537,0.0,0.0,0.0,0.0,0.0,0.0,0.0,0.0,,,,,,,,,,,,,,,,,,,2,,,,,,,,,,,,,,,,,
empty,,,18.51520849609375,37919.147,0,22348.669983,empty,10.80853464892578,10.019989,13.084961,15.549988,2048,,,empty,all,,,1,10350,5.0537109375,29,,0,4,,0,0,0,1788811950.0857832,0.0,0.0,0.0,0.0,0.0,0.0,0.0,0.0,,,,,,,,,,,,,,,,,,,4,,,,,,,,,,,,,,,,,
empty,,,30.89406787109375,63271.051,1,19810.872009,empty,9.620693149902344,8.536987,11.552979,14.908997,2048,,,empty,all,,,3,20260,9.892578125,30,,1,4,,826258,54194955,18212,1788811950.1179767,9.486015736328126,3.10277078125,6.2883627314453125,0.056478673828125,0.08658164892578125,0.0753891796875,3.129713548339844,0.0,,,,,,,,,,,,,,,,,,,8,,,,,,,,,,,,,,,,,
empty,,,188.96833251953126,387007.145,0,49143.724976,empty,23.86558338623047,22.854004,28.666016,33.56604,2048,,,empty,all,,,16,47838,23.3583984375,31,,0,4,,0,0,0,1788811950.1788533,0.0,0.0,0.0,0.0,0.0,0.0,0.0,0.0,,,,,,,,,,,,,,,,,,,16,,,,,,,,,,,,,,,,,
empty,,,307.820482421875,630416.348,0,82347.383972,empty,40.096902157714844,34.055969,67.671021,106.667053,2048,,,empty,all,,,171,82272,40.171875,32,,1,4,,0,0,0,1788811950.2753887,0.0,0.0,0.0,0.0,0.0,0.0,0.0,0.0,,,,,,,,,,,,,,,,,,,24,,,,,,,,,,,,,,,,,
empty,,,849.6292065429687,1740040.615,0,166025.753052,empty,80.965594828125,78.281982,95.225037,116.977966,2048,,,empty,all,,,997,202900,99.072265625,33,,0,4,,0,0,0,1788811950.4612355,0.0,0.0,0.0,0.0,0.0,0.0,0.0,0.0,,,,,,,,,,,,,,,,,,,48,,,,,,,,,,,,,,,,,
empty,,,13.23039111328125,27095.841,1,13988.304993,empty,6.775456963378907,5.920959,7.324036,9.669006,2048,,,empty,all,,,0,10304,5.03125,34,,1,4,,1208591,20451995,8256,1788811950.486899,6.687895398925781,2.7254691401367186,3.9379431357421875,0.03209250048828125,0.08491543896484376,0.0604920185546875,2.6749991215820312,0.0,,,,,,,,,,,,,,,,,,,4,,,,,,,,,,,,,,,,,
empty,,,11.37016064453125,23286.089,1,19135.339966,empty,9.295532380859376,9.138,10.289978,12.955994,2048,,,empty,all,,,0,6147,3.00146484375,35,,0,4,,10118,13434136,4098,1788811950.5195532,9.176410679199218,3.527108983886719,4.663900533203125,0.07253223193359375,0.07940617822265625,0.0759692568359375,4.4384072045898435,0.0,,,,,,,,,,,,,,,,,,,2,,,,,,,,,,,,,,,,,
empty,,,515.361412109375,1055460.172,0,103873.857971,empty,50.58421773486328,48.784485000000004,60.557007,70.185974,2048,,,empty,all,,,311,121854,59.4990234375,36,,0,4,,0,0,0,1788811950.6395283,0.0,0.0,0.0,0.0,0.0,0.0,0.0,0.0,,,,,,,,,,,,,,,,,,,32,,,,,,,,,,,,,,,,,
empty,,,0.06899609375,141.304,0,140.672974,empty,0.018953603515625,0.02002,0.02002,0.020996,2048,,,empty,all,,,0,0,0.0,37,,0,4,,0,0,0,1788811950.6482334,0.0,0.0,0.0,0.0,0.0,0.0,0.0,0.0,,,,,,,,,,,,,,,,,,,1,,,,,,,,,,,,,,,,,
empty,,,180.2830634765625,369219.714,1,51735.276978,empty,25.201173897460937,23.585999,29.608032,45.928955,2048,,,empty,all,,,7,48188,23.529296875,38,,1,4,,3522176,343576920,46140,1788811950.714271,24.934084054199218,9.291073795898438,20.787209028808594,0.06529727539062499,0.09009037890625,0.07754455224609375,4.071358915527344,0.0,,,,,,,,,,,,,,,,,,,16,,,,,,,,,,,,,,,,,
empty,,,877.4481821289063,1797013.877,0,372133.203003,empty,181.61012977099608,107.623993,322.074951,658.287964,2048,,,empty,all,,,4022,261007,127.44482421875,39,,1,4,,0,0,0,1788811951.1190164,0.0,0.0,0.0,0.0,0.0,0.0,0.0,0.0,,,,,,,,,,,,,,,,,,,64,,,,,,,,,,,,,,,,,
paced,1,1,3390.7715583333334,813785.174,0,3984873.035034,paced,454.454206,422.810974,670.081055,1004.760986,240,5a2bef157e634ce9,1080,pipeline,all,15452,0,25,6964,29.016666666666666,0,16667,1,0,12,,,,1788812038.7220292,,,,,,,,,12,0,0,0,12,152.121575,150.613037,201.690979,217.312012,0.0,0.0,0.0,0.0,0.0,0.0,0.0,0.0,1920,,12,0,0,0,12,302.332631,267.229004,484.901001,891.710999,0.0,0.0,0.0,0.0,0.0,0.0,0.0,0.0
paced,1,1,2484.2717583333333,596225.222,0,3983757.179993,paced,319.101706,285.393982,537.122986,1371.292969,240,78444727a6ea1325,720,pipeline,all,15368,3,169,17286,72.025,1,16667,1,0,12,,,,1788812042.7496088,,,,,,,,,32,0,0,0,32,135.968714,131.244995,166.953979,206.141052,0.0,0.0,0.0,0.0,0.0,0.0,0.0,0.0,1280,,12,0,0,0,12,183.132993,149.520996,283.109985,1249.596985,0.0,0.0,0.0,0.0,0.0,0.0,0.0,0.0
paced,1,1,1434.2241958333332,344213.807,0,3983761.037964,paced,313.888799,257.369995,447.139038,1866.134033,240,78444727a6ea1325,720,pipeline,all,15368,3,27,4927,20.529166666666665,2,16667,1,0,12,,,,1788812046.7671866,,,,,,,,,4,0,0,0,4,106.908456,107.309021,129.049988,135.843994,0.0,0.0,0.0,0.0,0.0,0.0,0.0,0.0,1280,,12,0,0,0,12,206.980343,147.375977,325.212036,1745.51001,0.0,0.0,0.0,0.0,0.0,0.0,0.0,0.0
paced,1,1,2802.959966666667,672710.392,0,3983965.488037,paced,501.919114,482.798035,595.325989,794.673035,240,5a2bef157e634ce9,1080,pipeline,all,15368,0,20,4730,19.708333333333332,3,16667,1,0,12,,,,1788812050.8190205,,,,,,,,,4,0,0,0,4,208.532818,213.825989,240.135986,250.126038,0.0,0.0,0.0,0.0,0.0,0.0,0.0,0.0,1920,,12,0,0,0,12,293.386296,273.200989,397.932007,577.291016,0.0,0.0,0.0,0.0,0.0,0.0,0.0,0.0
paced,1,1,4394.832033333334,1054759.688,0,3983914.861023,paced,485.819584,448.621033,643.529968,1477.188965,240,5a2bef157e634ce9,1080,pipeline,all,15740,0,207,16335,68.0625,4,16667,1,0,12,,,,1788812054.8663769,,,,,,,,,32,0,0,0,32,177.04117,179.358032,221.5,259.604004,0.0,0.0,0.0,0.0,0.0,0.0,0.0,0.0,1920,,12,0,0,0,12,308.778414,267.929993,462.66803,1293.872986,0.0,0.0,0.0,0.0,0.0,0.0,0.0,0.0
paced,1,1,1522.2288625,365334.927,0,3984241.367981,paced,256.631588,214.455994,558.876038,1029.720032,240,78444727a6ea1325,720,pipeline,all,15368,3,55,6971,29.045833333333334,5,16667,1,0,12,,,,1788812058.8837025,,,,,,,,,12,0,0,0,12,75.250065,74.383972,100.716003,117.617981,0.0,0.0,0.0,0.0,0.0,0.0,0.0,0.0,1280,,12,0,0,0,12,181.381523,140.27301,482.147034,956.598022,0.0,0.0,0.0,0.0,0.0,0.0,0.0,0.0
paced,1,1,3049.3289166666664,731838.94,0,3983857.843994,paced,500.765417,412.370972,1066.761963,2111.992004,240,5a2bef157e634ce9,1080,pipeline,all,15368,0,28,7026,29.275,0,16667,1,1,12,,,,1788812062.9266741,,,,,,,,,12,0,0,0,12,140.60015,139.099976,193.837036,204.166992,0.0,0.0,0.0,0.0,0.0,0.0,0.0,0.0,1920,,12,0,0,0,12,360.165267,269.453979,938.752991,1950.67804,0.0,0.0,0.0,0.0,0.0,0.0,0.0,0.0
paced,1,1,2789.925295833333,669582.071,0,3983941.338989,paced,480.363622,468.039001,590.416992,918.954041,240,5a2bef157e634ce9,1080,pipeline,all,15476,0,20,4835,20.145833333333332,1,16667,1,1,12,,,,1788812066.980943,,,,,,,,,4,0,0,0,4,197.296017,200.057983,230.316956,236.148987,0.0,0.0,0.0,0.0,0.0,0.0,0.0,0.0,1920,,12,0,0,0,12,283.067606,266.657959,396.5,706.442017,0.0,0.0,0.0,0.0,0.0,0.0,0.0,0.0
paced,1,1,1527.91365,366699.276,0,3983941.150024,paced,303.846036,265.916016,434.804016,951.357971,240,78444727a6ea1325,720,pipeline,all,15368,3,10,4776,19.9,2,16667,1,1,12,,,,1788812070.9997392,,,,,,,,,4,0,0,0,4,118.582868,118.5,168.387024,187.103027,0.0,0.0,0.0,0.0,0.0,0.0,0.0,0.0,1280,,12,0,0,0,12,185.263167,149.801025,299.121033,852.755981,0.0,0.0,0.0,0.0,0.0,0.0,0.0,0.0
paced,1,1,2392.5992583333336,574223.822,0,3983756.122986,paced,593.152722,303.949951,2146.227966,2926.93396,240,78444727a6ea1325,720,pipeline,all,15368,3,195,17798,74.15833333333333,3,16667,1,1,12,,,,1788812075.0218458,,,,,,,,,32,0,0,0,32,175.389001,132.898987,202.682983,956.447998,0.0,0.0,0.0,0.0,0.0,0.0,0.0,0.0,1280,,12,0,0,0,12,417.763721,154.811035,1653.039978,2724.871033,0.0,0.0,0.0,0.0,0.0,0.0,0.0,0.0
paced,1,1,4224.981879166667,1013995.651,0,3983919.742981,paced,905.322862,519.848999,2658.492004,3372.729004,240,5a2bef157e634ce9,1080,pipeline,all,15492,0,391,17163,71.5125,4,16667,1,1,12,,,,1788812079.0797253,,,,,,,,,32,0,0,0,32,215.325881,186.702026,264.744019,745.65802,0.0,0.0,0.0,0.0,0.0,0.0,0.0,0.0,1920,,12,0,0,0,12,689.99698,284.161987,2456.560974,3124.717957,0.0,0.0,0.0,0.0,0.0,0.0,0.0,0.0
paced,1,1,1584.4954666666667,380278.912,0,3983705.689026,paced,291.455806,220.557983,606.166992,2205.983032,240,78444727a6ea1325,720,pipeline,all,15368,3,39,6993,29.1375,5,16667,1,1,12,,,,1788812083.0969737,,,,,,,,,12,0,0,0,12,71.827631,72.090027,86.358032,97.008972,0.0,0.0,0.0,0.0,0.0,0.0,0.0,0.0,1280,,12,0,0,0,12,219.628175,149.589966,491.904968,2126.479004,0.0,0.0,0.0,0.0,0.0,0.0,0.0,0.0
paced,1,1,2693.5198416666667,646444.762,0,3983807.710022,paced,647.78421,497.817017,1401.802002,2834.724976,240,5a2bef157e634ce9,1080,pipeline,all,15496,0,50,4849,20.204166666666666,0,16667,1,2,12,,,,1788812087.140657,,,,,,,,,4,0,0,0,4,202.290672,211.721008,248.072021,318.227966,0.0,0.0,0.0,0.0,0.0,0.0,0.0,0.0,1920,,12,0,0,0,12,445.493539,278.781006,1227.945007,2601.862976,0.0,0.0,0.0,0.0,0.0,0.0,0.0,0.0
paced,1,1,3143.982375,754555.77,0,3983830.356995,paced,438.169747,415.89801,606.919006,1068.565002,240,5a2bef157e634ce9,1080,pipeline,all,16056,0,25,6884,28.683333333333334,1,16667,1,2,12,,,,1788812091.1814113,,,,,,,,,12,0,0,0,12,139.616142,135.783997,188.174988,225.427002,0.0,0.0,0.0,0.0,0.0,0.0,0.0,0.0,1920,,12,0,0,0,12,298.553605,275.534973,402.882019,961.677002,0.0,0.0,0.0,0.0,0.0,0.0,0.0,0.0
paced,1,1,2539.9105291666665,609578.527,0,3983746.185974,paced,322.43783,285.062988,472.22699,989.16095,240,78444727a6ea1325,720,pipeline,all,15368,3,221,17295,72.0625,2,16667,1,2,12,,,,1788812095.2007082,,,,,,,,,32,0,0,0,32,131.129315,131.734985,163.056946,188.074951,0.0,0.0,0.0,0.0,0.0,0.0,0.0,0.0,1280,,12,0,0,0,12,191.308515,152.677002,281.937988,849.399963,0.0,0.0,0.0,0.0,0.0,0.0,0.0,0.0
paced,1,1,1641.7729,394025.496,0,3983692.223022,paced,280.234309,229.11499,439.513977,1428.604004,240,78444727a6ea1325,720,pipeline,all,15368,3,20,6963,29.0125,3,16667,1,2,12,,,,1788812099.2172558,,,,,,,,,12,0,0,0,12,74.818228,73.472961,99.843018,134.190979,0.0,0.0,0.0,0.0,0.0,0.0,0.0,0.0,1280,,12,0,0,0,12,205.416082,155.711975,294.462036,1358.237,0.0,0.0,0.0,0.0,0.0,0.0,0.0,0.0
paced,1,1,4270.948720833333,1025027.693,0,3983928.656006,paced,554.058703,462.187012,905.489014,2492.279968,240,5a2bef157e634ce9,1080,pipeline,all,15920,0,248,16699,69.57916666666667,4,16667,1,2,12,,,,1788812103.260662,,,,,,,,,32,0,0,0,32,202.099315,188.455994,255.126038,329.278992,0.0,0.0,0.0,0.0,0.0,0.0,0.0,0.0,1920,,12,0,0,0,12,351.959388,266.968018,730.669006,2354.10199,0.0,0.0,0.0,0.0,0.0,0.0,0.0,0.0
paced,1,1,1464.7729583333335,351545.51,0,3983757.536987,paced,347.241015,256.328003,769.132996,1822.809998,240,78444727a6ea1325,720,pipeline,all,15368,3,17,4840,20.166666666666668,5,16667,1,2,12,,,,1788812107.2814693,,,,,,,,,4,0,0,0,4,105.055691,103.841003,144.130005,158.958984,0.0,0.0,0.0,0.0,0.0,0.0,0.0,0.0,1280,,12,0,0,0,12,242.185324,150.020996,664.882019,1736.52301,0.0,0.0,0.0,0.0,0.0,0.0,0.0,0.0
paced,1,1,3680.95635,883429.524,0,3983950.364014,paced,468.24439,440.625,768.251953,832.315979,240,5a2bef157e634ce9,1080,pipeline,all,15484,0,39,6954,28.975,0,16667,1,3,12,,,,1788812111.3248196,,,,,,,,,12,0,0,0,12,152.3742,148.929016,214.075989,282.197998,0.0,0.0,0.0,0.0,0.0,0.0,0.0,0.0,1920,,12,0,0,0,12,315.87019,289.261963,510.621948,699.478027,0.0,0.0,0.0,0.0,0.0,0.0,0.0,0.0
paced,1,1,2114.7062875,507529.509,0,3983711.72998,paced,304.352957,259.28302,440.484985,808.380005,240,78444727a6ea1325,720,pipeline,all,15368,3,49,6951,28.9625,1,16667,1,3,12,,,,1788812115.3423011,,,,,,,,,12,0,0,0,12,96.47787,88.061035,144.619995,157.075012,0.0,0.0,0.0,0.0,0.0,0.0,0.0,0.0,1280,,12,0,0,0,12,207.875087,169.519043,309.341003,730.718994,0.0,0.0,0.0,0.0,0.0,0.0,0.0,0.0
paced,1,1,3182.024725,763685.934,0,3983922.512024,paced,528.255445,502.195007,734.185974,858.807007,240,5a2bef157e634ce9,1080,pipeline,all,15460,0,11,4849,20.204166666666666,2,16667,1,3,12,,,,1788812119.3872914,,,,,,,,,4,0,0,0,4,214.220428,216.279968,245.425964,295.393005,0.0,0.0,0.0,0.0,0.0,0.0,0.0,0.0,1920,,12,0,0,0,12,314.035017,285.343994,509.599976,577.210999,0.0,0.0,0.0,0.0,0.0,0.0,0.0,0.0
paced,1,1,4934.490141666667,1184277.634,0,3983925.460999,paced,495.707525,461.686035,719.416992,969.462036,240,5a2bef157e634ce9,1080,pipeline,all,15936,0,232,16125,67.1875,3,16667,1,3,12,,,,1788812123.4357243,,,,,,,,,32,0,0,0,32,187.344456,182.314026,241.479004,263.091003,0.0,0.0,0.0,0.0,0.0,0.0,0.0,0.0,1920,,12,0,0,0,12,308.363069,270.885986,496.633972,762.02002,0.0,0.0,0.0,0.0,0.0,0.0,0.0,0.0
paced,1,1,2822.8127624999997,677475.063,0,3983669.960022,paced,346.095216,287.938965,536.78302,1369.328979,240,78444727a6ea1325,720,pipeline,all,15368,3,217,17071,71.12916666666666,4,16667,1,3,12,,,,1788812127.4542484,,,,,,,,,32,0,0,0,32,137.006153,128.75,191.58197,246.598999,0.0,0.0,0.0,0.0,0.0,0.0,0.0,0.0,1280,,12,0,0,0,12,209.089063,156.804016,318.709045,1255.718994,0.0,0.0,0.0,0.0,0.0,0.0,0.0,0.0
paced,1,1,1468.6478083333334,352475.474,0,3983709.530029,paced,276.532217,257.118958,384.947998,545.820007,240,78444727a6ea1325,720,pipeline,all,15368,3,10,4813,20.054166666666667,5,16667,1,3,12,,,,1788812131.472255,,,,,,,,,4,0,0,0,4,112.272555,105.676025,172.143982,185.48999,0.0,0.0,0.0,0.0,0.0,0.0,0.0,0.0,1280,,12,0,0,0,12,164.259662,148.669006,224.10498,451.586975,0.0,0.0,0.0,0.0,0.0,0.0,0.0,0.0
paced,1,1,4325.988541666667,1038237.25,0,3983916.43396,paced,484.120244,446.286987,669.559998,1570.599976,240,5a2bef157e634ce9,1080,pipeline,all,16788,0,222,16509,68.7875,0,16667,1,4,12,,,,1788812135.5211504,,,,,,,,,32,0,0,0,32,175.32404,175.862,224.887024,234.95697,0.0,0.0,0.0,0.0,0.0,0.0,0.0,0.0,1920,,12,0,0,0,12,308.796203,266.748047,448.0,1354.791016,0.0,0.0,0.0,0.0,0.0,0.0,0.0,0.0
paced,1,1,2765.662658333333,663759.038,0,3983808.057007,paced,562.027639,482.106018,1011.554993,2325.355957,240,5a2bef157e634ce9,1080,pipeline,all,15680,0,18,4803,20.0125,1,16667,1,4,12,,,,1788812139.5681481,,,,,,,,,4,0,0,0,4,205.235916,203.986023,310.252991,356.452026,0.0,0.0,0.0,0.0,0.0,0.0,0.0,0.0,1920,,12,0,0,0,12,356.791723,275.875977,829.090027,2174.963989,0.0,0.0,0.0,0.0,0.0,0.0,0.0,0.0
paced,1,1,1829.1304375,438991.305,0,3983687.327026,paced,293.963118,225.336975,475.814026,1327.487,240,78444727a6ea1325,720,pipeline,all,15368,3,22,7000,29.166666666666668,2,16667,1,4,12,,,,1788812143.5827897,,,,,,,,,12,0,0,0,12,84.577647,76.54895,143.218018,165.551025,0.0,0.0,0.0,0.0,0.0,0.0,0.0,0.0,1280,,12,0,0,0,12,209.385471,147.286011,368.736023,1258.062988,0.0,0.0,0.0,0.0,0.0,0.0,0.0,0.0
paced,1,1,1469.3964583333334,352655.15,0,3983733.338013,paced,329.057296,263.671997,797.879028,1367.184998,240,78444727a6ea1325,720,pipeline,all,15368,3,5,4895,20.395833333333332,3,16667,1,4,12,,,,1788812147.5994153,,,,,,,,,4,0,0,0,4,119.452445,107.910034,188.234985,203.39502,0.0,0.0,0.0,0.0,0.0,0.0,0.0,0.0,1280,,12,0,0,0,12,209.604852,147.174988,593.673035,1279.834961,0.0,0.0,0.0,0.0,0.0,0.0,0.0,0.0
paced,1,1,2522.483708333333,605396.09,0,3983773.448975,paced,348.439838,283.811035,719.636963,1530.78302,240,78444727a6ea1325,720,pipeline,all,15368,3,112,17008,70.86666666666666,4,16667,1,4,12,,,,1788812151.6208131,,,,,,,,,32,0,0,0,32,133.196726,133.338989,164.790039,186.041992,0.0,0.0,0.0,0.0,0.0,0.0,0.0,0.0,1280,,12,0,0,0,12,215.243112,150.54303,570.497986,1406.882019,0.0,0.0,0.0,0.0,0.0,0.0,0.0,0.0
paced,1,1,3192.4951125000002,766198.827,0,3983960.806946,paced,603.222455,461.034973,1355.091003,1787.531006,240,5a2bef157e634ce9,1080,pipeline,all,15368,0,60,7152,29.8,5,16667,1,4,12,,,,1788812155.6620884,,,,,,,,,12,0,0,0,12,154.81471,145.903992,233.52301,259.553955,0.0,0.0,0.0,0.0,0.0,0.0,0.0,0.0,1920,,12,0,0,0,12,448.407745,288.25,1217.042969,1678.419006,0.0,0.0,0.0,0.0,0.0,0.0,0.0,0.0
observer,1,1,1095.1970209960937,2242963.499,0,289812.13501,observer,141.294659,132.276978,150.973022,343.195984,2048,78444727a6ea1325,720,pipeline,all,14984,76,49,64872,31.67578125,0,0,1,0,12,,,,1788812197.1895077,,,,,,,,,12,0,0,0,12,51.961932,53.192993,61.189026,66.939941,0.0,0.0,0.0,0.0,0.0,0.0,0.0,0.0,1280,,12,0,0,0,12,89.332727,79.194031,93.330994,279.07196,0.0,0.0,0.0,0.0,0.0,0.0,0.0,0.0
observer,1,1,2543.5929775390623,5209278.418,2,370296.341003,observer,180.627276,161.653992,214.586975,706.622009,2048,f580ef0be18fd8ea,720,pipeline,all,14984,76,988,230273,112.43798828125,1,0,1,0,32,,,,1788812197.6095896,,,,,,,,,32,58435952,1855256533,119937,32,82.279343,81.107971,98.651978,109.723022,73.123618,21.325542,57.870962,7.323376,20.985775,13.195763,5.221729,443.938631,1280,,32,79701903,3238511475,107134,32,98.347933,80.07605,121.575989,609.444031,97.365613,20.129166,54.577033,29.046927,42.766165,36.503568,5.979717,1187.576745
observer,1,1,4655.140843261719,9533728.447,1,669135.85498,observer,326.522919,253.54303,599.674988,2313.281982,2048,635eaa6dbdb99686,1080,pipeline,all,16952,76,1249,226148,110.423828125,2,0,1,0,32,,,,1788812198.3527775,,,,,,,,,32,143689081,3255017059,116525,32,123.245219,121.256042,147.395996,159.890991,109.864621,22.150498,79.495748,17.304049,55.099753,36.435695,5.034354,0.0,1920,,32,220349209,6148117939,106654,32,203.2777,131.255005,467.768005,2161.897949,202.249796,21.043065,115.855387,66.82683,93.763394,82.32637,5.511655,0.0
observer,1,1,2321.358056640625,4754141.3,2,570671.844971,observer,278.445923,250.856995,309.26001,862.21405,2048,5a2bef157e634ce9,1080,pipeline,all,16480,76,129,62121,30.33251953125,3,0,1,0,12,,,,1788812198.9777725,,,,,,,,,12,6727362,1731551255,26948,12,96.871273,93.862,103.371033,139.751038,93.724562,5.848744,13.136807,41.518881,77.713776,65.480799,4.712979,791.904897,1920,,12,64065751,2974784019,31186,12,181.57465,156.595032,192.254028,714.536987,181.166412,7.684286,38.480561,100.55281,139.518883,115.398452,6.637323,1391.099536
observer,1,1,1112.1077749023439,2277596.723,2,278249.471985,observer,135.716145,129.612,143.16803,274.232971,2048,78444727a6ea1325,720,pipeline,all,14984,76,66,62313,30.42626953125,4,0,1,0,12,,,,1788812199.288283,,,,,,,,,12,754402,779926360,27238,12,50.474271,49.987,55.086975,63.392944,48.155164,5.554202,10.503662,18.068042,34.984673,26.943673,4.257566,329.329,1280,,12,17860624,1454023832,31033,12,85.241874,79.363953,89.174011,221.210022,84.863272,7.228975,16.994108,49.202233,63.99792,53.880793,5.702968,652.534323
observer,1,1,15300.891594726563,31336225.986,1,1911931.434021,observer,933.213606,723.986023,2067.154053,3429.078979,2048,fdac8dfb663bdd5e,2160,pipeline,all,47768,76,4030,229453,112.03759765625,5,0,1,0,32,,,,1788812201.4530191,,,,,,,,,32,1007900219,9689387913,120103,32,321.402482,312.447021,397.903015,467.727966,294.539964,27.495554,191.265201,73.662641,186.795245,134.879979,6.027017,0.0,3840,,32,870652635,21464388763,108949,32,611.811124,399.987,1719.960022,3021.367004,610.376339,25.708089,319.985737,249.107325,357.085554,316.459689,7.264953,0.0
observer,1,1,15621.966821777343,31993788.051,0,1559222.926025,observer,760.985349,707.963989,1061.460999,1816.807983,2048,fdac8dfb663bdd5e,2160,pipeline,all,48136,76,3267,227133,110.90478515625,6,0,1,0,32,,,,1788812203.2607079,,,,,,,,,32,0,0,0,32,317.781627,314.190002,382.973999,417.631042,0.0,0.0,0.0,0.0,0.0,0.0,0.0,0.0,3840,,32,0,0,0,32,443.203722,389.397034,698.226013,1466.578003,0.0,0.0,0.0,0.0,0.0,0.0,0.0,0.0
observer,1,1,1089.5325424804687,2231362.647,1,266092.744995,observer,129.804463,126.726013,134.199951,184.057983,2048,78444727a6ea1325,720,pipeline,all,14984,76,50,61298,29.9306640625,7,0,1,0,12,,,,1788812203.5594604,,,,,,,,,12,958219,757226291,27055,12,48.021026,47.372009,52.180969,58.945007,45.729227,4.882196,9.300667,18.149993,33.638795,27.007934,3.979174,0.0,1280,,12,6986420,1431160208,30183,12,81.783437,79.143982,83.731995,132.796997,81.382254,6.189089,12.886489,49.085905,64.763353,54.007874,4.923033,0.0
observer,1,1,2412.1540190429687,4940091.431,1,357952.611023,observer,174.595351,158.406982,203.696045,545.269043,2048,f580ef0be18fd8ea,720,pipeline,all,14984,76,1228,233222,113.8779296875,8,0,1,0,32,,,,1788812203.9669824,,,,,,,,,32,61876671,1680966421,122555,32,80.830138,79.61499,94.723999,108.209961,71.448272,21.807354,56.866925,7.265625,19.169144,12.181794,4.895357,0.0,1280,,32,68017492,3140661582,107640,32,93.765213,78.302002,111.44696,448.460999,92.809872,19.693279,51.367874,28.990643,42.067823,36.067196,5.02818,0.0
observer,1,1,15493.16255859375,31729996.92,2,1587146.757996,observer,774.683111,705.369019,1158.97998,2295.757996,2048,fdac8dfb663bdd5e,2160,pipeline,all,47308,76,2891,227780,111.220703125,9,0,1,0,32,,,,1788812205.7353468,,,,,,,,,32,660101188,10221406712,118689,32,314.84685,311.986023,377.012024,416.317993,290.072725,25.982411,182.868156,76.838641,196.12554,142.090711,6.648267,4564.543978,3840,,32,321908981,21338705318,107669,32,459.836261,389.475952,804.100952,1867.286011,458.577572,24.537225,138.279639,267.732619,346.958795,313.016069,10.162716,10034.245657
observer,1,1,7880.252949707031,16138758.041,2,1859470.760986,observer,907.608518,841.273987,1327.458008,2439.757019,2048,c72f5b5d2a6053ea,2160,pipeline,all,45424,76,620,61609,30.08251953125,10,0,1,0,12,,,,1788812207.7680366,,,,,,,,,12,22627129,5347624356,29546,12,311.039614,325.220947,381.591003,481.675049,303.248656,9.88614,23.618011,165.757116,278.623669,210.347657,6.701117,2528.45016,3840,,12,181306234,10718102107,28501,12,596.568903,522.934998,953.502014,2020.653992,595.895034,9.432973,91.972008,385.174312,509.228373,428.831271,7.504657,5153.781895
observer,1,1,4726.5768168945315,9680029.321,0,751984.809998,observer,366.894941,261.537964,999.690979,2720.572998,2048,635eaa6dbdb99686,1080,pipeline,all,16692,76,976,226325,110.51025390625,11,0,1,0,32,,,,1788812208.5945587,,,,,,,,,32,0,0,0,32,129.246739,124.671997,160.110962,196.742004,0.0,0.0,0.0,0.0,0.0,0.0,0.0,0.0,1920,,32,0,0,0,32,237.648202,134.82196,817.848022,2563.718018,0.0,0.0,0.0,0.0,0.0,0.0,0.0,0.0
observer,1,1,4785.437114746093,9800575.211,2,811807.434998,observer,396.131512,269.734009,1095.197021,2932.22406,2048,635eaa6dbdb99686,1080,pipeline,all,16344,76,1768,228184,111.41796875,12,0,1,0,32,,,,1788812209.5221252,,,,,,,,,32,228139583,3247610019,118369,32,132.714208,128.369019,168.05603,203.945984,118.614265,24.567258,87.743426,16.902058,54.304029,35.048406,5.993154,1145.389647,1920,,32,429140152,6412569090,107250,32,263.417304,138.689026,946.307983,2713.690002,262.24394,23.394838,175.12074,65.243534,99.106289,85.249663,7.72254,2748.15174
observer,1,1,8068.523360839844,16524335.843,0,1852355.902954,observer,904.071396,846.042969,1152.257996,2382.28595,2048,c72f5b5d2a6053ea,2160,pipeline,all,43828,76,733,61074,29.8212890625,13,0,1,0,12,,,,1788812211.5569324,,,,,,,,,12,0,0,0,12,324.689013,331.674011,381.500977,451.646973,0.0,0.0,0.0,0.0,0.0,0.0,0.0,0.0,3840,,12,0,0,0,12,579.382383,518.90802,794.072021,2069.017029,0.0,0.0,0.0,0.0,0.0,0.0,0.0,0.0
observer,1,1,2445.4010244140627,5008181.298,0,372812.375,observer,181.796049,157.144958,212.703003,956.145996,2048,f580ef0be18fd8ea,720,pipeline,all,14984,76,832,232271,113.41357421875,14,0,1,0,32,,,,1788812211.9775274,,,,,,,,,32,0,0,0,32,80.101527,78.852966,91.536987,104.703003,0.0,0.0,0.0,0.0,0.0,0.0,0.0,0.0,1280,,32,0,0,0,32,101.694523,78.141968,120.153015,857.525024,0.0,0.0,0.0,0.0,0.0,0.0,0.0,0.0
observer,1,1,8128.464986328125,16647096.292,1,1815132.911011,observer,886.00276,839.719971,999.82196,2270.909973,2048,c72f5b5d2a6053ea,2160,pipeline,all,44508,76,353,59503,29.05419921875,15,0,1,0,12,,,,1788812213.9676917,,,,,,,,,12,13368872,6033687417,27863,12,333.648935,333.346985,362.223022,429.835022,327.948806,7.740225,17.467245,166.514963,308.301121,239.987634,5.753876,0.0,3840,,12,104020755,10550074902,27855,12,552.353825,503.567993,639.772034,1932.202026,551.780021,8.046875,57.380279,384.419556,494.809931,423.754864,6.86327,0.0
observer,1,1,2187.8031303710936,4480620.811,0,526641.022034,observer,256.919667,245.977966,291.676025,402.380981,2048,5a2bef157e634ce9,1080,pipeline,all,15724,76,177,62378,30.4580078125,16,0,1,0,12,,,,1788812214.5565927,,,,,,,,,12,0,0,0,12,94.821374,93.85199,110.85498,119.942017,0.0,0.0,0.0,0.0,0.0,0.0,0.0,0.0,1920,,12,0,0,0,12,162.098292,152.005005,185.52002,312.225952,0.0,0.0,0.0,0.0,0.0,0.0,0.0,0.0
observer,1,1,2252.3321762695314,4612776.297,1,523898.284973,observer,255.661945,249.073975,327.445984,423.742981,2048,5a2bef157e634ce9,1080,pipeline,all,15740,76,114,63527,31.01904296875,17,0,1,0,12,,,,1788812215.1468608,,,,,,,,,12,1834861,1613415084,29117,12,93.820229,93.401001,137.697021,157.96698,89.886098,6.249754,13.307907,41.714624,74.952451,60.821281,4.389312,0.0,1920,,12,20452824,2948373666,30415,12,161.841716,155.330994,186.091003,274.673035,161.452793,7.312912,18.172623,100.639255,140.252439,115.219173,5.449994,0.0
observer,1,1,7854.825,16086681.6,0,1811497.828979,observer,884.175931,845.231018,1024.820007,1799.835022,2048,c72f5b5d2a6053ea,2160,pipeline,all,43860,76,205,59313,28.96142578125,0,0,1,1,12,,,,1788812217.1149786,,,,,,,,,12,0,0,0,12,325.186296,330.562012,366.863037,393.283997,0.0,0.0,0.0,0.0,0.0,0.0,0.0,0.0,3840,,12,0,0,0,12,558.989635,517.414001,668.268005,1466.177002,0.0,0.0,0.0,0.0,0.0,0.0,0.0,0.0
observer,1,1,15465.550653808594,31673447.739,0,2217490.882996,observer,1082.378891,754.36499,3060.212952,3896.145996,2048,fdac8dfb663bdd5e,2160,pipeline,all,48044,76,4244,229832,112.22265625,1,0,1,1,32,,,,1788812219.5455897,,,,,,,,,32,0,0,0,32,327.318897,317.036011,400.358032,483.39801,0.0,0.0,0.0,0.0,0.0,0.0,0.0,0.0,3840,,32,0,0,0,32,755.059994,419.835999,2684.572998,3517.961975,0.0,0.0,0.0,0.0,0.0,0.0,0.0,0.0
observer,1,1,15315.779057128906,31366715.509,1,1869087.786011,observer,912.264563,728.213989,2057.394958,3290.338989,2048,fdac8dfb663bdd5e,2160,pipeline,all,48052,76,4490,229964,112.287109375,2,0,1,1,32,,,,1788812221.6200345,,,,,,,,,32,1026030072,9731211252,120338,32,320.805228,313.679016,391.911011,467.628052,293.403281,27.273858,190.075624,73.94967,187.966644,135.714748,6.212004,0.0,3840,,32,746118158,21453493326,109673,32,591.459334,403.363037,1678.769958,2910.671997,590.037129,25.455408,291.324672,252.490709,357.831116,316.562303,7.381547,0.0
observer,1,1,1134.8069892578126,2324084.714,1,360291.890991,observer,175.730935,138.799988,261.778015,1011.89502,2048,78444727a6ea1325,720,pipeline,all,14984,76,618,64064,31.28125,3,0,1,1,12,,,,1788812222.0164418,,,,,,,,,12,8442032,741894729,30848,12,55.720717,53.042969,70.146973,91.367981,52.412974,8.437911,16.475244,18.349477,33.604688,24.793465,5.342138,0.0,1280,,12,87971972,1527167561,29614,12,120.010218,84.04303,195.97998,942.47998,119.516629,7.836666,49.026035,49.887065,68.519322,57.116033,5.113635,0.0
observer,1,1,4631.308193359375,9484919.18,0,706125.355957,observer,344.499331,255.836975,621.425964,2858.591003,2048,635eaa6dbdb99686,1080,pipeline,all,16744,76,1681,227449,111.05908203125,4,0,1,1,32,,,,1788812222.8838813,,,,,,,,,32,0,0,0,32,124.356067,121.756042,154.278992,184.607971,0.0,0.0,0.0,0.0,0.0,0.0,0.0,0.0,1920,,32,0,0,0,32,220.143264,132.096008,482.656982,2700.754028,0.0,0.0,0.0,0.0,0.0,0.0,0.0,0.0
observer,1,1,2306.984646484375,4724704.556,2,628562.442993,observer,306.672434,258.151001,429.283997,1437.671997,2048,5a2bef157e634ce9,1080,pipeline,all,15732,76,317,62860,30.693359375,5,0,1,1,12,,,,1788812223.5753114,,,,,,,,,12,11802887,1590053904,28960,12,101.144107,98.130981,122.247986,158.727966,96.717237,8.512609,16.968279,41.199889,77.057418,58.599395,5.669308,709.480766,1920,,12,103407295,3075960517,30062,12,205.528327,158.989014,304.040039,1331.39502,205.01821,9.017151,58.941352,102.891318,144.645509,118.872397,6.352837,1433.328817
observer,1,1,8015.841700195312,16416443.802,1,1894581.097046,observer,924.808553,868.105957,1147.488953,2353.209045,2048,c72f5b5d2a6053ea,2160,pipeline,all,43620,76,561,60745,29.66064453125,6,0,1,1,12,,,,1788812225.666331,,,,,,,,,12,12695388,5428749381,29605,12,326.596247,337.234985,390.919006,431.097046,317.934828,9.737955,19.103987,165.518472,296.174904,214.646308,6.260373,0.0,3840,,12,134241918,10912832045,27529,12,598.212306,541.402039,757.790955,2008.088989,597.552085,8.712848,70.801494,386.078327,530.603485,438.050439,6.7335,0.0
observer,1,1,7735.2603022460935,15841813.099,2,1716094.246948,observer,837.671354,806.305969,1026.463013,1608.403015,2048,c72f5b5d2a6053ea,2160,pipeline,all,45316,76,275,59996,29.294921875,7,0,1,1,12,,,,1788812227.5889947,,,,,,,,,12,16578526,5349153830,28583,12,312.560867,322.877014,381.480957,426.758972,305.570069,8.705982,20.471401,164.074149,281.73767,210.77829,6.192398,2535.609948,3840,,12,59075774,10425823321,27559,12,525.110487,492.826965,644.010986,1259.72699,524.586772,8.864483,36.29671,379.226828,485.58392,417.470997,7.641446,5017.389045
observer,1,1,1109.957892578125,2273193.764,0,323607.085022,observer,157.772863,136.835999,195.189026,612.408997,2048,78444727a6ea1325,720,pipeline,all,14984,76,60,65128,31.80078125,8,0,1,1,12,,,,1788812227.9675336,,,,,,,,,12,0,0,0,12,54.97912,54.244995,64.625,76.598999,0.0,0.0,0.0,0.0,0.0,0.0,0.0,0.0,1280,,12,0,0,0,12,102.793743,82.850952,123.349976,545.329041,0.0,0.0,0.0,0.0,0.0,0.0,0.0,0.0
observer,1,1,2505.3994658203123,5131058.106,1,372988.765015,observer,181.931787,161.813965,290.844971,557.082031,2048,f580ef0be18fd8ea,720,pipeline,all,14984,76,545,232877,113.70947265625,9,0,1,1,32,,,,1788812228.3888216,,,,,,,,,32,44751268,1775113424,121515,32,81.561426,79.755005,96.067017,115.273987,72.117663,21.72907,57.601184,7.272918,19.984588,12.678317,4.859298,0.0,1280,,32,86840993,3232529339,107694,32,100.370361,81.437988,206.270996,441.216003,99.379669,20.09248,57.297601,28.756091,44.392872,37.107535,5.288309,0.0
observer,1,1,2500.832607910156,5121705.181,2,342865.832031,observer,167.246958,159.880005,190.109009,288.590027,2048,f580ef0be18fd8ea,720,pipeline,all,14984,76,932,231822,113.1943359375,10,0,1,1,32,,,,1788812228.825427,,,,,,,,,32,45781213,1795903310,121187,32,81.075818,80.165039,93.19104,107.277954,71.695093,21.679512,56.775831,7.334075,19.838892,12.835495,5.33339,432.835329,1280,,32,41286205,3209306161,107283,32,86.17114,79.314026,97.14801,199.015991,85.187661,19.960783,42.745952,29.127399,42.196662,36.122268,5.502173,1175.367157
observer,1,1,15706.616484863282,32167150.561,2,2141175.513,observer,1045.183999,735.908997,3018.43103,3950.250977,2048,fdac8dfb663bdd5e,2160,pipeline,all,48300,76,3272,227875,111.26708984375,11,0,1,1,32,,,,1788812231.1618564,,,,,,,,,32,1018785127,10193388252,118939,32,331.346548,319.410034,404.405029,542.674011,305.912683,27.009273,196.524243,73.802534,201.607744,141.599635,6.772344,4541.611911,3840,,32,1050361292,21799457296,107885,32,713.837451,403.112,2661.237,3602.734985,712.598165,25.866909,412.655015,247.393031,362.047817,320.208605,11.336958,10262.647417
observer,1,1,4656.858264648437,9537245.726,1,818380.762024,observer,399.391237,254.915039,1238.445007,3101.242004,2048,635eaa6dbdb99686,1080,pipeline,all,16788,76,1666,227256,110.96484375,12,0,1,1,32,,,,1788812232.0558968,,,,,,,,,32,216293897,3169997870,117840,32,125.40665,121.916992,150.922974,186.131042,111.660638,22.65784,81.004579,17.122356,53.979969,35.333293,5.174687,0.0,1920,,32,485022181,6233549275,106753,32,273.984587,131.60498,1088.293945,2923.416016,272.869403,21.475736,187.418991,65.887479,97.596442,83.916923,5.504607,0.0
observer,1,1,2442.7706801757813,5002794.353,0,366398.577026,observer,178.694597,157.596008,214.687012,709.797974,2048,f580ef0be18fd8ea,720,pipeline,all,14984,76,854,232504,113.52734375,13,0,1,1,32,,,,1788812232.4681227,,,,,,,,,32,0,0,0,32,80.753278,78.79303,92.430054,104.54303,0.0,0.0,0.0,0.0,0.0,0.0,0.0,0.0,1280,,32,0,0,0,32,97.941319,78.512024,121.195007,610.265015,0.0,0.0,0.0,0.0,0.0,0.0,0.0,0.0
observer,1,1,1196.1330971679688,2449680.583,2,324855.377991,observer,158.463499,133.899963,188.095947,655.322998,2048,78444727a6ea1325,720,pipeline,all,14984,76,134,62844,30.685546875,14,0,1,1,12,,,,1788812232.828676,,,,,,,,,12,24031606,849340333,27919,12,58.709267,48.744995,79.825012,109.152039,56.315853,6.2978,17.984827,18.768183,35.844653,29.499626,4.73486,360.643983,1280,,12,45415298,1556105353,30938,12,99.754232,84.794006,107.908997,405.287048,99.361212,7.373269,27.206128,49.974904,69.233426,57.785774,5.228723,699.719519
observer,1,1,4703.39929296875,9632561.752,2,550446.484009,observer,268.586732,253.492004,326.815002,689.498962,2048,635eaa6dbdb99686,1080,pipeline,all,16720,76,1059,225413,110.06494140625,15,0,1,1,32,,,,1788812233.487206,,,,,,,,,32,117500398,3329261693,116351,32,122.625305,121.296021,145.772949,161.143005,109.304746,22.0952,77.760315,17.550758,55.405367,36.775024,5.550165,1202.044906,1920,,32,74838250,6174667576,105893,32,145.961427,131.244995,188.265991,541.60199,144.910744,21.243127,54.976564,68.164865,93.113072,81.616857,6.182274,2631.138098
observer,1,1,2200.401627441406,4506422.533,0,558064.036011,observer,272.254769,248.632996,295.304016,876.732971,2048,5a2bef157e634ce9,1080,pipeline,all,16276,76,136,62564,30.548828125,16,0,1,1,12,,,,1788812234.1007786,,,,,,,,,12,0,0,0,12,94.225598,94.192993,108.651001,129.661987,0.0,0.0,0.0,0.0,0.0,0.0,0.0,0.0,1920,,12,0,0,0,12,178.029172,154.098999,188.936035,721.01001,0.0,0.0,0.0,0.0,0.0,0.0,0.0,0.0
observer,1,1,2230.9061704101564,4568895.837,1,546787.81897,observer,266.807563,251.729004,283.921997,571.790039,2048,5a2bef157e634ce9,1080,pipeline,all,15964,76,158,62367,30.45263671875,17,0,1,1,12,,,,1788812234.7044864,,,,,,,,,12,4429958,1573984120,28432,12,97.526458,95.244995,110.625,126.265991,93.493305,7.081969,13.773504,41.163539,77.230998,59.359969,4.753785,0.0,1920,,12,35623071,2941081602,29981,12,169.281105,155.572998,179.378052,445.494995,168.845246,7.507353,26.491215,101.035904,139.603757,114.85511,5.560907,0.0
observer,1,1,8026.159978027344,16437575.635,1,1782163.114014,observer,869.900809,835.211975,996.575012,1638.961975,2048,c72f5b5d2a6053ea,2160,pipeline,all,44440,76,508,59725,29.16259765625,0,0,1,2,12,,,,1788812236.681201,,,,,,,,,12,6635454,5823983064,28221,12,325.54777,331.955017,367.513977,394.195007,319.592936,8.24511,16.173668,166.66699,300.741874,231.275094,5.880313,0.0,3840,,12,86610876,10548741770,27881,12,544.353039,506.382996,653.417969,1298.059998,543.808012,8.159741,47.442501,384.596784,497.286577,423.755792,6.615766,0.0
observer,1,1,15612.232264160157,31973851.677,1,2204303.791016,observer,1075.966334,737.401978,3071.414001,4023.223022,2048,fdac8dfb663bdd5e,2160,pipeline,all,48492,76,3323,228835,111.73583984375,1,0,1,2,32,,,,1788812239.0680425,,,,,,,,,32,864209275,10030363311,118937,32,330.228326,317.485962,404.405029,490.733032,304.212435,26.798435,199.658199,74.728646,194.33718,140.184338,6.770577,0.0,3840,,32,1128479983,21763488109,108745,32,745.738008,403.572998,2705.773987,3638.153992,744.331339,25.136896,452.289222,246.17094,365.116166,321.112624,6.965207,0.0
observer,1,1,7909.932978515625,16199542.74,2,1710857.721008,observer,835.070241,824.059998,938.271973,1328.480042,2048,c72f5b5d2a6053ea,2160,pipeline,all,44536,76,1016,60726,29.6513671875,2,0,1,2,12,,,,1788812240.9512928,,,,,,,,,12,19302448,5742451191,29238,12,321.922045,329.830017,362.333008,428.362,316.005302,9.298275,19.276235,164.717994,294.501437,227.096733,6.217629,2728.099207,3840,,12,54172417,10391914917,28341,12,513.148196,496.144043,589.585022,948.34198,512.599743,8.415802,33.650318,381.192214,477.582179,416.3131,7.269716,5001.694287
observer,1,1,4654.397122070312,9532205.306,2,574300.621948,observer,280.213227,256.388,345.371033,771.437988,2048,635eaa6dbdb99686,1080,pipeline,all,16712,76,1765,226522,110.6064453125,3,0,1,2,32,,,,1788812241.6011016,,,,,,,,,32,163697546,3240136565,117504,32,125.22771,123.609985,151.734009,167.085022,111.574956,22.516391,81.3316,17.079537,54.131414,35.433864,5.702765,1157.556411,1920,,32,106655189,6161045581,106502,32,154.985517,132.135986,209.487,614.492981,153.851242,21.502218,66.271905,67.537215,92.66622,81.412581,6.007541,2624.620575
observer,1,1,4594.684670898438,9409914.206,0,542400.859009,observer,264.607921,251.42804,309.111023,585.377014,2048,635eaa6dbdb99686,1080,pipeline,all,16696,76,1091,226239,110.46826171875,4,0,1,2,32,,,,1788812242.2154121,,,,,,,,,32,0,0,0,32,122.329059,120.333984,143.588013,162.466003,0.0,0.0,0.0,0.0,0.0,0.0,0.0,0.0,1920,,32,0,0,0,32,142.278861,129.992004,173.998047,452.348022,0.0,0.0,0.0,0.0,0.0,0.0,0.0,0.0
observer,1,1,2318.76301953125,4748826.664,0,561726.937012,observer,274.033251,251.749023,294.612,728.19397,2048,5a2bef157e634ce9,1080,pipeline,all,15464,76,120,62734,30.6318359375,5,0,1,2,12,,,,1788812242.8330154,,,,,,,,,12,0,0,0,12,97.80517,95.174988,110.885986,127.026978,0.0,0.0,0.0,0.0,0.0,0.0,0.0,0.0,1920,,12,0,0,0,12,176.228082,155.993042,183.325989,623.531006,0.0,0.0,0.0,0.0,0.0,0.0,0.0,0.0
observer,1,1,15392.60955517578,31524064.369,0,1668667.77301,observer,814.420658,708.14502,1288.432007,3197.348999,2048,fdac8dfb663bdd5e,2160,pipeline,all,47600,76,3910,229047,111.83935546875,6,0,1,2,32,,,,1788812244.7726896,,,,,,,,,32,0,0,0,32,315.431777,310.732971,381.91095,445.815979,0.0,0.0,0.0,0.0,0.0,0.0,0.0,0.0,3840,,32,0,0,0,32,498.988881,390.779053,965.263977,2788.234009,0.0,0.0,0.0,0.0,0.0,0.0,0.0,0.0
observer,1,1,2453.7170771484375,5025212.574,0,346341.157959,observer,168.885334,158.538025,204.05603,412.471008,2048,f580ef0be18fd8ea,720,pipeline,all,14984,76,1069,232653,113.60009765625,7,0,1,2,32,,,,1788812245.1718893,,,,,,,,,32,0,0,0,32,80.44299,79.283997,93.522034,107.217957,0.0,0.0,0.0,0.0,0.0,0.0,0.0,0.0,1280,,32,0,0,0,32,88.442344,78.973022,111.005005,297.65802,0.0,0.0,0.0,0.0,0.0,0.0,0.0,0.0
observer,1,1,4573.251682617188,9366019.446,1,563720.015991,observer,275.036803,252.740967,347.174011,720.928955,2048,635eaa6dbdb99686,1080,pipeline,all,16728,76,1779,227432,111.05078125,8,0,1,2,32,,,,1788812245.8126104,,,,,,,,,32,130678999,3148946538,118232,32,121.854066,120.823975,144.679993,158.777954,108.253469,22.377524,77.947356,17.341686,52.892236,35.133869,5.12313,0.0,1920,,32,97128141,6085857241,106663,32,153.182737,130.592957,209.166992,592.450012,152.116913,20.867517,65.011604,67.779374,92.424012,81.33037,5.471296,0.0
observer,1,1,2456.3610849609377,5030627.502,1,345080.5,observer,168.317578,157.815979,205.309021,455.565002,2048,f580ef0be18fd8ea,720,pipeline,all,14984,76,552,232906,113.7236328125,9,0,1,2,32,,,,1788812246.2050185,,,,,,,,,32,38383728,1758888317,121518,32,79.30606,78.483032,92.238953,102.679993,70.060116,21.438325,55.665187,7.389686,19.362822,12.596107,4.825721,0.0,1280,,32,54654667,3154222517,107745,32,89.011518,78.994019,117.968994,344.97998,88.050375,19.753261,46.505983,28.930796,42.442338,36.247056,5.065015,0.0
observer,1,1,1118.1682768554688,2290008.631,0,274514.715027,observer,133.835011,127.857971,142.096008,294.251038,2048,78444727a6ea1325,720,pipeline,all,14984,76,94,62551,30.54248046875,10,0,1,2,12,,,,1788812246.5105479,,,,,,,,,12,0,0,0,12,48.906637,47.593018,53.513977,70.22699,0.0,0.0,0.0,0.0,0.0,0.0,0.0,0.0,1280,,12,0,0,0,12,84.928374,79.86499,87.52002,234.726013,0.0,0.0,0.0,0.0,0.0,0.0,0.0,0.0
observer,1,1,2280.2533110351565,4669958.781,1,533399.518982,observer,260.28751,249.283997,272.379028,482.106995,2048,5a2bef157e634ce9,1080,pipeline,all,15736,76,127,62511,30.52294921875,11,0,1,2,12,,,,1788812247.097609,,,,,,,,,12,2410810,1560824684,29307,12,95.62308,94.404053,105.815002,117.608032,91.684654,7.181982,13.085239,41.065565,75.464849,58.664061,5.340128,0.0,1920,,12,26163216,3055423100,29226,12,164.66443,154.52002,169.408997,345.420959,164.223353,6.983614,22.668231,101.928303,138.735397,119.554461,5.437114,0.0
observer,1,1,1124.4057421875,2302782.96,1,283324.381958,observer,138.203065,133.840027,158.728027,178.436951,2048,78444727a6ea1325,720,pipeline,all,14984,76,144,64626,31.5556640625,12,0,1,2,12,,,,1788812247.416908,,,,,,,,,12,1131175,728910799,30630,12,53.369993,53.124023,67.200012,71.217957,50.220396,8.398483,14.197868,18.191237,34.352448,24.211414,4.207093,0.0,1280,,12,13360983,1518467221,30016,12,84.833072,81.407959,92.880005,108.281006,84.40382,8.588181,15.925186,49.808563,65.92505,56.797257,4.872679,0.0
observer,1,1,2149.6074331054688,4402396.023,2,507682.462036,observer,247.741694,244.405029,262.408997,327.084961,2048,5a2bef157e634ce9,1080,pipeline,all,15996,76,157,62849,30.68798828125,13,0,1,2,12,,,,1788812247.977014,,,,,,,,,12,2019687,1385858580,28698,12,91.622874,94.42395,103.611023,110.715027,87.114579,8.318382,13.980347,40.822828,69.407967,50.479123,5.421883,612.26342,1920,,12,14727195,2959497067,30198,12,156.11882,150.672974,163.496948,208.796021,155.654989,8.097609,18.930529,102.214365,133.539096,114.494519,5.513237,1380.487532
observer,1,1,7513.011996582031,15386648.569,0,1666035.167969,observer,813.14899,800.124023,979.310974,1245.829041,2048,c72f5b5d2a6053ea,2160,pipeline,all,44632,76,301,60426,29.5048828125,14,0,1,2,12,,,,1788812249.847711,,,,,,,,,12,0,0,0,12,302.982936,322.596008,355.26001,414.625,0.0,0.0,0.0,0.0,0.0,0.0,0.0,0.0,3840,,12,0,0,0,12,510.166054,485.783997,627.499023,823.398987,0.0,0.0,0.0,0.0,0.0,0.0,0.0,0.0
observer,1,1,2547.3938715820314,5217062.649,2,355266.820007,observer,173.269001,162.164978,208.835022,443.481018,2048,f580ef0be18fd8ea,720,pipeline,all,14984,76,1179,231990,113.2763671875,15,0,1,2,32,,,,1788812250.2509143,,,,,,,,,32,52073417,1839067902,121774,32,81.94097,81.367981,95.004944,105.244019,72.607069,21.724769,57.536238,7.389361,20.524916,13.208944,5.317738,444.748885,1280,,32,56762709,3261080857,107160,32,91.328031,80.565979,119.682007,357.253052,90.355056,20.177779,47.865109,29.179647,43.141155,36.800358,5.498721,1197.824933
observer,1,1,15609.847208496094,31968967.083,2,1536662.611023,observer,749.969462,709.638,933.873047,1476.46698,2048,fdac8dfb663bdd5e,2160,pipeline,all,47736,76,3866,228219,111.43505859375,16,0,1,2,32,,,,1788812251.9710908,,,,,,,,,32,709871473,10440777555,119141,32,318.987224,315.77301,387.07196,431.607971,294.888452,25.798511,188.42399,76.268391,202.187405,145.383038,6.606176,4667.312602,3840,,32,216395658,21360245747,108515,32,430.982238,390.617981,595.526001,1109.845032,429.706323,24.725806,106.3984,270.65809,346.783482,313.41918,8.095746,10045.775216
observer,1,1,1115.3275590820313,2284190.841,2,280468.935974,observer,136.828834,134.270996,152.687012,202.874023,2048,78444727a6ea1325,720,pipeline,all,14984,76,127,63011,30.76708984375,17,0,1,2,12,,,,1788812252.284133,,,,,,,,,12,546903,727662975,30221,12,53.405922,54.305054,61.179016,69.204041,50.136923,9.175719,14.937561,18.243007,32.257937,23.219226,5.158504,285.376039,1280,,12,10199607,1501667769,28782,12,83.422912,79.644958,93.891968,139.670959,82.996122,8.306393,15.89827,49.736894,63.991018,55.47866,5.023796,672.070885
observer,1,1,2176.5374228515625,4457548.642,0,508127.134033,observer,247.901743,245.427002,280.273987,317.455994,2048,5a2bef157e634ce9,1080,pipeline,all,15716,76,227,62892,30.708984375,0,0,1,3,12,,,,1788812252.8539503,,,,,,,,,12,0,0,0,12,91.121223,92.138977,109.052002,121.116028,0.0,0.0,0.0,0.0,0.0,0.0,0.0,0.0,1920,,12,0,0,0,12,156.78052,152.546021,171.854004,218.093018,0.0,0.0,0.0,0.0,0.0,0.0,0.0,0.0
observer,1,1,7566.841627441407,15496891.653,2,1643792.234009,observer,802.380537,801.115967,886.151001,1112.018982,2048,c72f5b5d2a6053ea,2160,pipeline,all,43932,76,638,60284,29.435546875,1,0,1,3,12,,,,1788812254.6695147,,,,,,,,,12,9838269,5262204319,29047,12,301.585211,319.932007,349.437988,374.356995,296.135141,8.825025,16.868154,164.452638,275.926828,207.456556,6.106398,2493.853799,3840,,12,36057955,10171455329,27763,12,500.795326,486.134033,558.03302,797.588013,500.282317,8.239726,27.472174,379.740846,469.73399,407.442018,7.161459,4895.828676
observer,1,1,15766.437448242188,32289663.894,2,1641076.950989,observer,800.995306,714.026001,1155.71405,3036.425964,2048,fdac8dfb663bdd5e,2160,pipeline,all,47768,76,3424,227353,111.01220703125,2,0,1,3,32,,,,1788812256.4991465,,,,,,,,,32,710757832,10545973694,118564,32,318.892909,316.665039,387.682983,427.469971,295.071871,26.304016,187.688092,77.079083,204.132912,146.849593,6.397961,4714.83103,3840,,32,345925945,21576975739,107869,32,482.102397,390.768982,796.897949,2686.666992,480.857716,23.951829,163.59864,267.129202,350.517117,316.667713,7.87821,10150.218834
observer,1,1,15577.170096191407,31902044.357,1,1518872.622009,observer,741.306685,713.255005,909.205017,1394.929016,2048,fdac8dfb663bdd5e,2160,pipeline,all,47676,76,3549,226581,110.63525390625,3,0,1,3,32,,,,1788812258.2083097,,,,,,,,,32,679602081,10370053518,119138,32,317.711907,314.971008,381.781982,415.796997,293.199975,25.833057,185.738051,77.708936,203.511031,145.546971,5.920255,0.0,3840,,32,208666655,21359909782,106631,32,423.594779,393.734985,568.633972,1053.105042,422.331391,25.634651,102.476406,270.081352,343.944285,311.610582,6.21745,0.0
observer,1,1,7837.106325683594,16050393.755,1,1706924.822021,observer,833.166607,824.049988,900.278015,1192.97699,2048,c72f5b5d2a6053ea,2160,pipeline,all,44464,76,598,59609,29.10595703125,4,0,1,3,12,,,,1788812260.090719,,,,,,,,,12,14309459,5753943031,28285,12,320.821726,330.451965,356.473022,394.416016,315.167196,8.176704,16.124696,165.054316,296.566198,228.755358,5.66627,0.0,3840,,12,51325417,10232246357,27787,12,512.344882,494.540039,560.928955,844.921021,511.803977,8.05531,34.457399,380.211052,475.626057,410.960981,6.66256,0.0
observer,1,1,1108.801552734375,2270825.58,1,269262.234009,observer,131.326966,128.839966,143.086975,158.878052,2048,78444727a6ea1325,720,pipeline,all,14984,76,136,63448,30.98046875,5,0,1,3,12,,,,1788812260.392124,,,,,,,,,12,1080474,732098345,29220,12,48.968084,48.785034,57.000977,65.686951,46.223436,6.522099,11.851459,18.263386,32.179225,25.150865,4.217181,0.0,1280,,12,10015679,1490591570,30249,12,82.358882,80.025024,88.721985,99.542969,81.970509,6.942458,13.387545,49.818137,65.457096,56.122826,4.826664,0.0
observer,1,1,2155.63738671875,4414745.368,1,515811.274048,observer,251.696646,246.347961,273.971985,362.013,2048,5a2bef157e634ce9,1080,pipeline,all,16472,76,158,64091,31.29443359375,6,0,1,3,12,,,,1788812260.9670172,,,,,,,,,12,1847372,1373205690,30677,12,90.984214,93.781982,105.133972,117.507996,86.348832,8.872235,15.028951,40.791591,68.762658,50.274396,5.015124,0.0,1920,,12,25678800,2982005206,29454,12,160.712432,153.006958,173.447021,255.065002,160.26615,8.27649,21.76077,102.211632,136.062487,115.423158,5.035466,0.0
observer,1,1,1091.0119594726561,2234392.493,0,272460.835999,observer,132.839894,127.417969,148.537964,209.416992,2048,78444727a6ea1325,720,pipeline,all,14984,76,122,66722,32.5791015625,7,0,1,3,12,,,,1788812261.2742677,,,,,,,,,12,0,0,0,12,50.048915,49.305054,61.839966,68.291992,0.0,0.0,0.0,0.0,0.0,0.0,0.0,0.0,1280,,12,0,0,0,12,82.79098,78.513,89.96405,149.500977,0.0,0.0,0.0,0.0,0.0,0.0,0.0,0.0
observer,1,1,2527.2624970703123,5175833.594,1,377802.627991,observer,184.278365,161.343018,263.231018,698.747009,2048,f580ef0be18fd8ea,720,pipeline,all,14984,76,645,232805,113.67431640625,8,0,1,3,32,,,,1788812261.7001007,,,,,,,,,32,39391706,1814039753,121618,32,82.309032,79.875,99.281982,123.037964,72.987858,22.26788,58.197402,7.337443,20.262775,12.919815,4.915182,0.0,1280,,32,85683710,3241116845,107610,32,101.969332,80.837036,167.734985,549.968018,100.995921,20.356763,59.053064,28.939916,44.075194,37.237454,5.137954,0.0
observer,1,1,4598.096512207031,9416901.657,0,565592.919983,observer,275.940734,255.836975,363.296021,723.555054,2048,635eaa6dbdb99686,1080,pipeline,all,16980,76,1880,228169,111.41064453125,9,0,1,3,32,,,,1788812262.3404908,,,,,,,,,32,0,0,0,32,125.451613,123.169006,152.065002,167.926025,0.0,0.0,0.0,0.0,0.0,0.0,0.0,0.0,1920,,32,0,0,0,32,150.489121,131.705994,220.527954,576.29895,0.0,0.0,0.0,0.0,0.0,0.0,0.0,0.0
observer,1,1,8064.05290234375,16515180.344,0,1746521.489014,observer,852.500953,839.690002,922.23999,1155.022949,2048,c72f5b5d2a6053ea,2160,pipeline,all,43704,76,398,60045,29.31884765625,10,0,1,3,12,,,,1788812264.2635372,,,,,,,,,12,0,0,0,12,339.05961,339.628967,366.311035,399.947021,0.0,0.0,0.0,0.0,0.0,0.0,0.0,0.0,3840,,12,0,0,0,12,513.441343,500.130981,568.843994,791.426025,0.0,0.0,0.0,0.0,0.0,0.0,0.0,0.0
observer,1,1,4651.213513671875,9525685.276,2,546477.049988,observer,266.62085,251.979004,335.942993,625.875,2048,635eaa6dbdb99686,1080,pipeline,all,16704,76,1062,226141,110.42041015625,11,0,1,3,32,,,,1788812264.8832915,,,,,,,,,32,113141653,3256727628,116493,32,120.929471,120.013,143.447998,158.137024,107.718874,22.392343,77.089822,17.350228,53.492015,35.579359,5.629316,1163.555143,1920,,32,85908192,6139693812,106480,32,145.691379,131.073975,203.004028,486.354004,144.626985,21.302455,56.720103,67.901564,92.148831,81.284279,6.503749,2620.55286
observer,1,1,2525.7535009765625,5172743.17,2,360984.519958,observer,176.07221,163.197021,229.094971,445.074036,2048,f580ef0be18fd8ea,720,pipeline,all,14984,76,1186,232155,113.35693359375,12,0,1,3,32,,,,1788812265.2957175,,,,,,,,,32,60792630,1793661109,121993,32,83.224886,82.059021,97.579041,108.820984,73.882854,22.151234,58.707675,7.365533,19.847111,12.777695,5.395164,430.55817,1280,,32,63881865,3260961199,107138,32,92.847324,80.886963,132.22699,356.131042,91.850089,20.177018,49.407213,29.087677,43.171824,36.779181,5.58272,1196.593909
observer,1,1,4589.82130078125,9399954.024,1,557768.696045,observer,272.149151,252.800049,352.064026,686.041992,2048,635eaa6dbdb99686,1080,pipeline,all,16200,76,1296,227488,111.078125,13,0,1,3,32,,,,1788812265.930755,,,,,,,,,32,131925254,3190128805,117404,32,122.438271,120.705017,145.902954,161.153015,109.035558,22.356384,78.742073,17.316801,54.111098,35.689752,5.218751,0.0,1920,,32,95846343,6078187000,107125,32,149.71088,131.375,206.320984,538.334961,148.6303,21.147417,61.900333,67.307765,93.219626,81.444385,5.358129,0.0
observer,1,1,15375.818254882812,31489675.786,0,1547439.238037,observer,755.240503,704.689026,987.396973,1898.487,2048,fdac8dfb663bdd5e,2160,pipeline,all,47820,76,3425,228177,111.41455078125,14,0,1,3,32,,,,1788812267.663826,,,,,,,,,32,0,0,0,32,316.266843,313.83905,383.124023,426.338013,0.0,0.0,0.0,0.0,0.0,0.0,0.0,0.0,3840,,32,0,0,0,32,438.97366,387.984009,642.867981,1515.352966,0.0,0.0,0.0,0.0,0.0,0.0,0.0,0.0
observer,1,1,1173.7346928710938,2403808.651,2,293720.155029,observer,143.27452,134.251038,168.076965,208.425049,2048,78444727a6ea1325,720,pipeline,all,14984,76,323,64139,31.31787109375,15,0,1,3,12,,,,1788812267.9954865,,,,,,,,,12,2760808,796529095,29975,12,54.993302,52.572021,71.007019,76.738953,51.952083,7.687877,13.351495,18.247575,35.931323,26.5816,4.88282,325.093596,1280,,12,12151551,1555891642,30320,12,88.281218,81.608948,96.627014,136.304993,87.83652,8.094113,17.862682,49.821364,66.788423,57.69045,5.344592,698.595978
observer,1,1,2201.423908203125,4508516.164,2,523460.044983,observer,255.41926,250.816956,279.723022,357.994995,2048,5a2bef157e634ce9,1080,pipeline,all,15968,76,544,63513,31.01220703125,16,0,1,3,12,,,,1788812268.574933,,,,,,,,,12,5006821,1496955768,29736,12,95.605455,96.496948,108.400024,125.473022,91.345948,8.159589,15.120442,40.997441,73.570011,54.856149,5.359156,663.604511,1920,,12,14841119,2954563016,30183,12,159.813805,153.879028,180.340027,257.088989,159.321506,8.390423,18.435583,101.490681,136.949044,114.071641,6.409011,1375.480232
observer,1,1,2460.3794775390625,5038857.17,0,356292.187988,observer,173.759854,158.788025,224.846985,480.944031,2048,f580ef0be18fd8ea,720,pipeline,all,14984,76,676,232615,113.58154296875,17,0,1,3,32,,,,1788812268.981243,,,,,,,,,32,0,0,0,32,79.970194,78.822998,91.707947,106.046021,0.0,0.0,0.0,0.0,0.0,0.0,0.0,0.0,1280,,32,0,0,0,32,93.78966,79.263977,131.394958,398.393005,0.0,0.0,0.0,0.0,0.0,0.0,0.0,0.0
observer,1,1,7514.353979003906,15389396.949,0,1628314.429993,observer,794.706059,796.626953,891.341003,1043.305969,2048,c72f5b5d2a6053ea,2160,pipeline,all,44060,76,441,61153,29.85986328125,0,0,1,4,12,,,,1788812270.7774985,,,,,,,,,12,0,0,0,12,288.472408,309.642029,354.437988,377.782959,0.0,0.0,0.0,0.0,0.0,0.0,0.0,0.0,3840,,12,0,0,0,12,506.233651,495.262024,553.935974,730.429016,0.0,0.0,0.0,0.0,0.0,0.0,0.0,0.0
observer,1,1,15438.47729296875,31618001.496,1,1509979.187012,observer,736.943409,708.716003,949.744019,1285.03595,2048,fdac8dfb663bdd5e,2160,pipeline,all,47704,76,3844,228539,111.59130859375,1,0,1,4,32,,,,1788812272.4710386,,,,,,,,,32,701917180,10253527788,119351,32,314.819249,311.695984,374.697998,410.687012,290.615036,25.442969,184.085305,76.474581,199.532598,143.749157,6.041372,0.0,3840,,32,230670824,21193751673,108670,32,422.12416,391.330017,604.013,958.049988,420.84289,24.209519,103.072452,268.599486,346.69044,312.287864,7.458264,0.0
observer,1,1,2469.988996582031,5058537.465,0,357549.169006,observer,174.353518,160.460999,235.657959,469.32196,2048,f580ef0be18fd8ea,720,pipeline,all,14984,76,1008,232340,113.447265625,2,0,1,4,32,,,,1788812272.8760328,,,,,,,,,32,0,0,0,32,82.065078,80.125,96.888,117.759033,0.0,0.0,0.0,0.0,0.0,0.0,0.0,0.0,1280,,32,0,0,0,32,92.28844,79.934998,138.498962,353.275024,0.0,0.0,0.0,0.0,0.0,0.0,0.0,0.0
observer,1,1,4630.238214355469,9482727.863,0,561089.984009,observer,273.743753,253.843018,357.694031,776.147034,2048,635eaa6dbdb99686,1080,pipeline,all,16500,76,1039,226350,110.5224609375,3,0,1,4,32,,,,1788812273.5087106,,,,,,,,,32,0,0,0,32,122.926375,121.846985,143.248047,156.104004,0.0,0.0,0.0,0.0,0.0,0.0,0.0,0.0,1920,,32,0,0,0,32,150.817378,131.375,219.406006,630.664978,0.0,0.0,0.0,0.0,0.0,0.0,0.0,0.0
observer,1,1,2449.2241147460936,5016010.987,1,392222.356018,observer,191.321693,160.923035,258.051025,679.249023,2048,f580ef0be18fd8ea,720,pipeline,all,14984,76,740,233647,114.08544921875,4,0,1,4,32,,,,1788812273.950712,,,,,,,,,32,61267557,1720953351,122516,32,82.51584,80.496033,98.661011,123.730957,73.107358,22.096147,58.534071,7.290021,19.517053,12.470165,4.903197,0.0,1280,,32,156343795,3175097923,107644,32,108.805853,79.69397,162.57605,575.667969,107.759644,19.95378,66.521008,28.785328,43.106567,36.616593,5.125941,0.0
observer,1,1,8010.478878417969,16405460.743,1,1718639.109985,observer,838.881142,827.226013,950.406006,1189.488953,2048,c72f5b5d2a6053ea,2160,pipeline,all,44196,76,416,60168,29.37890625,5,0,1,4,12,,,,1788812275.8437934,,,,,,,,,12,10191097,5863336497,28472,12,326.504705,333.487976,363.906006,412.440979,320.357875,8.454956,16.603916,165.694804,301.119172,232.892629,5.90132,0.0,3840,,12,38176354,10476009002,27967,12,512.376437,496.364014,592.650024,850.630981,511.790903,8.158844,27.949311,384.174253,482.592714,420.62034,6.852402,0.0
observer,1,1,15575.969411132812,31899585.354,2,1574980.944031,observer,768.669255,722.022034,1072.843018,1637.981018,2048,fdac8dfb663bdd5e,2160,pipeline,all,48028,76,4033,228326,111.4873046875,6,0,1,4,32,,,,1788812277.607149,,,,,,,,,32,772383625,10320191232,119220,32,320.974847,318.689026,387.983032,432.940979,295.233816,26.485539,188.316617,76.106967,199.489599,143.264944,6.94972,4598.132023,3840,,32,298184711,21402226059,108733,32,447.694408,396.630981,710.659973,1354.178955,446.332742,25.731699,127.613977,265.963103,349.361098,314.068269,10.895282,10063.016158
observer,1,1,2176.3795244140624,4457225.266,1,511029.214966,observer,249.350526,247.150024,276.717041,356.641968,2048,5a2bef157e634ce9,1080,pipeline,all,16248,76,402,62562,30.5478515625,7,0,1,4,12,,,,1788812278.174294,,,,,,,,,12,5071456,1485074094,29245,12,92.969399,93.981995,106.937988,119.872986,88.668912,7.709662,13.810942,40.726804,72.195779,55.493509,4.976209,0.0,1920,,12,15784608,2915950555,29579,12,156.381127,152.385986,174.878967,244.724976,155.934128,7.596958,17.297505,101.174171,135.765083,113.701514,5.7091,0.0
observer,1,1,2544.257875488281,5210640.129,2,434037.612976,observer,211.747099,163.728027,318.208008,1095.137024,2048,f580ef0be18fd8ea,720,pipeline,all,14984,76,593,233297,113.91455078125,8,0,1,4,32,,,,1788812278.6627333,,,,,,,,,32,51009191,1807617059,121587,32,83.4188,81.667969,102.138,123.861023,74.006734,22.737256,59.034019,7.292936,19.701535,12.619253,5.512151,426.197304,1280,,32,145266387,3282006739,108101,32,128.328299,81.758972,228.333984,1000.713013,127.315648,20.88694,85.211093,28.679618,44.117716,37.048652,5.785779,1205.032758
observer,1,1,2175.6459877929688,4455722.983,0,515845.256958,observer,251.636209,246.498047,267.338989,377.994019,2048,5a2bef157e634ce9,1080,pipeline,all,16804,76,225,62782,30.6552734375,9,0,1,4,12,,,,1788812279.2379932,,,,,,,,,12,0,0,0,12,92.276922,93.85199,104.08197,114.663025,0.0,0.0,0.0,0.0,0.0,0.0,0.0,0.0,1920,,12,0,0,0,12,159.359286,152.05603,166.083008,274.563965,0.0,0.0,0.0,0.0,0.0,0.0,0.0,0.0
observer,1,1,2272.5862822265626,4654256.706,2,555604.080017,observer,271.104005,260.055054,309.721985,509.229004,2048,5a2bef157e634ce9,1080,pipeline,all,16732,76,189,65005,31.74072265625,10,0,1,4,12,,,,1788812279.8518505,,,,,,,,,12,1849750,1475842608,30986,12,98.435715,97.799988,119.382019,133.73999,93.703404,9.910518,16.225816,40.923344,74.442274,53.234345,5.771295,646.157612,1920,,12,31114879,3118145121,30060,12,172.66829,161.062012,196.402039,426.848999,172.221396,8.448328,25.683501,102.512078,144.564311,120.190057,5.532965,1449.03135
observer,1,1,1133.8349223632813,2322093.921,2,289568.233032,observer,141.255372,136.164001,159.660034,214.497009,2048,78444727a6ea1325,720,pipeline,all,14984,76,89,63494,31.0029296875,11,0,1,4,12,,,,1788812280.1758494,,,,,,,,,12,1009825,741918045,30002,12,54.447249,54.065002,62.781982,70.45697,51.295004,8.250169,14.05149,18.195888,34.494235,23.931016,4.841219,293.800615,1280,,12,15994981,1527459832,29454,12,86.808123,81.809021,97.909973,157.385986,86.391683,8.535921,17.416221,49.741401,66.074082,56.227043,5.053018,681.558093
observer,1,1,4597.846306640625,9416389.236,1,548898.900024,observer,267.811526,253.291016,343.406006,617.799011,2048,635eaa6dbdb99686,1080,pipeline,all,16532,76,1078,227042,110.8603515625,12,0,1,4,32,,,,1788812280.8029406,,,,,,,,,32,117898969,3203242021,117675,32,122.073142,121.395996,144.22998,161.444031,108.591405,22.281722,78.561703,17.340263,53.563362,35.723625,5.089511,0.0,1920,,32,88575495,6081908017,106203,32,145.738384,130.874023,203.846008,463.619995,144.655808,20.992688,58.391285,67.069065,92.510094,81.13839,5.288033,0.0
observer,1,1,1111.6307880859374,2276619.854,1,275627.202026,observer,134.445169,130.593994,148.408997,198.195007,2048,78444727a6ea1325,720,pipeline,all,14984,76,120,63025,30.77392578125,13,0,1,4,12,,,,1788812281.111211,,,,,,,,,12,1025141,739387549,29136,12,50.307617,49.276001,60.276978,66.820007,47.294698,7.319549,12.855735,18.35527,32.16276,25.153497,4.39327,0.0,1280,,12,10519222,1485384263,29894,12,84.137552,80.415955,92.600037,133.369019,83.681545,7.56867,15.386442,49.805085,65.404008,55.651507,4.92265,0.0
observer,1,1,15515.864614257813,31776490.73,0,1529755.763,observer,746.617435,713.524963,961.867981,1408.033997,2048,fdac8dfb663bdd5e,2160,pipeline,all,48092,76,3450,227818,111.2392578125,14,0,1,4,32,,,,1788812282.829701,,,,,,,,,32,0,0,0,32,318.822983,317.307007,380.369019,415.606995,0.0,0.0,0.0,0.0,0.0,0.0,0.0,0.0,3840,,32,0,0,0,32,427.794451,391.589966,614.04303,1032.104004,0.0,0.0,0.0,0.0,0.0,0.0,0.0,0.0
observer,1,1,7934.090766601563,16249017.89,2,1696602.954956,observer,828.107987,826.565002,912.250977,1116.007019,2048,c72f5b5d2a6053ea,2160,pipeline,all,44172,76,557,60077,29.33447265625,15,0,1,4,12,,,,1788812284.6872118,,,,,,,,,12,10210210,5797832493,28481,12,317.675984,329.910034,356.822998,387.742981,312.40906,8.327076,16.811464,164.959161,292.62543,229.323583,6.129297,2756.237996,3840,,12,38514740,10389273019,28021,12,510.432003,498.869019,563.593994,809.942993,509.919956,8.320329,27.313754,381.304019,479.685406,416.081174,7.787926,5000.059877
observer,1,1,1118.4453872070312,2290576.153,0,285562.643982,observer,139.226505,131.325012,162.416016,233.854004,2048,78444727a6ea1325,720,pipeline,all,14984,76,129,63851,31.17724609375,16,0,1,4,12,,,,1788812285.0054176,,,,,,,,,12,0,0,0,12,52.499349,50.538025,64.13501,72.0,0.0,0.0,0.0,0.0,0.0,0.0,0.0,0.0,1280,,12,0,0,0,12,86.727156,80.095032,100.64502,146.765015,0.0,0.0,0.0,0.0,0.0,0.0,0.0,0.0
observer,1,1,4700.459834960938,9626541.742,2,715584.057007,observer,349.177359,264.282959,671.313965,2779.728027,2048,635eaa6dbdb99686,1080,pipeline,all,17048,76,1979,227832,111.24609375,17,0,1,4,32,,,,1788812285.7995942,,,,,,,,,32,218226847,3244616261,118214,32,130.493664,127.086975,160.781982,191.460999,116.6837,23.968888,86.188488,16.902008,52.990573,34.190017,6.20097,1116.719797,1920,,32,329606455,6245761245,107307,32,218.683695,134.85199,532.383972,2643.963989,217.564141,22.321899,130.348133,65.662153,97.206504,82.825799,6.410035,2669.035514
